,round,model_id,MSE,MAE,MAPE (%),RMSE,runtime_sec,status,strategy,strategy_label
1205,1,global_aggregated,0.0005920242166699849,0.005728810786912176,4.4215719272482445,0.024331547765606382,1.5996964000005391,ok,fill_mean,Fill with column mean
1211,2,global_aggregated,0.0005876594432980747,0.005027503971630182,6.624875531882342,0.02424168812805896,1.6318566999998438,ok,fill_mean,Fill with column mean
1217,3,global_aggregated,0.0006176033723735932,0.006816268325553106,6.537431691905544,0.024851627157463817,1.4838012000000163,ok,fill_mean,Fill with column mean
1223,4,global_aggregated,0.0006935370124641655,0.00737750465975024,5.478659013026103,0.026335090895308593,2.0127771999996185,ok,fill_mean,Fill with column mean
1229,5,global_aggregated,0.0006363830891426194,0.006096968037366418,5.082023677679237,0.025226634518750603,1.8590946000003896,ok,fill_mean,Fill with column mean
1235,6,global_aggregated,0.0006492567963885059,0.007194669029049717,6.449172976257983,0.02548051797724108,1.8051281000007293,ok,fill_mean,Fill with column mean
1241,7,global_aggregated,0.000609358416678252,0.0048074038940564365,5.613997268976185,0.024685186178723707,1.586021699999037,ok,fill_mean,Fill with column mean
1247,8,global_aggregated,0.0007937597246947286,0.01297836585318177,7.935688662637272,0.028173741758856393,1.5121407000006002,ok,fill_mean,Fill with column mean
1253,9,global_aggregated,0.0007471705420677807,0.012394051238601473,7.3285323577169255,0.02733442046336049,2.0480378000011115,ok,fill_mean,Fill with column mean
1259,10,global_aggregated,0.000696103531364221,0.008759505720458388,4.913417882050744,0.026383774016698613,1.6361871999997675,ok,fill_mean,Fill with column mean
1265,11,global_aggregated,0.0006105891443501719,0.005569942277254967,4.951231771433787,0.02471010207081654,1.709658900001159,ok,fill_mean,Fill with column mean
1271,12,global_aggregated,0.0010868173883033744,0.018637640672072794,10.752053948774929,0.03296691353923467,1.722448099999383,ok,fill_mean,Fill with column mean
1277,13,global_aggregated,0.0006364182241411487,0.006335606826412264,5.728221345941151,0.02522733089609657,1.8155775000013818,ok,fill_mean,Fill with column mean
1283,14,global_aggregated,0.000597012044777743,0.009728472609017425,7.841687332014885,0.02443382992446626,1.763616699998238,ok,fill_mean,Fill with column mean
1289,15,global_aggregated,0.0006271049097269961,0.007953533837273454,5.877586401128658,0.025042062808942,1.5932071000006545,ok,fill_mean,Fill with column mean
1295,16,global_aggregated,0.0007373904739065124,0.009628614339368452,7.348505219140875,0.027154934614292713,1.6767978000007133,ok,fill_mean,Fill with column mean
1301,17,global_aggregated,0.000753094136825603,0.010733313014135593,7.046444950214125,0.027442560682735186,1.5485719999996945,ok,fill_mean,Fill with column mean
1307,18,global_aggregated,0.0006051534171757485,0.006451690049235264,6.845205857322097,0.02459986620239526,1.6861888000003091,ok,fill_mean,Fill with column mean
1313,19,global_aggregated,0.0007640179581413911,0.010527480454350617,6.777485625124107,0.027640874771638308,1.7510604000017338,ok,fill_mean,Fill with column mean
1319,20,global_aggregated,0.0007949558324403387,0.013720324188024897,8.470442523401884,0.028194961117907907,1.629322199998569,ok,fill_mean,Fill with column mean
1325,21,global_aggregated,0.0007913496971225562,0.013662138290541272,7.515838074480451,0.028130938433023455,1.6781651999990572,ok,fill_mean,Fill with column mean
1331,22,global_aggregated,0.0011419630449748426,0.022991607813040927,15.349789093490287,0.03379294371573513,1.6883197000006476,ok,fill_mean,Fill with column mean
1337,23,global_aggregated,0.0006977533779136371,0.009714141357142759,7.7598697153509075,0.026415021823077055,1.478263799999695,ok,fill_mean,Fill with column mean
1343,24,global_aggregated,0.0006831963579920137,0.008638190506950876,4.157484000129312,0.026138025135652727,1.4784127000002627,ok,fill_mean,Fill with column mean
1349,25,global_aggregated,0.0007709834390538117,0.01164473690562713,8.726604138289195,0.02776658853827405,1.4809318000006897,ok,fill_mean,Fill with column mean
1355,26,global_aggregated,0.0008384881906577049,0.016496040738548903,8.544561422290945,0.028956660557766408,2.098038899999665,ok,fill_mean,Fill with column mean
1361,27,global_aggregated,0.0006009035115986004,0.007886925921569919,8.047569352959645,0.024513333343276683,1.5382358000006207,ok,fill_mean,Fill with column mean
1367,28,global_aggregated,0.0006659587055401791,0.00973857325789813,7.038930928824872,0.02580617572481787,1.753378100000191,ok,fill_mean,Fill with column mean
1373,29,global_aggregated,0.0006528555368791373,0.01000751308075774,9.202084744579478,0.025551037882621076,1.5301718000009714,ok,fill_mean,Fill with column mean
1379,30,global_aggregated,0.0006965784133392975,0.01005280970270646,6.262276511334068,0.026392771990438924,1.547685999999885,ok,fill_mean,Fill with column mean
1385,31,global_aggregated,0.0006828087999510946,0.01004617979110242,8.2647579684669,0.026130610401425655,1.9123022000003402,ok,fill_mean,Fill with column mean
1391,32,global_aggregated,0.0011006530733195508,0.01774194917828907,9.173316659895473,0.03317609189340346,1.962252699999226,ok,fill_mean,Fill with column mean
1397,33,global_aggregated,0.000810034051984856,0.012809744225773642,7.159891623491848,0.028461097167622615,1.6438121999999566,ok,fill_mean,Fill with column mean
1403,34,global_aggregated,0.0007802478925125234,0.012596471599014301,8.119330821220874,0.027932917722868184,1.553238099999362,ok,fill_mean,Fill with column mean
1409,35,global_aggregated,0.000850236927690381,0.013185809585902313,9.063737658640079,0.029158822467486252,1.6544666999998299,ok,fill_mean,Fill with column mean
1415,36,global_aggregated,0.0007763275590226118,0.011425823059132145,6.72426162142188,0.02786265527588158,1.610550900000817,ok,fill_mean,Fill with column mean
1421,37,global_aggregated,0.0008202203960282098,0.012749032472912659,8.123907350678149,0.028639490149585584,1.6072499000001699,ok,fill_mean,Fill with column mean
1427,38,global_aggregated,0.0008462462790074192,0.013795095799490748,7.4762000366564125,0.029090312459776353,1.6474398999998812,ok,fill_mean,Fill with column mean
1433,39,global_aggregated,0.0011289504004584484,0.019859190910372644,8.820092506877582,0.03359985714937563,1.4963899999984278,ok,fill_mean,Fill with column mean
1439,40,global_aggregated,0.0008294125759965288,0.013200684115073389,6.694992941336142,0.02879952388489311,2.1576811999984784,ok,fill_mean,Fill with column mean
1445,41,global_aggregated,0.0007398760013222438,0.011252740919235251,7.739768349043996,0.02720066178096121,1.6154185999985202,ok,fill_mean,Fill with column mean
1451,42,global_aggregated,0.0007741502675388738,0.010906929119404168,7.36721262589268,0.027823555982995303,1.497825099999318,ok,fill_mean,Fill with column mean
1457,43,global_aggregated,0.0011847931409601806,0.021515589571842696,9.847943777524733,0.034420824234178075,1.971056000000317,ok,fill_mean,Fill with column mean
1463,44,global_aggregated,0.0007571351292180031,0.010992866972887604,5.9333413353588105,0.02751608855229978,1.5820996999991621,ok,fill_mean,Fill with column mean
1469,45,global_aggregated,0.0008108604854834277,0.012219587381819075,8.684614533329205,0.028475612117800517,1.498070600000574,ok,fill_mean,Fill with column mean
1475,46,global_aggregated,0.0008324566856643833,0.012639362176135538,7.137686305346621,0.028852325481048893,1.5622031000002607,ok,fill_mean,Fill with column mean
1481,47,global_aggregated,0.0006764789337962255,0.010200001797981657,9.514684710653645,0.02600920863456298,1.631199800000104,ok,fill_mean,Fill with column mean
1487,48,global_aggregated,0.0007746304473677434,0.011968104671466397,9.159270290522157,0.027832183661504955,1.624947100001009,ok,fill_mean,Fill with column mean
1493,49,global_aggregated,0.0008031325746426003,0.01252216807338708,5.422767082057792,0.02833959376283648,1.5989428000011685,ok,fill_mean,Fill with column mean
1499,50,global_aggregated,0.0007550940473032036,0.012245521548760243,9.758636927324735,0.027478974640681254,1.594476600001144,ok,fill_mean,Fill with column mean
1505,51,global_aggregated,0.0007457940586962399,0.011364619086592066,7.912518089645514,0.027309230283847984,1.7216007999995782,ok,fill_mean,Fill with column mean
1511,52,global_aggregated,0.0008041595204970812,0.013175992274206318,10.821376782305725,0.02835770654508367,1.7130208000016864,ok,fill_mean,Fill with column mean
1517,53,global_aggregated,0.0009555584569413622,0.016201780878710218,9.281276820208227,0.030912108581288372,1.5565417999969213,ok,fill_mean,Fill with column mean
1523,54,global_aggregated,0.0006915929387353945,0.01042230612149412,8.445017382954351,0.02629815466407091,1.8760253000000375,ok,fill_mean,Fill with column mean
1529,55,global_aggregated,0.0009596030459556794,0.016209377263034307,8.87328889655669,0.030977460288985594,1.8626062000003003,ok,fill_mean,Fill with column mean
1535,56,global_aggregated,0.0007124624155850921,0.011382436647562158,10.780619983197573,0.026691991600198965,1.8189695999972173,ok,fill_mean,Fill with column mean
1541,57,global_aggregated,0.0009314012641139135,0.01550095252744854,7.08190422141306,0.03051886734651064,1.7430176000016218,ok,fill_mean,Fill with column mean
1547,58,global_aggregated,0.0008934157624948248,0.014638314999848745,7.925560526147627,0.029890061266160443,2.0020149999982095,ok,fill_mean,Fill with column mean
1553,59,global_aggregated,0.0009712045529796734,0.015581745204336682,7.730794346229642,0.031164154937679177,2.1783518999982334,ok,fill_mean,Fill with column mean
1559,60,global_aggregated,0.0009718951761638278,0.016275927887038584,7.904347692639897,0.03117523337785666,2.126129000000219,ok,fill_mean,Fill with column mean
1565,61,global_aggregated,0.0012413537553362729,0.02138314341139144,8.865637600886506,0.03523285051392057,1.804215000000113,ok,fill_mean,Fill with column mean
1571,62,global_aggregated,0.000841529639915094,0.01351124754652476,7.636568923528672,0.029009130285396253,1.6062786000002234,ok,fill_mean,Fill with column mean
1577,63,global_aggregated,0.0008934965707483417,0.014705366143700917,8.214745565464545,0.02989141299350604,1.5909672000016144,ok,fill_mean,Fill with column mean
1583,64,global_aggregated,0.0006708178767320714,0.00988056370598744,7.775412461769219,0.025900152060018323,2.0711964999973134,ok,fill_mean,Fill with column mean
1589,65,global_aggregated,0.0008587810810598218,0.014288730844936343,7.472331795526786,0.029304966832600608,1.7822812999984308,ok,fill_mean,Fill with column mean
1595,66,global_aggregated,0.0008053335414278425,0.012654042317193767,5.576621844128963,0.028378399204814962,1.6114213000000746,ok,fill_mean,Fill with column mean
1601,67,global_aggregated,0.0007926166661283365,0.011634214911797721,7.117606169625569,0.028153448565465946,1.807645799999591,ok,fill_mean,Fill with column mean
1607,68,global_aggregated,0.0010578978735412657,0.018025420373531123,7.580722502804093,0.032525342020358,1.6290179999996326,ok,fill_mean,Fill with column mean
1613,69,global_aggregated,0.0008304833382804122,0.013455381965880264,8.896250080495724,0.028818107819223875,1.7606909999994969,ok,fill_mean,Fill with column mean
1619,70,global_aggregated,0.0009252544296913934,0.01583815691482915,7.143369724704445,0.03041799516226198,1.534849799998483,ok,fill_mean,Fill with column mean
1625,71,global_aggregated,0.0008840539291650746,0.013997442381572212,7.8247706694995,0.02973304439785934,1.982260699998733,ok,fill_mean,Fill with column mean
1631,72,global_aggregated,0.0009590284076517298,0.01687447095524148,7.130396678194549,0.030968183796466493,1.7417533000007097,ok,fill_mean,Fill with column mean
1637,73,global_aggregated,0.0008332992138222613,0.012741186536880977,6.5781965500968544,0.02886692248616505,1.8008147999971698,ok,fill_mean,Fill with column mean
1643,74,global_aggregated,0.0010823077091078348,0.018356407621677746,8.393095559736487,0.032898445390441095,1.6393611999992572,ok,fill_mean,Fill with column mean
1649,75,global_aggregated,0.0007543094240584449,0.011232955279350743,8.273023457644229,0.027464694137354688,1.4936004000010143,ok,fill_mean,Fill with column mean
1655,76,global_aggregated,0.001473771508283467,0.026696486259070413,12.629258907898928,0.03838973180791274,1.8783717000005709,ok,fill_mean,Fill with column mean
1661,77,global_aggregated,0.0009314579605176008,0.014676709298353238,9.581015677365366,0.03051979620701293,1.8053146000020206,ok,fill_mean,Fill with column mean
1667,78,global_aggregated,0.001037861469074713,0.017901454623068188,9.11888144292921,0.03221585741641394,1.5288221000009798,ok,fill_mean,Fill with column mean
1673,79,global_aggregated,0.0008572140640431441,0.01310883670130534,6.800372986956687,0.029278218252536202,1.8592153999998118,ok,fill_mean,Fill with column mean
1679,80,global_aggregated,0.0008306428120754645,0.013231587727806443,8.413528199211578,0.028820874589010385,1.6324400999983482,ok,fill_mean,Fill with column mean
1685,81,global_aggregated,0.0009680261767483812,0.015062685744810907,8.225425392890308,0.03111311904564345,1.5365185999980895,ok,fill_mean,Fill with column mean
1691,82,global_aggregated,0.0009513970618340782,0.01542314139762466,8.799171141769472,0.03084472502445237,1.957339900000079,ok,fill_mean,Fill with column mean
1697,83,global_aggregated,0.000979152255983037,0.0159177905877431,7.009674370281909,0.03129140866089344,1.8131666999979643,ok,fill_mean,Fill with column mean
1703,84,global_aggregated,0.0009497518760662626,0.015291202473135777,8.434842003604718,0.030818044650273685,1.5769841999972414,ok,fill_mean,Fill with column mean
1709,85,global_aggregated,0.0010246488136029385,0.01585229709830233,8.757660404702865,0.03201013610722295,1.63187040000048,ok,fill_mean,Fill with column mean
1715,86,global_aggregated,0.0009231146895122098,0.015083456940121401,7.0721899784417355,0.03038280252893419,1.5469694999992498,ok,fill_mean,Fill with column mean
1721,87,global_aggregated,0.0011938238417328387,0.020727388452955922,9.251530764896387,0.03455175598624242,1.8382257999983267,ok,fill_mean,Fill with column mean
1727,88,global_aggregated,0.0009064538736591363,0.014484677070311175,7.627145887211491,0.03010737241373176,1.6968935000004421,ok,fill_mean,Fill with column mean
1733,89,global_aggregated,0.0009719271245527834,0.016312888691520862,8.616320798352533,0.031175745773802804,1.6805741999996826,ok,fill_mean,Fill with column mean
1739,90,global_aggregated,0.0008794646453098836,0.014190496962707314,8.713112474941349,0.02965576917414019,1.5147873000023537,ok,fill_mean,Fill with column mean
1745,91,global_aggregated,0.0010943312359132248,0.018626689152801856,8.854396845663876,0.03308067768219425,1.5772354000000632,ok,fill_mean,Fill with column mean
1751,92,global_aggregated,0.0011093851610492447,0.019061837547001928,8.286437127233677,0.033307434020789485,1.6194064000010258,ok,fill_mean,Fill with column mean
1757,93,global_aggregated,0.001222668399602645,0.020640888607103555,8.400604441477734,0.03496667555834619,1.5504478000002564,ok,fill_mean,Fill with column mean
1763,94,global_aggregated,0.0012055757739771837,0.020034741874787855,10.062512079477559,0.034721402246700575,1.7430332000003546,ok,fill_mean,Fill with column mean
1769,95,global_aggregated,0.0009400313470480682,0.01502932072758957,8.043578881432776,0.030659930643236428,2.1414306000006036,ok,fill_mean,Fill with column mean
1775,96,global_aggregated,0.0008599067583857517,0.013227976111738088,7.462363685892097,0.029324166797809477,1.5759041000019351,ok,fill_mean,Fill with column mean
1781,97,global_aggregated,0.0009777235068577034,0.015916411005977845,7.48265208852669,0.031268570591853145,1.478844900000695,ok,fill_mean,Fill with column mean
1787,98,global_aggregated,0.0011424347812069818,0.01968989566072998,8.75953147558532,0.033799922798831684,1.790650299997651,ok,fill_mean,Fill with column mean
1793,99,global_aggregated,0.001055019432670748,0.017914883702819857,8.106556608449315,0.03248106267767032,1.4820472999999765,ok,fill_mean,Fill with column mean
1799,100,global_aggregated,0.0008892830874531693,0.014007996653953053,9.747487754595136,0.029820849878116642,1.5275881999987178,ok,fill_mean,Fill with column mean
1200,1,user_0,0.001004594219011679,0.009330293180194862,2.0218349227061,0.031695334341377106,9.954560299998775,ok,fill_mean,Fill with column mean
1206,2,user_0,0.0009727860857790264,0.008781642813704013,1.9035413292513435,0.03118951884494255,9.866218900000604,ok,fill_mean,Fill with column mean
1212,3,user_0,0.0010187446150190613,0.008801732019709137,1.7152653271701592,0.03191777898004592,10.072854600000937,ok,fill_mean,Fill with column mean
1218,4,user_0,0.0010950282941795885,0.010272250123836868,2.0761986985525365,0.03309121173634457,10.003527999999278,ok,fill_mean,Fill with column mean
1224,5,user_0,0.001030187120914034,0.013692266328710347,3.650156126634375,0.032096528175396696,10.2966794999993,ok,fill_mean,Fill with column mean
1230,6,user_0,0.0011183951095347314,0.017783439480656332,4.26231770550258,0.03344241482810013,10.613727500000095,ok,fill_mean,Fill with column mean
1236,7,user_0,0.0011098386141825515,0.00997628824608023,1.982273122435997,0.03331424041130987,10.291034500000023,ok,fill_mean,Fill with column mean
1242,8,user_0,0.0016627264080759337,0.016671932719620565,3.2011733396636552,0.040776542375193285,10.36531449999893,ok,fill_mean,Fill with column mean
1248,9,user_0,0.0009252657766417721,0.008163309447587008,1.6998933847137168,0.030418181678755422,10.31844799999999,ok,fill_mean,Fill with column mean
1254,10,user_0,0.001047774157204428,0.012455537704455072,2.9717973910015303,0.0323693397709071,10.59841090000009,ok,fill_mean,Fill with column mean
1260,11,user_0,0.0010802046114825185,0.008834889031356563,1.5478666809297588,0.0328664663674469,10.352128600001379,ok,fill_mean,Fill with column mean
1266,12,user_0,0.0011025451810384801,0.012678145734917174,3.1877470412186177,0.03320459578188658,10.547971400001188,ok,fill_mean,Fill with column mean
1272,13,user_0,0.0011331282066329438,0.012607955994611562,2.477354154987581,0.03366196973786507,10.494804300000396,ok,fill_mean,Fill with column mean
1278,14,user_0,0.0009444548874109501,0.011395903138429976,2.819229942613784,0.03073198476198617,10.163136000001032,ok,fill_mean,Fill with column mean
1284,15,user_0,0.0012288497020645419,0.011835383913532192,2.2516730760211674,0.035054952603940884,10.281770300000062,ok,fill_mean,Fill with column mean
1290,16,user_0,0.0015049074633892972,0.014705895645873495,2.7664340794469364,0.03879313680780786,10.126460900000893,ok,fill_mean,Fill with column mean
1296,17,user_0,0.0010380290329079528,0.01126759993713067,2.5639809290022018,0.03221845795360096,10.152150500000062,ok,fill_mean,Fill with column mean
1302,18,user_0,0.0012165432189263936,0.011924792333312818,2.5054586970269117,0.034878979614180135,10.071046400000341,ok,fill_mean,Fill with column mean
1308,19,user_0,0.0013813864101383455,0.015471609936689666,3.2868538314332896,0.03716700701076622,10.017682200001218,ok,fill_mean,Fill with column mean
1314,20,user_0,0.0009219181561659341,0.008777679195006334,1.7050856608113265,0.030363105179904346,10.238805299999512,ok,fill_mean,Fill with column mean
1320,21,user_0,0.001171891162247245,0.011141731198290943,2.198881257590615,0.03423289590798951,10.019131700000798,ok,fill_mean,Fill with column mean
1326,22,user_0,0.001231327799425714,0.011306735564117218,2.4827397471152373,0.035090280697448316,9.928380700001071,ok,fill_mean,Fill with column mean
1332,23,user_0,0.0012962772431233127,0.013340563852007617,2.9098689625731744,0.03600385039302481,10.695304299999407,ok,fill_mean,Fill with column mean
1338,24,user_0,0.0013004741893523027,0.014224080561704428,3.229625036012233,0.03606208797826747,10.390227899999445,ok,fill_mean,Fill with column mean
1344,25,user_0,0.0011662218875317498,0.011075368103583555,2.3460121492312367,0.03414999103267451,10.3818181000006,ok,fill_mean,Fill with column mean
1350,26,user_0,0.0011417099161487882,0.015281981045508925,3.608932844954435,0.03378919821701586,10.54406729999937,ok,fill_mean,Fill with column mean
1356,27,user_0,0.0008307486566227787,0.006582288631196156,1.4314260637938454,0.028822710778529815,10.52142989999993,ok,fill_mean,Fill with column mean
1362,28,user_0,0.0009953970839414335,0.013070950239187433,3.1071603634398643,0.03154991416694241,10.536158799999612,ok,fill_mean,Fill with column mean
1368,29,user_0,0.0009140167702427176,0.010855396916940702,2.7911983264724123,0.030232710269552706,10.308382200000779,ok,fill_mean,Fill with column mean
1374,30,user_0,0.0009067637794109821,0.011012666251875951,2.75032105640909,0.030112518649408622,10.541491199999655,ok,fill_mean,Fill with column mean
1380,31,user_0,0.0011476294289055435,0.013777155154413525,3.1934304929995863,0.033876679720798254,9.720786300000327,ok,fill_mean,Fill with column mean
1386,32,user_0,0.0016367771794478085,0.022954251844088135,5.387720756057101,0.040457102954213224,9.735580099999424,ok,fill_mean,Fill with column mean
1392,33,user_0,0.0013112339748200619,0.02078946982801634,5.0330313217039215,0.036210964842434974,10.130644300001222,ok,fill_mean,Fill with column mean
1398,34,user_0,0.0012545982278902967,0.016308903794029307,3.5486310388287987,0.03542030812811058,9.9517065,ok,fill_mean,Fill with column mean
1404,35,user_0,0.001539482655234921,0.022039273385898325,5.24167473966353,0.039236241604349936,9.904101199999786,ok,fill_mean,Fill with column mean
1410,36,user_0,0.0012323146672612913,0.01698663020159861,3.8136810810365462,0.03510433972119817,9.940303600000334,ok,fill_mean,Fill with column mean
1416,37,user_0,0.0012406166746990123,0.016696774312333414,3.7883377927122304,0.03522238882726458,10.29118820000076,ok,fill_mean,Fill with column mean
1422,38,user_0,0.001501183887586806,0.021299421020117393,5.088570747800011,0.03874511437054749,10.649426199999652,ok,fill_mean,Fill with column mean
1428,39,user_0,0.0015745629204152666,0.023562670652615924,5.7926610875508375,0.03968076259871106,10.347499400000743,ok,fill_mean,Fill with column mean
1434,40,user_0,0.0011219424591241204,0.014926635440392397,3.4177482876243657,0.033495409523158846,10.065102399999887,ok,fill_mean,Fill with column mean
1440,41,user_0,0.0017247362695240196,0.026964656256420208,6.82913875648328,0.041529944251395515,10.435532600000442,ok,fill_mean,Fill with column mean
1446,42,user_0,0.0018004636699718677,0.026604490116399742,6.401006173399376,0.04243187092236056,10.451866400000654,ok,fill_mean,Fill with column mean
1452,43,user_0,0.001261710632006187,0.01714064857342635,3.8307696999862433,0.03552056632440123,10.659855500000049,ok,fill_mean,Fill with column mean
1458,44,user_0,0.0012264689517228627,0.015395995934536635,3.5839594724172996,0.03502097873736345,10.352299899999707,ok,fill_mean,Fill with column mean
1464,45,user_0,0.001459919044646159,0.02099667041710516,4.830351943637497,0.03820888698517871,10.448844800001098,ok,fill_mean,Fill with column mean
1470,46,user_0,0.0017830990668222552,0.027359125654604695,7.1512927603164425,0.042226757711458916,10.391079600000012,ok,fill_mean,Fill with column mean
1476,47,user_0,0.0012433821088815753,0.01564651582826928,3.5104929602603447,0.03526162374142143,10.169133499999589,ok,fill_mean,Fill with column mean
1482,48,user_0,0.001336923843229284,0.018908504447498947,4.396576665346145,0.03656396919412995,10.626470400000471,ok,fill_mean,Fill with column mean
1488,49,user_0,0.0015333481916852262,0.023749416506753215,6.067462788999804,0.0391579901384791,10.287480699998923,ok,fill_mean,Fill with column mean
1494,50,user_0,0.0017360964317129593,0.027226314727070492,6.789532866290221,0.04166649051351649,10.511898399998245,ok,fill_mean,Fill with column mean
1500,51,user_0,0.0010598639847457494,0.014096723742531616,3.303944970670318,0.03255555228752462,9.894154499999786,ok,fill_mean,Fill with column mean
1506,52,user_0,0.0013282642340192927,0.019977925238428233,4.700376616181105,0.03644535956770481,10.004037500002596,ok,fill_mean,Fill with column mean
1512,53,user_0,0.0014271816080400712,0.022107254194396776,5.284020168207473,0.03777805722956212,10.283184799998708,ok,fill_mean,Fill with column mean
1518,54,user_0,0.0011240707259157485,0.016201096884970588,3.840561301603392,0.03352716400048994,10.150250699996832,ok,fill_mean,Fill with column mean
1524,55,user_0,0.001340178722994707,0.021689200217305835,5.58263881501172,0.03660845152413179,9.909242800000357,ok,fill_mean,Fill with column mean
1530,56,user_0,0.0012414610954748816,0.017969893496996472,4.189274838519965,0.035234373777248855,10.283020899998519,ok,fill_mean,Fill with column mean
1536,57,user_0,0.0018853283925024734,0.03042779394356399,8.21156606556657,0.04342036840588151,10.122603499999968,ok,fill_mean,Fill with column mean
1542,58,user_0,0.001332635078846649,0.01997020374045971,4.630428661079013,0.03650527467156834,9.924715499997546,ok,fill_mean,Fill with column mean
1548,59,user_0,0.001696449330306959,0.027595518066374173,7.060508183596287,0.04118797555485046,10.301448800000799,ok,fill_mean,Fill with column mean
1554,60,user_0,0.0012682212905042404,0.01842423914873392,4.19715555478234,0.035612094722218185,10.481179200000042,ok,fill_mean,Fill with column mean
1560,61,user_0,0.001714650670094556,0.026543775110331885,6.426076239380023,0.041408340586101204,10.64072799999849,ok,fill_mean,Fill with column mean
1566,62,user_0,0.001270871462754563,0.01981279416963265,4.818979010730378,0.03564928418291962,10.588059599998815,ok,fill_mean,Fill with column mean
1572,63,user_0,0.001596559876944076,0.025500644645476394,6.399256982713837,0.03995697532276531,10.601660800002719,ok,fill_mean,Fill with column mean
1578,64,user_0,0.0018150497601162041,0.02930914907860175,7.6782351506033635,0.04260340080458606,10.192497799998819,ok,fill_mean,Fill with column mean
1584,65,user_0,0.0013343532169472203,0.020695220310144206,5.003121321737186,0.03652879982900096,10.44462520000161,ok,fill_mean,Fill with column mean
1590,66,user_0,0.0019035849782793016,0.031213118359275264,8.456707981108966,0.04363009257701961,10.388708899998164,ok,fill_mean,Fill with column mean
1596,67,user_0,0.001846744211770914,0.027954556600017062,6.731223634496251,0.04297376189922071,10.434996700001648,ok,fill_mean,Fill with column mean
1602,68,user_0,0.0015736773440196584,0.02335273234940159,5.273818417547399,0.039669602266970846,9.997478299999784,ok,fill_mean,Fill with column mean
1608,69,user_0,0.0018890276864865316,0.029256759666946453,7.577872765380649,0.04346294613215413,10.055592799999431,ok,fill_mean,Fill with column mean
1614,70,user_0,0.0015442746955931597,0.022036659340959445,4.942221857255065,0.03929726066271235,10.074992600002588,ok,fill_mean,Fill with column mean
1620,71,user_0,0.0016214279647772626,0.025280259701479464,6.137868295994019,0.04026695872272033,10.041053400000237,ok,fill_mean,Fill with column mean
1626,72,user_0,0.0018793660590942815,0.028518360045056878,7.4743303589147745,0.043351655782614365,10.533275600002526,ok,fill_mean,Fill with column mean
1632,73,user_0,0.001703776674981736,0.025522768432384334,6.149224036567638,0.04127682975934242,10.327548400000524,ok,fill_mean,Fill with column mean
1638,74,user_0,0.0016732546486524819,0.026900997869457422,6.895733099632392,0.0409054354414237,10.223552700001164,ok,fill_mean,Fill with column mean
1644,75,user_0,0.0016492039662227651,0.022113143280410242,4.972422241910995,0.04061039234263522,9.949524499999825,ok,fill_mean,Fill with column mean
1650,76,user_0,0.0017838803234460272,0.02804171664349286,6.916670889220365,0.04223600742785742,10.122842099997797,ok,fill_mean,Fill with column mean
1656,77,user_0,0.002596555420317274,0.02884185307374494,6.519773699512582,0.050956407058556176,10.345739000000322,ok,fill_mean,Fill with column mean
1662,78,user_0,0.0019473151085086576,0.0287303545485232,7.274780984627706,0.04412839345034734,10.322524600000179,ok,fill_mean,Fill with column mean
1668,79,user_0,0.0019086845022550708,0.02748414608338753,6.531225563219052,0.04368849393438816,10.474279000001843,ok,fill_mean,Fill with column mean
1674,80,user_0,0.0017531428618026152,0.028283020259884845,7.279309232736642,0.04187054885958166,10.56555389999994,ok,fill_mean,Fill with column mean
1680,81,user_0,0.001992982935764655,0.030419252870945414,7.576752088316076,0.04464283745198836,10.412538000000495,ok,fill_mean,Fill with column mean
1686,82,user_0,0.003910418980785655,0.027885221085279008,6.182948984490462,0.06253334295226551,10.826150900000357,ok,fill_mean,Fill with column mean
1692,83,user_0,0.002837649044430785,0.034062856129890275,8.53039789336746,0.05326958836363188,11.350858099998732,ok,fill_mean,Fill with column mean
1698,84,user_0,0.002118562748476522,0.024911677917663355,5.694388736859591,0.04602784753251581,10.699980099998356,ok,fill_mean,Fill with column mean
1704,85,user_0,0.004484245121531114,0.03242837809692467,6.96169708803433,0.06696450643087809,10.378395499999897,ok,fill_mean,Fill with column mean
1710,86,user_0,0.0029589346096088156,0.030125002246856932,7.155706425663916,0.05439609002133164,10.023548000001028,ok,fill_mean,Fill with column mean
1716,87,user_0,0.003083939278934401,0.03175286709476073,7.405004020870417,0.05553322680102788,9.971430599998712,ok,fill_mean,Fill with column mean
1722,88,user_0,0.002982441104121135,0.027644440785310264,6.330385315721338,0.05461173046261339,10.282108299998072,ok,fill_mean,Fill with column mean
1728,89,user_0,0.001908078807272936,0.03073635909902082,8.070887246730615,0.04368156141065628,10.207220499996765,ok,fill_mean,Fill with column mean
1734,90,user_0,0.0022133938842436064,0.023803333832696644,5.415105423793062,0.04704672022833905,10.058007899999211,ok,fill_mean,Fill with column mean
1740,91,user_0,0.0016269749138187362,0.022694278826041674,5.27443103292673,0.04033577709451915,10.02192869999999,ok,fill_mean,Fill with column mean
1746,92,user_0,0.0020402735425001585,0.03216114228853356,8.217023463432787,0.04516938722741497,10.41898349999974,ok,fill_mean,Fill with column mean
1752,93,user_0,0.002726775330816228,0.034815679241196024,8.716410783986118,0.05221853436105066,9.941415100001905,ok,fill_mean,Fill with column mean
1758,94,user_0,0.0019886699613394497,0.029297700234502493,6.8738786537287,0.04459450595465152,10.08583709999948,ok,fill_mean,Fill with column mean
1764,95,user_0,0.001748752908109916,0.025254700153187638,5.73312983916299,0.041818093071180513,10.42686550000144,ok,fill_mean,Fill with column mean
1770,96,user_0,0.0022041769369599957,0.03168746201941649,7.81647577873372,0.046948662781382766,10.304797300002974,ok,fill_mean,Fill with column mean
1776,97,user_0,0.0018002241412779587,0.02783000255553289,6.711741086778781,0.04242904831925834,10.442766799998935,ok,fill_mean,Fill with column mean
1782,98,user_0,0.002333110206300129,0.03137811082677316,7.5960633060867515,0.048302279514533565,10.386175399999047,ok,fill_mean,Fill with column mean
1788,99,user_0,0.002098120251935341,0.0305213144687683,7.405846839909444,0.04580524262500244,10.617812300002697,ok,fill_mean,Fill with column mean
1794,100,user_0,0.0020203548358812195,0.02865605709405016,6.639206238272914,0.04494835743251604,10.727170600002864,ok,fill_mean,Fill with column mean
1201,1,user_1,0.00029501788551498145,0.002448326169727719,5.536798112427303,0.017176084696897062,10.260614999999234,ok,fill_mean,Fill with column mean
1207,2,user_1,0.00031896545231320685,0.005055076776097842,7.911776274476737,0.017859603923749454,10.326479300001665,ok,fill_mean,Fill with column mean
1213,3,user_1,0.0003049016006904518,0.004847218307371216,5.0906467418338295,0.017461431805280224,10.047939299998689,ok,fill_mean,Fill with column mean
1219,4,user_1,0.0003598707252376661,0.007782284243184513,11.111945424233145,0.01897025896601483,10.252608299999338,ok,fill_mean,Fill with column mean
1225,5,user_1,0.0005735681403120768,0.018765974235816652,30.06236904099419,0.023949282668006507,10.583348099999057,ok,fill_mean,Fill with column mean
1231,6,user_1,0.00030131358344272755,0.005613892483096521,10.276157558625298,0.017358386544916195,10.146518400000787,ok,fill_mean,Fill with column mean
1237,7,user_1,0.0003024982606119475,0.003864167740214217,4.965341431309546,0.01739247712696347,10.190362800000003,ok,fill_mean,Fill with column mean
1243,8,user_1,0.00030213399874383276,0.004170543277212568,4.343940630877043,0.01738200215003533,10.272943800000576,ok,fill_mean,Fill with column mean
1249,9,user_1,0.0003070683741868557,0.0037075760703277334,3.4196119275213275,0.017523366519788818,10.416112400000202,ok,fill_mean,Fill with column mean
1255,10,user_1,0.00034751670431819244,0.009118780315748741,18.14228034629936,0.018641799921632903,10.170743599999696,ok,fill_mean,Fill with column mean
1261,11,user_1,0.0003248595677286921,0.005127165479759913,3.9653569638859203,0.018023861066061627,10.582874299998366,ok,fill_mean,Fill with column mean
1267,12,user_1,0.00029864258650422003,0.003244132350198274,3.3386216583278743,0.017281278497386126,10.436361500000203,ok,fill_mean,Fill with column mean
1273,13,user_1,0.0004315867194088295,0.014081514021477455,27.038728296042468,0.02077466532603665,9.84543769999982,ok,fill_mean,Fill with column mean
1279,14,user_1,0.00031835537782751985,0.004808672260772428,4.382238315393069,0.017842516017297555,10.129576799999995,ok,fill_mean,Fill with column mean
1285,15,user_1,0.0003201590582119694,0.00486633175885537,3.8741404951445872,0.017892989079859447,10.091309999999794,ok,fill_mean,Fill with column mean
1291,16,user_1,0.0003884230527102678,0.011978978304160887,20.74158894786268,0.019708451301669237,10.190132699999594,ok,fill_mean,Fill with column mean
1297,17,user_1,0.0003504691167372388,0.007493710721376733,15.2420681471243,0.018720820407696848,9.731069900000875,ok,fill_mean,Fill with column mean
1303,18,user_1,0.0003088627056433456,0.004155525793447428,8.548826270455615,0.017574490195830593,10.155401499998334,ok,fill_mean,Fill with column mean
1309,19,user_1,0.0003586653760637309,0.01031622173022733,20.020771898605574,0.018938462874893806,9.985250199999427,ok,fill_mean,Fill with column mean
1315,20,user_1,0.0003856845269160189,0.009435870678110265,13.41490315889432,0.019638852484705385,10.253547999998773,ok,fill_mean,Fill with column mean
1321,21,user_1,0.0002998660245901792,0.0032930438294489616,3.0105945063438475,0.01731664010685038,10.020000900000014,ok,fill_mean,Fill with column mean
1327,22,user_1,0.0004624389960799567,0.012028975866035938,12.024765218930924,0.021504394808502674,10.057302000001073,ok,fill_mean,Fill with column mean
1333,23,user_1,0.00029770229192373475,0.003266847247421065,5.343375118544722,0.017254051464039823,10.362419600000067,ok,fill_mean,Fill with column mean
1339,24,user_1,0.0003735809818427717,0.00863839290316644,10.321005010998206,0.019328243113195046,10.307982599999377,ok,fill_mean,Fill with column mean
1345,25,user_1,0.0003023690999307613,0.003999403520231931,5.304814793444075,0.017388763611331348,10.455809699999008,ok,fill_mean,Fill with column mean
1351,26,user_1,0.00029584295503619546,0.004637928869545128,9.347385236540427,0.017200085902000475,10.316463700000895,ok,fill_mean,Fill with column mean
1357,27,user_1,0.0003034706838568528,0.0055416041248511775,10.68025780450403,0.017420409979585806,10.458268899999894,ok,fill_mean,Fill with column mean
1363,28,user_1,0.000329186710416913,0.008068511771804092,13.453456317826628,0.01814350325645279,10.500887000000148,ok,fill_mean,Fill with column mean
1369,29,user_1,0.0003147757812868594,0.005352471601347152,12.117532475813716,0.01774192157819607,10.211737800000265,ok,fill_mean,Fill with column mean
1375,30,user_1,0.00032541032115261377,0.0078701630368654,12.371970707868503,0.018039133048808463,10.212566500000321,ok,fill_mean,Fill with column mean
1381,31,user_1,0.00031364130060856926,0.006032028478762762,11.69001592136358,0.017709920965621764,10.291611300001023,ok,fill_mean,Fill with column mean
1387,32,user_1,0.0003288608366304494,0.007081461639132731,17.85815565764211,0.01813452057900758,10.114988000001176,ok,fill_mean,Fill with column mean
1393,33,user_1,0.00030665372407396246,0.0035815479233391673,2.906818635368046,0.01751153117445652,10.314483800000744,ok,fill_mean,Fill with column mean
1399,34,user_1,0.0003345261114724114,0.00586674671644063,10.4814337336132,0.018290054988228204,9.929831199999171,ok,fill_mean,Fill with column mean
1405,35,user_1,0.0003811587049863612,0.00690343814631095,4.846587235635109,0.019523286224054626,10.00188590000107,ok,fill_mean,Fill with column mean
1411,36,user_1,0.00037359664395937234,0.007915009213246164,9.571673743759492,0.019328648270362115,10.195246700001007,ok,fill_mean,Fill with column mean
1417,37,user_1,0.00029873644355811474,0.0028483419518315167,3.835002375412016,0.017283993854376213,9.900273899998865,ok,fill_mean,Fill with column mean
1423,38,user_1,0.0003185314845826864,0.004425751368171222,3.362245366753222,0.017847450366444122,10.01337820000117,ok,fill_mean,Fill with column mean
1429,39,user_1,0.00032097530407856277,0.004911215909832,6.867279548773997,0.017915783657952638,10.101804899999479,ok,fill_mean,Fill with column mean
1435,40,user_1,0.00042713710829609384,0.00882312556329532,6.449850094787886,0.0206672956212489,10.252952700000606,ok,fill_mean,Fill with column mean
1441,41,user_1,0.00033507213370580186,0.008494268370613949,15.975105768127188,0.018304975654335132,10.037684499999159,ok,fill_mean,Fill with column mean
1447,42,user_1,0.00038787221589663064,0.007737037430410407,4.968864108011079,0.01969447170900074,10.571115799999461,ok,fill_mean,Fill with column mean
1453,43,user_1,0.0003642593113720259,0.007288857583331663,4.900181883351118,0.01908557862292956,10.358865199999855,ok,fill_mean,Fill with column mean
1459,44,user_1,0.00032686188637261985,0.006862586733266115,12.08075973061761,0.018079322066178804,11.05501009999898,ok,fill_mean,Fill with column mean
1465,45,user_1,0.00034391359493720036,0.007124270855803534,14.111717741658847,0.018544907520319436,10.480574100000013,ok,fill_mean,Fill with column mean
1471,46,user_1,0.00034134671391707424,0.005580812150558573,4.761560546124013,0.018475570733189117,10.333534299999883,ok,fill_mean,Fill with column mean
1477,47,user_1,0.00032091029727120135,0.004794990115328485,5.110712963525447,0.017913969333210364,10.241032999998424,ok,fill_mean,Fill with column mean
1483,48,user_1,0.0005153019431755389,0.01326175569753688,15.175167020519723,0.022700263064016218,10.514693299999635,ok,fill_mean,Fill with column mean
1489,49,user_1,0.0003363611623901571,0.00668341427659902,10.83730570332337,0.018340151645778645,10.826772799999162,ok,fill_mean,Fill with column mean
1495,50,user_1,0.00033308606832085127,0.0057057921600152176,6.729075782142053,0.018250645695998026,10.5846846000004,ok,fill_mean,Fill with column mean
1501,51,user_1,0.00042798441060071046,0.01334271666227269,29.37103507910678,0.02068778409111789,10.02736129999903,ok,fill_mean,Fill with column mean
1507,52,user_1,0.00034044392253713794,0.005757481654666238,4.14865341565783,0.018451122527833853,9.98717029999898,ok,fill_mean,Fill with column mean
1513,53,user_1,0.00037383500150452414,0.007748755619465004,7.37395953597358,0.01933481320066279,10.068184400002792,ok,fill_mean,Fill with column mean
1519,54,user_1,0.0003634517359124585,0.00718766257535623,4.9275096427344325,0.01906441019052146,9.928296499998396,ok,fill_mean,Fill with column mean
1525,55,user_1,0.0003453917620672738,0.0067446665986025086,8.203893339874416,0.01858471850922886,10.18827290000263,ok,fill_mean,Fill with column mean
1531,56,user_1,0.000317259079698165,0.006606963107916084,12.275361229444378,0.017811768011574962,9.97276570000031,ok,fill_mean,Fill with column mean
1537,57,user_1,0.0003546956072250761,0.007130282163857491,9.733026372787858,0.01883336420359029,9.984179399998538,ok,fill_mean,Fill with column mean
1543,58,user_1,0.0004327919356504163,0.009937543533592464,9.127950971168257,0.020803651978689133,10.08187519999774,ok,fill_mean,Fill with column mean
1549,59,user_1,0.0003723512983272148,0.0077288638521630995,7.749588415145336,0.019296406357848468,10.792255500000465,ok,fill_mean,Fill with column mean
1555,60,user_1,0.0003576635633097071,0.006784432097871492,5.068679697672879,0.018911995222866018,10.596111999999266,ok,fill_mean,Fill with column mean
1561,61,user_1,0.00039841918851836645,0.008289478564286537,6.288120429993888,0.01996044058928476,10.522218300000532,ok,fill_mean,Fill with column mean
1567,62,user_1,0.0003909392312164632,0.008558976732527597,11.523997356696423,0.019772183268836632,10.378739300002053,ok,fill_mean,Fill with column mean
1573,63,user_1,0.00035752731471786105,0.007006473718967463,8.387424481723954,0.018908392705829363,10.399942799998826,ok,fill_mean,Fill with column mean
1579,64,user_1,0.0003350899711854705,0.007284576109146404,15.084931538699276,0.018305462878208528,10.6087993000001,ok,fill_mean,Fill with column mean
1585,65,user_1,0.0003628645760044291,0.007074456776726612,4.950343473561125,0.01904900459353268,10.586979100000462,ok,fill_mean,Fill with column mean
1591,66,user_1,0.00043585692877045945,0.010106358112461505,9.534809044748336,0.02087718680211631,10.06528420000177,ok,fill_mean,Fill with column mean
1597,67,user_1,0.0003337946432822007,0.005877867656936032,5.665114058064202,0.018270047708810196,10.477150099999562,ok,fill_mean,Fill with column mean
1603,68,user_1,0.000412446876082897,0.0085784396183105,5.415894486917184,0.02030878814904762,9.950716100000136,ok,fill_mean,Fill with column mean
1609,69,user_1,0.00032794427743467055,0.006982189492671573,12.576281630903525,0.018109231828950408,10.024535199998354,ok,fill_mean,Fill with column mean
1615,70,user_1,0.0003410447519161962,0.00721442510069453,17.13146088937642,0.01846739699893291,9.570068000000902,ok,fill_mean,Fill with column mean
1621,71,user_1,0.00036149401476177315,0.007645292303280002,10.0388776038379,0.019012995943874105,10.094804399999703,ok,fill_mean,Fill with column mean
1627,72,user_1,0.00039999015587390794,0.008303382547265321,5.444362290660772,0.01999975389533351,9.983484899999894,ok,fill_mean,Fill with column mean
1633,73,user_1,0.00042148459064362333,0.00988193853425248,10.261370345373008,0.02053008988396357,10.027406099998188,ok,fill_mean,Fill with column mean
1639,74,user_1,0.00034852438414945174,0.0064355850336865325,5.67922320296718,0.018668807785968865,9.802674599999591,ok,fill_mean,Fill with column mean
1645,75,user_1,0.00033856059297555176,0.005754127163880008,4.807575043524677,0.018400016113459025,10.074835300001723,ok,fill_mean,Fill with column mean
1651,76,user_1,0.00042912621434191097,0.009798105666497478,10.179040567623318,0.020715361796066006,10.129217099998641,ok,fill_mean,Fill with column mean
1657,77,user_1,0.0004347969283792393,0.009485769037860197,7.243571035886141,0.020851784776829998,10.69042399999671,ok,fill_mean,Fill with column mean
1663,78,user_1,0.000325857694605434,0.006118901576051497,9.922507287109724,0.018051528871689346,10.764891300001182,ok,fill_mean,Fill with column mean
1669,79,user_1,0.000494719374314796,0.011883213971483078,10.879074688691233,0.022242287973920218,10.628035000001546,ok,fill_mean,Fill with column mean
1675,80,user_1,0.0003504266172419622,0.007412596453844948,11.794619432519012,0.01871968528693691,10.307975899999292,ok,fill_mean,Fill with column mean
1681,81,user_1,0.0003431547427404773,0.0067951778498885965,9.404165883724026,0.0185244363676868,10.594451900000422,ok,fill_mean,Fill with column mean
1687,82,user_1,0.0003920558617222536,0.007973121089090412,4.983784245270103,0.019800400544490348,10.55916520000028,ok,fill_mean,Fill with column mean
1693,83,user_1,0.00033827721730577976,0.007626601449058816,15.48995783552323,0.018392314082403546,11.307977700002084,ok,fill_mean,Fill with column mean
1699,84,user_1,0.0003190476643332646,0.005937169855855648,12.434311870982768,0.017861905394813415,10.605102000001352,ok,fill_mean,Fill with column mean
1705,85,user_1,0.00044330747204162,0.01036738390012255,6.865177069538836,0.02105486813166067,10.280300200000056,ok,fill_mean,Fill with column mean
1711,86,user_1,0.0003609225954445465,0.006937918059665451,4.558476192715698,0.01899796292881283,10.18502350000199,ok,fill_mean,Fill with column mean
1717,87,user_1,0.0003759658193535416,0.007279519881647889,6.008516451016295,0.01938983804350984,10.217879600000742,ok,fill_mean,Fill with column mean
1723,88,user_1,0.0003212600970412836,0.005831031940089771,8.355303458785441,0.01792372999800219,9.938954599998397,ok,fill_mean,Fill with column mean
1729,89,user_1,0.0003555869891621491,0.007654265991263976,12.951090163771031,0.01885701432258429,9.894638299996586,ok,fill_mean,Fill with column mean
1735,90,user_1,0.0004461493391495989,0.009898911155780557,6.39925049058996,0.02112224749285925,10.208191600002465,ok,fill_mean,Fill with column mean
1741,91,user_1,0.00033637631805721267,0.006473968845608785,11.710255977513606,0.01834056482383279,10.038571900000534,ok,fill_mean,Fill with column mean
1747,92,user_1,0.0003977718020432811,0.008506677460791343,9.067162961775232,0.01994421725822503,10.214404499998636,ok,fill_mean,Fill with column mean
1753,93,user_1,0.00035851357307450785,0.007196881454424463,9.338549645758903,0.018934454654795523,10.297346000003017,ok,fill_mean,Fill with column mean
1759,94,user_1,0.00034173418109259877,0.006545950477556206,9.749962804698285,0.018486053691704966,10.12190869999904,ok,fill_mean,Fill with column mean
1765,95,user_1,0.00033048106896444313,0.007125846415747723,13.40149516370985,0.018179138289931212,10.374591799998598,ok,fill_mean,Fill with column mean
1771,96,user_1,0.00032802706744735884,0.006040747278267712,8.263447977278886,0.01811151753573838,10.466245199997502,ok,fill_mean,Fill with column mean
1777,97,user_1,0.0003494675558462763,0.00771418375009496,13.225061740614546,0.018694051349193313,10.59615489999851,ok,fill_mean,Fill with column mean
1783,98,user_1,0.0003361614447199679,0.006979672765241536,12.74738325184731,0.018334706016731435,10.358909499998845,ok,fill_mean,Fill with column mean
1789,99,user_1,0.00034831965705647795,0.007404959861817036,11.889897910299512,0.018663323848030874,10.526446899999428,ok,fill_mean,Fill with column mean
1795,100,user_1,0.00040349149961562395,0.009311262587583583,12.774849509211862,0.020087097839549244,10.58799849999923,ok,fill_mean,Fill with column mean
1202,1,user_2,0.00036271690196014244,0.003271461414371356,4.768244735196173,0.019045128037378546,9.993350999999166,ok,fill_mean,Fill with column mean
1208,2,user_2,0.00036229995583202855,0.0025142532579951683,3.2867097620378427,0.01903417862246828,9.829319899999973,ok,fill_mean,Fill with column mean
1214,3,user_2,0.0003790039502593799,0.007192726963801346,9.725136219496996,0.019468023789264793,10.034566400001495,ok,fill_mean,Fill with column mean
1220,4,user_2,0.000366698494932593,0.005257839151138513,6.730027164830584,0.019149373225580857,10.546270499999082,ok,fill_mean,Fill with column mean
1226,5,user_2,0.0004318572265363307,0.008029128287908782,9.50700270124998,0.02078117481126442,10.446563399998922,ok,fill_mean,Fill with column mean
1232,6,user_2,0.0004595855346813231,0.00989790363132207,8.56766911826049,0.021437946139528458,10.54755169999953,ok,fill_mean,Fill with column mean
1238,7,user_2,0.00037293799635386654,0.0035226553592843145,4.943267636010708,0.019311602635562555,10.496679699999731,ok,fill_mean,Fill with column mean
1244,8,user_2,0.000372276668711779,0.00353254727753262,3.4608022113738244,0.019294472491150905,10.476261399999203,ok,fill_mean,Fill with column mean
1250,9,user_2,0.0003907735545964745,0.005525314817101528,4.4293903320195085,0.019767993185866757,10.436017699999866,ok,fill_mean,Fill with column mean
1256,10,user_2,0.0003699220892761145,0.0046378113322882945,3.9303301406613986,0.01923335876221609,10.434941900000922,ok,fill_mean,Fill with column mean
1262,11,user_2,0.00037656906226852263,0.004510501090614036,5.183862436377579,0.019405387454738507,10.394944899999246,ok,fill_mean,Fill with column mean
1268,12,user_2,0.0004463973794198009,0.008704907914184337,6.692722470930286,0.0211281182176691,10.588455600000088,ok,fill_mean,Fill with column mean
1274,13,user_2,0.00036974387610403975,0.005401828407624377,5.595209700168821,0.019228725285469126,10.25199690000045,ok,fill_mean,Fill with column mean
1280,14,user_2,0.0003642355797972169,0.00421488489397952,5.5713148352577555,0.019084956897965917,9.94573870000022,ok,fill_mean,Fill with column mean
1286,15,user_2,0.000398365579846864,0.009025115335004186,12.48218344862635,0.019959097671158985,9.708044700000755,ok,fill_mean,Fill with column mean
1292,16,user_2,0.00040826925396832294,0.006599753651039293,5.1756927252190845,0.020205673806342687,10.036063199999262,ok,fill_mean,Fill with column mean
1298,17,user_2,0.0003895496274054071,0.0051787794795754415,4.94327305800516,0.01973701161284066,9.972082999998747,ok,fill_mean,Fill with column mean
1304,18,user_2,0.0003721243078802486,0.00572602171550625,7.31119524475103,0.019290523784497107,9.960908600000039,ok,fill_mean,Fill with column mean
1310,19,user_2,0.00039200992370415523,0.004912030265218565,4.499985425644138,0.01979924048301235,10.244200299999648,ok,fill_mean,Fill with column mean
1316,20,user_2,0.00043520649815656216,0.007970026941416549,7.465347758178599,0.02086160344164758,9.986339799999769,ok,fill_mean,Fill with column mean
1322,21,user_2,0.00038883173304200336,0.004847196874353563,3.767669467883121,0.019718816725199394,10.03331629999957,ok,fill_mean,Fill with column mean
1328,22,user_2,0.0004347376962007439,0.0078250239103002,6.9467793407881135,0.02085036441409943,10.096669700000348,ok,fill_mean,Fill with column mean
1334,23,user_2,0.00036753187972179453,0.004530264865594033,7.084496415729831,0.0191711209823994,10.548200900000666,ok,fill_mean,Fill with column mean
1340,24,user_2,0.0004474014895677768,0.007415706429866984,4.7317648532481105,0.021151867283239482,10.181320300000152,ok,fill_mean,Fill with column mean
1346,25,user_2,0.0003886649477726429,0.007169385215559479,11.696454136643583,0.01971458718240488,10.03091829999903,ok,fill_mean,Fill with column mean
1352,26,user_2,0.0003995831073079136,0.007017251756857732,12.690469081191411,0.01998957496566432,10.288629300001048,ok,fill_mean,Fill with column mean
1358,27,user_2,0.00038301088681905735,0.004359304492599404,4.42884110292753,0.01957066393403804,10.303754900000058,ok,fill_mean,Fill with column mean
1364,28,user_2,0.00039729965630297994,0.005719145585174802,3.661604126809423,0.01993237708611243,10.376001500000712,ok,fill_mean,Fill with column mean
1370,29,user_2,0.0004473889605943481,0.007219830363621488,4.244807479909902,0.02115157111408862,10.50497059999907,ok,fill_mean,Fill with column mean
1376,30,user_2,0.0003954982342285309,0.0067167469781016335,7.1366964025316655,0.019887137406588484,10.495307399998637,ok,fill_mean,Fill with column mean
1382,31,user_2,0.00039226863235841404,0.006254125018138951,6.221290012917466,0.01980577270288675,10.05977619999976,ok,fill_mean,Fill with column mean
1388,32,user_2,0.0004002292152312567,0.005364715971722754,3.394256507493025,0.020005729560084947,10.081145900001502,ok,fill_mean,Fill with column mean
1394,33,user_2,0.00040553239580891354,0.007620890314392082,11.225652284803886,0.02013783493350051,9.931316799998967,ok,fill_mean,Fill with column mean
1400,34,user_2,0.0003835211266235716,0.0049719361937758675,4.578177889151302,0.019583695428176257,10.217370899999878,ok,fill_mean,Fill with column mean
1406,35,user_2,0.0003838664583414909,0.005467183922269192,6.76685639589217,0.019592510261359847,9.936846599999626,ok,fill_mean,Fill with column mean
1412,36,user_2,0.0004335919106491379,0.006871442865372859,4.040008555693323,0.020822869894640793,10.151080600000569,ok,fill_mean,Fill with column mean
1418,37,user_2,0.0004491970587947544,0.008663811968766972,9.331135363638126,0.021194269480091888,10.083889699999418,ok,fill_mean,Fill with column mean
1424,38,user_2,0.00041524447149860757,0.008138745314268234,10.037420628775255,0.020377548220985947,10.313804299999902,ok,fill_mean,Fill with column mean
1430,39,user_2,0.0004382338061113013,0.0072028475639128245,4.210255841754222,0.020934034635284746,10.142238200000065,ok,fill_mean,Fill with column mean
1436,40,user_2,0.0004977706310312567,0.009635639762642638,5.379639046339545,0.02231077387791057,10.532356099998651,ok,fill_mean,Fill with column mean
1442,41,user_2,0.00043062712019235254,0.009305259487790986,12.569219245308174,0.020751557054648997,10.779535400000896,ok,fill_mean,Fill with column mean
1448,42,user_2,0.0004532793676703073,0.008493383862409611,7.8278205090391015,0.021290358561337274,10.549975199999608,ok,fill_mean,Fill with column mean
1454,43,user_2,0.0004739008678093011,0.009313217612689183,8.451029047913243,0.02176926429187034,10.460865699998976,ok,fill_mean,Fill with column mean
1460,44,user_2,0.00044881825726361414,0.007308150496810625,4.76067957332549,0.021185331181353153,10.21315820000018,ok,fill_mean,Fill with column mean
1466,45,user_2,0.0005344187176480348,0.011551003016159373,8.749830097894085,0.02311749808366024,10.386167799999384,ok,fill_mean,Fill with column mean
1472,46,user_2,0.0003939128865639616,0.0077973584649763915,11.621925061872924,0.019847238764220117,10.01489489999949,ok,fill_mean,Fill with column mean
1478,47,user_2,0.00040583270087136747,0.007268718819379406,9.51099469712562,0.020145289793680493,10.506886700000905,ok,fill_mean,Fill with column mean
1484,48,user_2,0.00043659539562709946,0.007843661968479392,7.180283992420755,0.020894865293346578,10.422358100000565,ok,fill_mean,Fill with column mean
1490,49,user_2,0.0004146518117269865,0.0070513531309756485,6.261942638970859,0.020363001049132873,9.841303600000174,ok,fill_mean,Fill with column mean
1496,50,user_2,0.0003855159712308093,0.0061654146248859565,7.328835131343048,0.019634560632487023,10.178138899998885,ok,fill_mean,Fill with column mean
1502,51,user_2,0.0004368039788113946,0.007600020159552321,7.746206264421812,0.0208998559519293,10.060665599999993,ok,fill_mean,Fill with column mean
1508,52,user_2,0.0006063171996059642,0.01266571754367773,6.752746892533448,0.024623509083921493,10.034069900000759,ok,fill_mean,Fill with column mean
1514,53,user_2,0.000487013590215636,0.009394170080836253,7.174911155392885,0.022068384404292853,10.064664199999243,ok,fill_mean,Fill with column mean
1520,54,user_2,0.00043910830497181593,0.007559482591969786,6.013304749268733,0.020954911237507447,10.191072099998564,ok,fill_mean,Fill with column mean
1526,55,user_2,0.0005802682532320205,0.012593902359214721,7.01490311725474,0.02408875781836873,9.973901999997906,ok,fill_mean,Fill with column mean
1532,56,user_2,0.00041221816626982544,0.007380368621806827,8.097338117576681,0.020303156559260075,10.179673400001775,ok,fill_mean,Fill with column mean
1538,57,user_2,0.0004534618267363076,0.008071862351506575,5.935405757667834,0.021294643146488924,10.190815099998872,ok,fill_mean,Fill with column mean
1544,58,user_2,0.0004161581735289458,0.007150648988220968,8.19213718703488,0.020399955233503474,10.343652400002611,ok,fill_mean,Fill with column mean
1550,59,user_2,0.0005387783220167975,0.010959000823266351,7.557799769594081,0.023211598868169283,10.598264199998084,ok,fill_mean,Fill with column mean
1556,60,user_2,0.000510015335140575,0.010272384281500502,6.3704283018167915,0.022583519104439304,10.54300130000047,ok,fill_mean,Fill with column mean
1562,61,user_2,0.0005469320784039112,0.01151452898170478,10.994964022666922,0.023386579023104495,10.51689179999812,ok,fill_mean,Fill with column mean
1568,62,user_2,0.0004110986350785546,0.0072430052914506035,8.096063688737544,0.020275567441592222,10.399342299999262,ok,fill_mean,Fill with column mean
1574,63,user_2,0.0005052109017425477,0.009332555396058156,5.252515407888261,0.022476897066600356,10.609087000000727,ok,fill_mean,Fill with column mean
1580,64,user_2,0.00045923457418838026,0.00921923522392975,10.331084577992126,0.0214297590791026,10.381175399998028,ok,fill_mean,Fill with column mean
1586,65,user_2,0.0004318563517412351,0.007229566592077791,5.123734395707661,0.020781153763476057,10.345689799996762,ok,fill_mean,Fill with column mean
1592,66,user_2,0.00047266330702484745,0.00894897031588497,7.413273151642496,0.021740821213211966,10.427572399999917,ok,fill_mean,Fill with column mean
1598,67,user_2,0.00044483173530997374,0.008646347218576116,9.70589175414836,0.021091034476999313,10.528355899998132,ok,fill_mean,Fill with column mean
1604,68,user_2,0.0005442420732632762,0.010887636429918413,6.458465595920688,0.02332899640497371,9.787521600002947,ok,fill_mean,Fill with column mean
1610,69,user_2,0.0005090825287432767,0.010282922919090935,8.519389445040058,0.022562857282340743,9.98845860000074,ok,fill_mean,Fill with column mean
1616,70,user_2,0.00043438770615535153,0.0072661147740634875,4.976266185379176,0.02084196982425969,10.418752300000051,ok,fill_mean,Fill with column mean
1622,71,user_2,0.0004146055928384501,0.006551527401546927,5.492169433911436,0.020361866143319234,9.929923900002905,ok,fill_mean,Fill with column mean
1628,72,user_2,0.0004755503636513691,0.00869191197414056,5.248726363443594,0.021807117270546537,10.135282700000971,ok,fill_mean,Fill with column mean
1634,73,user_2,0.0003998222645778096,0.008126920879421302,12.481607239706989,0.01999555612074367,9.880949300000793,ok,fill_mean,Fill with column mean
1640,74,user_2,0.000523438696000589,0.010570381634688864,7.0097649781646245,0.022878782659936016,9.970301800000016,ok,fill_mean,Fill with column mean
1646,75,user_2,0.0004598540327491586,0.008302929876753224,6.46910903623217,0.021444207440452504,10.046693000000232,ok,fill_mean,Fill with column mean
1652,76,user_2,0.00048335342638431187,0.00972080771729698,9.798089717643833,0.021985300234118064,9.993347399999038,ok,fill_mean,Fill with column mean
1658,77,user_2,0.0005292546084549793,0.011115107939071863,6.762808518042012,0.02300553430057601,10.481609800001024,ok,fill_mean,Fill with column mean
1664,78,user_2,0.00043888503384748907,0.007564660878045493,6.572309489481527,0.02094958314257086,10.629839700002776,ok,fill_mean,Fill with column mean
1670,79,user_2,0.00047401994005542543,0.008372673705327727,5.729307521980801,0.02177199899080067,10.49994610000067,ok,fill_mean,Fill with column mean
1676,80,user_2,0.0004154123697793603,0.007400625259011998,8.329719099140455,0.020381667492611107,10.504574700000376,ok,fill_mean,Fill with column mean
1682,81,user_2,0.0004210467223434505,0.008187842378493635,10.6076774190082,0.020519423050940067,10.601605600000767,ok,fill_mean,Fill with column mean
1688,82,user_2,0.00043406660982610827,0.00813770290692947,7.666345197855189,0.0208342652816486,10.242145100000926,ok,fill_mean,Fill with column mean
1694,83,user_2,0.0004683411670103493,0.008068647420008401,4.125811330882785,0.021641191441562298,11.821098600001278,ok,fill_mean,Fill with column mean
1700,84,user_2,0.0005094710182619235,0.010252317213734066,9.54911385855939,0.022571464690221667,10.33106129999942,ok,fill_mean,Fill with column mean
1706,85,user_2,0.00041704665210437806,0.007875213870626509,9.63269966312205,0.020421720106405777,10.530735199998162,ok,fill_mean,Fill with column mean
1712,86,user_2,0.0005058610539908591,0.009980104101545251,7.364287492185878,0.022491355094588213,10.113966100001562,ok,fill_mean,Fill with column mean
1718,87,user_2,0.0005517927953071173,0.011151951976126648,7.4997378119237945,0.023490270226353662,9.961583500000415,ok,fill_mean,Fill with column mean
1724,88,user_2,0.0005289725153506428,0.010396825548963502,6.079410043230981,0.02299940249986166,9.925065199997334,ok,fill_mean,Fill with column mean
1730,89,user_2,0.00042651989285423487,0.008295652345594998,9.699453966762949,0.020652358045856044,9.800591800001712,ok,fill_mean,Fill with column mean
1736,90,user_2,0.00041381419662439383,0.00843416219374209,13.061482159203628,0.02034242356810992,9.997972400000435,ok,fill_mean,Fill with column mean
1742,91,user_2,0.0005618094116147188,0.011799316844316596,6.4190822747021095,0.02370251909849919,10.189778300002217,ok,fill_mean,Fill with column mean
1748,92,user_2,0.0004605452725000938,0.008511291412931448,6.592417997403108,0.021460318555419765,10.320833000001585,ok,fill_mean,Fill with column mean
1754,93,user_2,0.0005751309719077689,0.011737855696142198,6.724926463591579,0.02398188841412971,10.05724530000225,ok,fill_mean,Fill with column mean
1760,94,user_2,0.0006053742146050184,0.013028594398726506,7.584077953658467,0.024604353570151328,10.105836999999156,ok,fill_mean,Fill with column mean
1766,95,user_2,0.000566314775245897,0.012076331373323916,6.793326085365801,0.023797369082440543,10.447560600001452,ok,fill_mean,Fill with column mean
1772,96,user_2,0.0004249677225322504,0.008346836620816424,10.79131994304647,0.020614745269642562,10.474156800002675,ok,fill_mean,Fill with column mean
1778,97,user_2,0.00046144248120202447,0.008262547471577522,5.91049045364281,0.021481212284273542,10.26730939999834,ok,fill_mean,Fill with column mean
1784,98,user_2,0.0005052229270359452,0.009898905699350051,7.121186256558314,0.022477164568422442,10.269431099997746,ok,fill_mean,Fill with column mean
1790,99,user_2,0.0005525067074551625,0.010952045846504227,5.610827352757399,0.023505461226173856,10.697767700003169,ok,fill_mean,Fill with column mean
1796,100,user_2,0.0005378832429462577,0.010854382175192523,6.255002635910096,0.023192309995907216,10.426935600000434,ok,fill_mean,Fill with column mean
1203,1,user_3,0.00030450925305018487,0.0039326700152171636,2.982075704519726,0.017450193496067166,9.824297299999671,ok,fill_mean,Fill with column mean
1209,2,user_3,0.0003638692453657691,0.010838210510767492,9.461383995077322,0.019075357018042128,10.208589399999255,ok,fill_mean,Fill with column mean
1215,3,user_3,0.00031082690923081645,0.004814968125662817,3.0635808690139497,0.01763028386699478,10.056572699999379,ok,fill_mean,Fill with column mean
1221,4,user_3,0.0003022615856521702,0.003858424398530765,2.133768337992148,0.017385671849318052,10.223333599999023,ok,fill_mean,Fill with column mean
1227,5,user_3,0.0003142975527531911,0.0072303185015134,6.3208387122761,0.017728439095227505,10.600580300000729,ok,fill_mean,Fill with column mean
1233,6,user_3,0.00029071602129282503,0.0030651732061818524,2.32452115923579,0.017050396514240514,10.009744699998919,ok,fill_mean,Fill with column mean
1239,7,user_3,0.00032537766958591716,0.005777393036073209,4.813498345034128,0.018038228005708243,9.963862399999925,ok,fill_mean,Fill with column mean
1245,8,user_3,0.00030083321351883155,0.002954160373295682,1.8482276828673574,0.017344544200377003,10.340008200000739,ok,fill_mean,Fill with column mean
1251,9,user_3,0.00029444516838433653,0.0029563325847505218,1.7585145084213785,0.017159404662876174,10.562994899999467,ok,fill_mean,Fill with column mean
1257,10,user_3,0.0003029425798539017,0.003638569072579669,2.188195446727195,0.017405245756779812,10.476292600000306,ok,fill_mean,Fill with column mean
1263,11,user_3,0.00029720872752656306,0.00500577506378495,4.20363423090015,0.01723974267576413,10.403744499999448,ok,fill_mean,Fill with column mean
1269,12,user_3,0.0002927142323014498,0.0021714965844311404,1.1375443991292618,0.017108893368697163,10.3378804999993,ok,fill_mean,Fill with column mean
1275,13,user_3,0.00031126383883678334,0.005981298457516386,3.980890544497363,0.017642670966630403,10.158418000000893,ok,fill_mean,Fill with column mean
1281,14,user_3,0.0002975801376874838,0.0030461443898524366,1.8244415481621896,0.01725051122974284,10.041702199998326,ok,fill_mean,Fill with column mean
1287,15,user_3,0.0003386371165481732,0.007575924675830888,4.530129480684987,0.018402095439057294,10.175337000000582,ok,fill_mean,Fill with column mean
1293,16,user_3,0.00030591715595533627,0.0037012125536293595,2.9523140773893406,0.017490487584836973,10.076513600000908,ok,fill_mean,Fill with column mean
1299,17,user_3,0.0003491496415553835,0.007170793550414475,5.2820970768837485,0.018685546327452764,9.94661879999876,ok,fill_mean,Fill with column mean
1305,18,user_3,0.00033116490758245185,0.006149449817553752,3.9683825957851857,0.018197936904562888,9.983637499999531,ok,fill_mean,Fill with column mean
1311,19,user_3,0.00030527183439547483,0.0045343467180378174,3.284752985109275,0.017472030059368454,10.107471799999985,ok,fill_mean,Fill with column mean
1317,20,user_3,0.0002997627884812204,0.005160646956503561,4.3817638754724,0.017313659014813142,9.886029200000849,ok,fill_mean,Fill with column mean
1323,21,user_3,0.00030549459963392976,0.004726060721260128,3.2301185835366666,0.017478403806810556,9.763092200000756,ok,fill_mean,Fill with column mean
1329,22,user_3,0.0003083173965890353,0.00454008784412226,2.7513585940063527,0.017558969120908985,10.448242899999968,ok,fill_mean,Fill with column mean
1335,23,user_3,0.00030117632576026724,0.004035283442130921,2.498154265165233,0.017354432452842336,10.137504100001024,ok,fill_mean,Fill with column mean
1341,24,user_3,0.00032060370172746827,0.004199210981900513,2.67911793615729,0.017905409845280513,10.459742999999435,ok,fill_mean,Fill with column mean
1347,25,user_3,0.00032525150456130537,0.0079152842828607,7.6245018533364215,0.01803473050980539,10.447547099998701,ok,fill_mean,Fill with column mean
1353,26,user_3,0.0002960452676349253,0.0032234532163248585,1.8889845713717344,0.0172059660477093,10.616611200000989,ok,fill_mean,Fill with column mean
1359,27,user_3,0.00030504911292415413,0.005650137704626025,4.4605945880204,0.01746565523890112,10.520852899999227,ok,fill_mean,Fill with column mean
1365,28,user_3,0.0002986360547194496,0.0037271312820794356,2.283888459422489,0.017281089511933256,10.202758800000083,ok,fill_mean,Fill with column mean
1371,29,user_3,0.00030543062785403865,0.004485839458121945,2.929336403447353,0.017476573687483444,10.470209400000385,ok,fill_mean,Fill with column mean
1377,30,user_3,0.000338550660635506,0.0062007835731636655,3.8010058242628575,0.01839974621117112,10.324075900000025,ok,fill_mean,Fill with column mean
1383,31,user_3,0.00033229316490142086,0.005699580860664166,3.546329751224021,0.01822891014025306,9.84028390000094,ok,fill_mean,Fill with column mean
1389,32,user_3,0.000367990454238898,0.007667453359652059,5.146151560776013,0.01918307728803953,10.139236600000004,ok,fill_mean,Fill with column mean
1395,33,user_3,0.0003211767926642025,0.0059483948268029795,4.079890870381158,0.01792140599016167,10.00256520000039,ok,fill_mean,Fill with column mean
1401,34,user_3,0.0003323470843450227,0.005144620875791804,2.433631698737033,0.018230389034384942,10.041941600000428,ok,fill_mean,Fill with column mean
1407,35,user_3,0.00034429358336235817,0.006133659322206677,3.650532424140308,0.018555149780111132,10.106307299998662,ok,fill_mean,Fill with column mean
1413,36,user_3,0.000316208924475047,0.007106319754479509,6.973964951464506,0.01778226432361883,10.127989000000525,ok,fill_mean,Fill with column mean
1419,37,user_3,0.0003202942288324492,0.0058766514383202795,4.154956452018477,0.017896765876337803,9.889292599998953,ok,fill_mean,Fill with column mean
1425,38,user_3,0.00047916278700540577,0.012537899205012382,8.47585560764665,0.021889787276385436,10.063975299999584,ok,fill_mean,Fill with column mean
1431,39,user_3,0.0004132572193087294,0.009343954284167334,5.020936189627358,0.0203287289152256,9.887657199999012,ok,fill_mean,Fill with column mean
1437,40,user_3,0.0003391567628538207,0.005600216724856171,2.6804394939872784,0.018416209242236057,10.437104900000122,ok,fill_mean,Fill with column mean
1443,41,user_3,0.0003249496037351556,0.0047027650484894965,2.1340847831188334,0.018026358582230513,10.288920599999983,ok,fill_mean,Fill with column mean
1449,42,user_3,0.0004405779903900054,0.011484070843102545,7.858152361380459,0.020989949747200573,10.367605800000092,ok,fill_mean,Fill with column mean
1455,43,user_3,0.0003687955866873993,0.007975887699381274,4.581003270597218,0.019204051309226377,10.815680499999871,ok,fill_mean,Fill with column mean
1461,44,user_3,0.00035497314766685814,0.006334803916868566,2.985601551492003,0.01884073108100793,10.435258200001044,ok,fill_mean,Fill with column mean
1467,45,user_3,0.00030971393749248564,0.00561390857615252,4.403466264150321,0.017598691357384663,10.717881499998839,ok,fill_mean,Fill with column mean
1473,46,user_3,0.00031835705836875434,0.006959964960203573,6.096271733625759,0.01784256311096459,10.270494799999142,ok,fill_mean,Fill with column mean
1479,47,user_3,0.00031671418529808705,0.005841046384902895,4.400240487847935,0.017796465528247093,10.413920700000745,ok,fill_mean,Fill with column mean
1485,48,user_3,0.00030755835996216,0.006077842942244916,5.387514140762295,0.017537341872762815,10.432648300000437,ok,fill_mean,Fill with column mean
1491,49,user_3,0.0003352616078357988,0.005951518319250488,3.5113874395816356,0.018310150404510575,10.037758600001325,ok,fill_mean,Fill with column mean
1497,50,user_3,0.00033824735034742654,0.006994136417633011,5.729673321061573,0.01839150212319338,10.278337100000499,ok,fill_mean,Fill with column mean
1503,51,user_3,0.0003734757937430085,0.008303493074319303,4.933720483357949,0.019325521823304243,10.09316150000086,ok,fill_mean,Fill with column mean
1509,52,user_3,0.0003172847037532328,0.006363624038598439,5.052282236768807,0.01781248729833183,10.178017599999293,ok,fill_mean,Fill with column mean
1515,53,user_3,0.00033924502302236874,0.0056471177021174,2.6917911511575756,0.0184186053495472,10.170640100001037,ok,fill_mean,Fill with column mean
1521,54,user_3,0.00039781423867169907,0.009502550035479363,5.700809772864031,0.01994528111287728,10.012822100001358,ok,fill_mean,Fill with column mean
1527,55,user_3,0.00034321336668398177,0.005990599238058626,2.9267246968574083,0.01852601864092719,10.089929999998276,ok,fill_mean,Fill with column mean
1533,56,user_3,0.0003240488329123979,0.007711870362159805,7.421354860872845,0.018001356418681287,10.043503099997906,ok,fill_mean,Fill with column mean
1539,57,user_3,0.0003225659283469097,0.005793956001428144,4.121429059518403,0.017960120499231336,10.054677700001776,ok,fill_mean,Fill with column mean
1545,58,user_3,0.0003469465591583761,0.006055026121898273,3.042275294105277,0.01862650152761855,10.210586000001058,ok,fill_mean,Fill with column mean
1551,59,user_3,0.00031671407259857885,0.005958679592604041,4.523169251459247,0.01779646236190156,10.506211300002178,ok,fill_mean,Fill with column mean
1557,60,user_3,0.00033408682494699,0.005970159822391202,3.623340905902973,0.01827804215300397,10.57205100000283,ok,fill_mean,Fill with column mean
1563,61,user_3,0.0003807140508930519,0.007729009221011258,3.708482816661627,0.019511895112803674,10.422035999999935,ok,fill_mean,Fill with column mean
1569,62,user_3,0.0003335035839056456,0.0056105455287638,2.9215797877425222,0.018262080492256232,10.676848899998731,ok,fill_mean,Fill with column mean
1575,63,user_3,0.00030990444463075486,0.005139650753572053,3.8191854620862697,0.017604103062375965,10.499281899999914,ok,fill_mean,Fill with column mean
1581,64,user_3,0.00035143578430865924,0.0071066369541962085,4.660542203839631,0.01874662061035693,10.223392399999284,ok,fill_mean,Fill with column mean
1587,65,user_3,0.0003081787691277099,0.005729883652638414,4.856374244833309,0.017555021194168633,10.671233299999585,ok,fill_mean,Fill with column mean
1593,66,user_3,0.00037569658330772164,0.007673379794397021,3.881421564655825,0.019382894090091956,10.3545961000018,ok,fill_mean,Fill with column mean
1599,67,user_3,0.00030940455574416254,0.005066109755744845,3.5782615693140896,0.017589899253382963,10.127183500000683,ok,fill_mean,Fill with column mean
1605,68,user_3,0.00031953861486831313,0.006090643588984835,4.926769478758575,0.017875643061672303,10.178529900000285,ok,fill_mean,Fill with column mean
1611,69,user_3,0.00038065617447155314,0.008056307601203027,4.354273396414955,0.01951041195032932,10.317644099999598,ok,fill_mean,Fill with column mean
1617,70,user_3,0.00040619569950638856,0.009683402535475642,5.77774535946873,0.020154297296268817,10.110230899997987,ok,fill_mean,Fill with column mean
1623,71,user_3,0.00036059452355950055,0.0070598904732401225,3.5065370738205632,0.018989326569404733,9.91964310000185,ok,fill_mean,Fill with column mean
1629,72,user_3,0.0003123085391009742,0.006058382256110171,4.929534371043779,0.0176722533679487,10.366974699998536,ok,fill_mean,Fill with column mean
1635,73,user_3,0.00033303536760821267,0.005837132916780469,3.401895711361135,0.01824925663166072,10.092037999998865,ok,fill_mean,Fill with column mean
1641,74,user_3,0.0005136513040708222,0.014215904294064403,9.89829577125067,0.022663876633771684,10.290611399999761,ok,fill_mean,Fill with column mean
1647,75,user_3,0.00031663271174699496,0.0063087215798009145,4.94290665686494,0.017794176343596098,10.079465700000583,ok,fill_mean,Fill with column mean
1653,76,user_3,0.0005091616346881169,0.013955047048179568,9.415181303207206,0.022564610226815728,10.188787999999477,ok,fill_mean,Fill with column mean
1659,77,user_3,0.00031414900334125723,0.004824678192253067,2.8528075948142,0.017724249020515854,10.270460199997615,ok,fill_mean,Fill with column mean
1665,78,user_3,0.00036283767255786413,0.007141686064424915,3.479187680367659,0.019048298416337983,10.625310899999022,ok,fill_mean,Fill with column mean
1671,79,user_3,0.0003255798904248038,0.0078887491448063,7.855518071947018,0.018043832476079016,10.877510800000891,ok,fill_mean,Fill with column mean
1677,80,user_3,0.0003259315275337566,0.00766225009734788,7.122910126677621,0.018053573816110665,10.151398300000437,ok,fill_mean,Fill with column mean
1683,81,user_3,0.000359796377544188,0.006708175867508936,3.4703115458216494,0.01896829927917071,10.749678199998016,ok,fill_mean,Fill with column mean
1689,82,user_3,0.0003475547229563218,0.006871152351293186,4.582980386451162,0.018642819608533517,10.630796299999929,ok,fill_mean,Fill with column mean
1695,83,user_3,0.00037981119393509745,0.007841259102101995,3.905721835145761,0.019488745314542377,11.573828399999911,ok,fill_mean,Fill with column mean
1701,84,user_3,0.00034853158530120053,0.006674873742830191,3.857104456812457,0.018669000650843648,10.425674699999945,ok,fill_mean,Fill with column mean
1707,85,user_3,0.0003597177621023439,0.006991109678210938,3.967499826541993,0.01896622688102048,10.108941700000287,ok,fill_mean,Fill with column mean
1713,86,user_3,0.00031692754706485104,0.004588802355086716,2.3585325566105872,0.017802459017361928,9.850160599999072,ok,fill_mean,Fill with column mean
1719,87,user_3,0.00035079998401938735,0.006134479190513097,2.8441647664063647,0.018729655202896486,9.939109999999346,ok,fill_mean,Fill with column mean
1725,88,user_3,0.0003440708319668039,0.006228093031991804,3.390067244676508,0.018549146394559613,10.274550399997679,ok,fill_mean,Fill with column mean
1731,89,user_3,0.00043225009432867423,0.01024918206083759,5.627279428280358,0.020790625154830582,9.632289699999092,ok,fill_mean,Fill with column mean
1737,90,user_3,0.00032320921200060276,0.006118509867307258,4.629033356032108,0.01797802024697388,10.00666899999851,ok,fill_mean,Fill with column mean
1743,91,user_3,0.0004202312550403227,0.00930730622686962,4.876323390514467,0.02049954280076321,10.473880099998496,ok,fill_mean,Fill with column mean
1749,92,user_3,0.00032818934995842416,0.00621761615167609,4.3709867385947945,0.018115997073261635,9.89671829999861,ok,fill_mean,Fill with column mean
1755,93,user_3,0.00046247716056656106,0.011010651548013643,5.884090186134138,0.02150528215500929,10.544114100001025,ok,fill_mean,Fill with column mean
1761,94,user_3,0.000383581678722345,0.007696166589749889,3.817219455066831,0.019585241349606725,10.744939800002612,ok,fill_mean,Fill with column mean
1767,95,user_3,0.00036637218889169694,0.0071673835112575765,3.5634496300699112,0.019140851310526837,10.313086699999985,ok,fill_mean,Fill with column mean
1773,96,user_3,0.0003772367655482778,0.007616881513617009,3.744113439074993,0.019422583905038943,10.04690649999975,ok,fill_mean,Fill with column mean
1779,97,user_3,0.0003998672255110455,0.008797796576549577,4.637743395483589,0.01999668036227627,10.296350899996469,ok,fill_mean,Fill with column mean
1785,98,user_3,0.00038706815144406244,0.007880272671491231,3.8719783013028115,0.019674047662950868,10.286096600000747,ok,fill_mean,Fill with column mean
1791,99,user_3,0.00039934906076191727,0.008762690820533858,4.489035267874721,0.019983719893000833,10.328878799999075,ok,fill_mean,Fill with column mean
1797,100,user_3,0.0003256682867344421,0.006551730785194752,5.07287858941835,0.018046281798044773,10.53955760000099,ok,fill_mean,Fill with column mean
1204,1,user_4,0.0007642694978930818,0.012228019340095044,4.523335809741393,0.027645424538123516,10.108031499999925,ok,fill_mean,Fill with column mean
1210,2,user_4,0.0008482993878131248,0.01097916140072791,3.4149126982276656,0.02912557961334203,9.935582600000998,ok,fill_mean,Fill with column mean
1216,3,user_4,0.0007593011414672352,0.01127242228703114,3.9519976965358716,0.027555419457290706,10.285675500001162,ok,fill_mean,Fill with column mean
1222,4,user_4,0.0007493914876945441,0.008207323044086601,2.990525224662835,0.02737501575697344,10.529790800001138,ok,fill_mean,Fill with column mean
1228,5,user_4,0.0007601335973029489,0.0063613289765858515,1.9373167138112282,0.027570520439464848,10.592779500000688,ok,fill_mean,Fill with column mean
1234,6,user_4,0.0007450812136527386,0.00564047692397599,1.4580347124324837,0.027296175806378786,10.195278799999869,ok,fill_mean,Fill with column mean
1240,7,user_4,0.0008867009584648405,0.01785072263304888,6.222211240291536,0.029777524384421893,10.637420200000633,ok,fill_mean,Fill with column mean
1246,8,user_4,0.0007598277628951128,0.0064360546679865195,1.8214155758994919,0.027564973478948113,10.423597900000459,ok,fill_mean,Fill with column mean
1252,9,user_4,0.0007528966794383662,0.00908359218602101,3.2856371438946526,0.02743896279815194,10.129209400000036,ok,fill_mean,Fill with column mean
1258,10,user_4,0.0007515105293898569,0.005404482709165539,1.5796808099442288,0.027413692370599346,10.585212500000125,ok,fill_mean,Fill with column mean
1264,11,user_4,0.0007909023411910194,0.008075726548548566,2.1652352208240413,0.028122985993507505,10.329181699999026,ok,fill_mean,Fill with column mean
1270,12,user_4,0.0007698747243796567,0.006161882913202989,1.4225806543266186,0.027746616449211545,10.394197699999495,ok,fill_mean,Fill with column mean
1276,13,user_4,0.0007998967220395079,0.01307105904270188,4.17375579413814,0.028282445474879073,9.965214800000467,ok,fill_mean,Fill with column mean
1282,14,user_4,0.0009300354364441636,0.014077194223908795,4.574308527223252,0.030496482361809595,10.253854200000205,ok,fill_mean,Fill with column mean
1288,15,user_4,0.0007600137498834636,0.006416831393128781,1.7198434464701258,0.027568346883399875,9.87742629999957,ok,fill_mean,Fill with column mean
1294,16,user_4,0.0008866438502687171,0.01227156248724534,3.842179455863722,0.029776565454543564,10.101122400001259,ok,fill_mean,Fill with column mean
1300,17,user_4,0.0007698609811509202,0.008985310635845907,3.20905810194112,0.027746368792166666,10.031825499998376,ok,fill_mean,Fill with column mean
1306,18,user_4,0.0007626271332136313,0.01156646605387725,4.52444424602195,0.02761570446708958,10.37253790000068,ok,fill_mean,Fill with column mean
1312,19,user_4,0.0007453424875241224,0.007587606433472462,2.783011806559414,0.02730096129304099,9.976736500000698,ok,fill_mean,Fill with column mean
1318,20,user_4,0.0007547718832313746,0.007905649307084874,2.718680303285818,0.027473112004856214,9.949059499998839,ok,fill_mean,Fill with column mean
1324,21,user_4,0.0007531015038528285,0.0076855870630311305,2.6640730412405658,0.027442694908715298,10.091831800000364,ok,fill_mean,Fill with column mean
1330,22,user_4,0.0009399710754937271,0.012426531470035553,3.089949837627332,0.030658947723197008,9.965803799999776,ok,fill_mean,Fill with column mean
1336,23,user_4,0.0007772996012500514,0.00923767337361826,3.3303179964065373,0.027880093279077305,10.198483500000293,ok,fill_mean,Fill with column mean
1342,24,user_4,0.0009103999480221228,0.013012403014718675,4.163299661206436,0.030172834603698122,10.52104970000073,ok,fill_mean,Fill with column mean
1348,25,user_4,0.0008086973261176363,0.009033461270859865,2.6034350829764836,0.02843760408539433,10.727264900000591,ok,fill_mean,Fill with column mean
1354,26,user_4,0.0007388512187371836,0.007148775740015445,2.33280709480794,0.027181817796777016,10.377737699998761,ok,fill_mean,Fill with column mean
1360,27,user_4,0.0007782100994423297,0.009661205531013394,3.468231971436051,0.027896417322701667,10.509544100001222,ok,fill_mean,Fill with column mean
1366,28,user_4,0.0008056159970305643,0.010289735746329293,3.390119715340942,0.028383375363592055,10.347041199998785,ok,fill_mean,Fill with column mean
1372,29,user_4,0.0007804363873795067,0.01029362630932728,3.8207774304575204,0.027936291582447138,10.380465600001116,ok,fill_mean,Fill with column mean
1378,30,user_4,0.000833490313518555,0.010946534607219529,3.4291241563241446,0.028870232308011567,10.20458570000119,ok,fill_mean,Fill with column mean
1384,31,user_4,0.000876382718232347,0.012557656781456941,3.9016967398767477,0.02960376189325179,10.039639399999942,ok,fill_mean,Fill with column mean
1390,32,user_4,0.0009304029799101588,0.01246339601553745,3.261489448001398,0.030502507764283232,10.026276399999915,ok,fill_mean,Fill with column mean
1396,33,user_4,0.0009905973379992412,0.014142920308601687,3.6919783116506815,0.03147375633760993,9.869489699998667,ok,fill_mean,Fill with column mean
1402,34,user_4,0.0009718986824374284,0.013795959719826752,3.6866553254381937,0.03117528961272739,10.03161050000017,ok,fill_mean,Fill with column mean
1408,35,user_4,0.0008021601599353701,0.011576583110761523,4.601507853613228,0.028322432097815507,9.927789600000324,ok,fill_mean,Fill with column mean
1414,36,user_4,0.0009591339778700038,0.012758422423061999,3.138317093447739,0.030969888244389964,10.200863899999604,ok,fill_mean,Fill with column mean
1420,37,user_4,0.0010985549207732043,0.016617474279163495,4.446850411620151,0.03314445535490369,10.077978499999517,ok,fill_mean,Fill with column mean
1426,38,user_4,0.001061388738835139,0.01557461691793162,4.004798894720771,0.032578961598478534,10.179218400000536,ok,fill_mean,Fill with column mean
1432,39,user_4,0.0010660897860041497,0.015208345338735193,3.8162762594445945,0.03265103039728072,10.03888779999943,ok,fill_mean,Fill with column mean
1438,40,user_4,0.0010152110006008243,0.014953339660032294,4.0259662680380295,0.031862375940924816,10.400040999998964,ok,fill_mean,Fill with column mean
1444,41,user_4,0.0008769341344088702,0.011952787683981789,3.4929399639381957,0.02961307370755137,10.324309199999334,ok,fill_mean,Fill with column mean
1450,42,user_4,0.001011461431854785,0.015993641329458626,4.892133918047055,0.0318034814423639,10.263485400000718,ok,fill_mean,Fill with column mean
1456,43,user_4,0.001002638900703707,0.014597365208538538,3.8595091784077447,0.03166447379483365,10.468941500001165,ok,fill_mean,Fill with column mean
1462,44,user_4,0.0010650925116802805,0.016322182586692408,4.384179732708075,0.03263575511123162,10.555328200000076,ok,fill_mean,Fill with column mean
1468,45,user_4,0.0011716849909353775,0.017769901901223788,4.525255592832863,0.034229884471545874,10.438670800000182,ok,fill_mean,Fill with column mean
1474,46,user_4,0.0015282504875972131,0.025662403984723702,7.709064455155744,0.03909284445518404,10.08589159999974,ok,fill_mean,Fill with column mean
1480,47,user_4,0.0010538797037766827,0.016006072687713518,4.434481551527739,0.0324635134231753,10.584095800000796,ok,fill_mean,Fill with column mean
1486,48,user_4,0.0011171870920494746,0.0169364841351242,4.382337305964235,0.03342434879020793,10.487149399999907,ok,fill_mean,Fill with column mean
1492,49,user_4,0.00102195587912627,0.014834578308446993,3.868678377627584,0.031968044655972784,10.175420799998392,ok,fill_mean,Fill with column mean
1498,50,user_4,0.0009897853959508636,0.013997888569064532,3.564066685052013,0.03146085497806542,10.231557400000383,ok,fill_mean,Fill with column mean
1504,51,user_4,0.0011651909137903335,0.017713656360417628,4.524965218348498,0.034134892907263285,10.113984399999026,ok,fill_mean,Fill with column mean
1510,52,user_4,0.0008313301986815704,0.010454161372120772,3.02369050596935,0.02883279727465877,10.080223299999489,ok,fill_mean,Fill with column mean
1516,53,user_4,0.0011015981395912306,0.016509476288162885,4.250648587703825,0.03319033201990047,10.091061799997988,ok,fill_mean,Fill with column mean
1522,54,user_4,0.001099879113340706,0.01649198187277683,4.227018643298292,0.033164425418521964,10.114222399999562,ok,fill_mean,Fill with column mean
1528,55,user_4,0.0012858923461313747,0.02083029699770929,5.764965662909057,0.0358593411279596,10.180610300001717,ok,fill_mean,Fill with column mean
1534,56,user_4,0.001027111727749343,0.014972899367910493,3.9423295645618586,0.03204858386495951,9.963248600000952,ok,fill_mean,Fill with column mean
1540,57,user_4,0.0008938721580297271,0.012284741060104349,3.4536607714570335,0.029897694861472632,9.96170340000026,ok,fill_mean,Fill with column mean
1546,58,user_4,0.0009644774389729873,0.013688941018237255,3.6098870628950666,0.031056037077724315,10.612887799998134,ok,fill_mean,Fill with column mean
1552,59,user_4,0.0011121330686718067,0.01655095778274689,4.186674906226023,0.0333486591735231,10.711584700002277,ok,fill_mean,Fill with column mean
1558,60,user_4,0.0011380776636407796,0.017916579593701375,4.939864243415228,0.033735406676676946,10.332970299998124,ok,fill_mean,Fill with column mean
1564,61,user_4,0.0011854045892113322,0.019532430053485646,5.7304381018413615,0.03442970504101556,10.264305200002127,ok,fill_mean,Fill with column mean
1570,62,user_4,0.0009522748712165939,0.013070810496130916,3.3762998256175716,0.030858951233257974,10.341029100000014,ok,fill_mean,Fill with column mean
1576,63,user_4,0.0011927541312718515,0.019434725952131762,5.559658497936367,0.03453627268933131,10.595305700000608,ok,fill_mean,Fill with column mean
1582,64,user_4,0.0012182458073980843,0.019227416685579434,5.235029176098339,0.03490337816598967,10.464394300001004,ok,fill_mean,Fill with column mean
1588,65,user_4,0.0011740871591877664,0.017798970138876494,4.53661517958068,0.034264955263180574,10.522595100002945,ok,fill_mean,Fill with column mean
1594,66,user_4,0.0009349688391690938,0.012865238747166257,3.339861849597147,0.03057726016452576,10.441250100000616,ok,fill_mean,Fill with column mean
1600,67,user_4,0.0009560305702287408,0.013418330760036963,3.554389918015495,0.0309197440194569,9.884974000000511,ok,fill_mean,Fill with column mean
1606,68,user_4,0.001273652149689598,0.020771842461807744,5.895290594731875,0.035688263472598354,10.09733369999958,ok,fill_mean,Fill with column mean
1612,69,user_4,0.0011846909903492687,0.019603819253651514,5.795991666804101,0.034419340353197776,9.858514599996852,ok,fill_mean,Fill with column mean
1618,70,user_4,0.0011328028676658452,0.01654714180072435,4.265368182462943,0.0336571369499226,10.218485800000053,ok,fill_mean,Fill with column mean
1624,71,user_4,0.000979565250758491,0.013452966594575623,3.3627652750434565,0.031298007137172346,9.828963799998746,ok,fill_mean,Fill with column mean
1630,72,user_4,0.001154301667880098,0.01774115231499719,4.657610889903649,0.03397501534775368,9.967673499999364,ok,fill_mean,Fill with column mean
1636,73,user_4,0.0013724590992588558,0.02223731561823012,6.270961438550639,0.037046715094038445,9.979039200003172,ok,fill_mean,Fill with column mean
1642,74,user_4,0.0008639354474143799,0.010403530546757746,2.7473992691131066,0.02939277883110714,10.198346600001969,ok,fill_mean,Fill with column mean
1648,75,user_4,0.0010963109474688864,0.016446699863353797,4.266728317457026,0.03311058663734133,9.685648200000287,ok,fill_mean,Fill with column mean
1654,76,user_4,0.0010296488158069732,0.01477639348857956,3.711661522764657,0.03208814135793741,10.265362899997854,ok,fill_mean,Fill with column mean
1660,77,user_4,0.001409813761420143,0.022586128947122114,6.200203159829475,0.037547486752379886,10.52433050000036,ok,fill_mean,Fill with column mean
1666,78,user_4,0.0012760982799132359,0.020132487418858425,5.430680464953909,0.035722517827180604,10.638442100000248,ok,fill_mean,Fill with column mean
1672,79,user_4,0.0014350883698629321,0.02184002489798851,5.586894503452017,0.037882560233739905,10.203367099999014,ok,fill_mean,Fill with column mean
1678,80,user_4,0.0009298012874528399,0.01247280204548004,3.221996925192474,0.03049264316934234,10.49839879999854,ok,fill_mean,Fill with column mean
1684,81,user_4,0.0014448445543783187,0.023196143622307198,6.4583059671718335,0.03801111093323002,10.571190599999682,ok,fill_mean,Fill with column mean
1690,82,user_4,0.0013545707227564585,0.02078042211913824,5.387873130679413,0.03680449324140272,10.421359399999346,ok,fill_mean,Fill with column mean
1696,83,user_4,0.0011036562429098259,0.016376574070028835,4.159525969892002,0.033221322112610537,11.764163400002872,ok,fill_mean,Fill with column mean
1702,84,user_4,0.0010671120646007384,0.01570588642420818,4.114160902119815,0.032666681260892394,10.403011300000799,ok,fill_mean,Fill with column mean
1708,85,user_4,0.0013741108772074705,0.022107937301306144,6.11391438986977,0.037069001567448114,9.779946000002383,ok,fill_mean,Fill with column mean
1714,86,user_4,0.0014025362681718188,0.022478382319940343,6.213144432867564,0.037450450840701754,10.230172199997469,ok,fill_mean,Fill with column mean
1720,87,user_4,0.0013123763139190373,0.020620540345816032,5.510217756189116,0.0362267347951625,10.297978300000977,ok,fill_mean,Fill with column mean
1726,88,user_4,0.001312847529006706,0.019914764871647214,5.036583774753634,0.03623323790398404,9.80597200000193,ok,fill_mean,Fill with column mean
1732,89,user_4,0.0012705073584475379,0.01997909415855768,5.3382491249125765,0.03564417706228519,10.354352099999232,ok,fill_mean,Fill with column mean
1738,90,user_4,0.0013975459805326263,0.02259124595930995,6.264199020932941,0.037383766270035264,10.094827600001736,ok,fill_mean,Fill with column mean
1744,91,user_4,0.0013481406650055364,0.022045982100797907,6.2320211904213085,0.0367170350791773,10.24022789999799,ok,fill_mean,Fill with column mean
1750,92,user_4,0.0014064085045398672,0.021807535285478213,5.730056118779794,0.0375021133343158,10.065883499999472,ok,fill_mean,Fill with column mean
1756,93,user_4,0.0011096768977877532,0.01641851923006266,4.136970522871154,0.03331181318673232,10.454834000000119,ok,fill_mean,Fill with column mean
1762,94,user_4,0.0011945036490173023,0.018172830435129756,4.652247365687923,0.03456159210767499,10.472657500002242,ok,fill_mean,Fill with column mean
1768,95,user_4,0.001275664549814326,0.020649123641459363,5.8376670204786,0.03571644648917815,10.613944400000037,ok,fill_mean,Fill with column mean
1774,96,user_4,0.0011304797086304252,0.016437736712481502,4.060056016354871,0.0336226071063864,10.437275699998281,ok,fill_mean,Fill with column mean
1780,97,user_4,0.0016972173743600586,0.027686542657001035,8.117339276414638,0.04119729814393243,10.132790700001351,ok,fill_mean,Fill with column mean
1786,98,user_4,0.0012327495148633703,0.020041679994000212,5.649653603900245,0.03511053281941717,10.31336299999748,ok,fill_mean,Fill with column mean
1792,99,user_4,0.00117908240799864,0.017442905027945217,4.373452118483539,0.03433776940918906,10.596324099999038,ok,fill_mean,Fill with column mean
1798,100,user_4,0.0012810104080440093,0.019390807673309838,4.9111036032695745,0.0357912057361024,10.549670600001264,ok,fill_mean,Fill with column mean
605,1,global_aggregated,0.0010333424928730933,0.01750657064201082,15.378434765751708,0.03214564500633162,1.5983937000000878,ok,fill_zero,Fill with zero
611,2,global_aggregated,0.0005649954881317233,0.005816121154614756,7.066151010838154,0.023769633739957444,1.808778300000995,ok,fill_zero,Fill with zero
617,3,global_aggregated,0.0006209064179144789,0.006478359401598048,5.779494921312323,0.024917993858143535,2.0744178000004467,ok,fill_zero,Fill with zero
623,4,global_aggregated,0.0006784177187410717,0.007118715433103766,4.672444993393234,0.02604645309329222,1.5781010999999125,ok,fill_zero,Fill with zero
629,5,global_aggregated,0.0006227567874689017,0.010210308794138687,9.297333473939831,0.024955095420953647,1.922558399999616,ok,fill_zero,Fill with zero
635,6,global_aggregated,0.0006476174600947402,0.006981876194095864,5.059792355497909,0.025448329220102844,1.9139829000014288,ok,fill_zero,Fill with zero
641,7,global_aggregated,0.0006171933588361951,0.007919373695010718,6.536708830233573,0.02484337655867646,1.4794197999999597,ok,fill_zero,Fill with zero
647,8,global_aggregated,0.0005941349591098823,0.0074316865786324795,6.843637430016816,0.024374883776335884,1.5071026999994501,ok,fill_zero,Fill with zero
653,9,global_aggregated,0.0006327616529933466,0.006480663495941972,4.732323209736222,0.025154754083340718,1.6860379999998258,ok,fill_zero,Fill with zero
659,10,global_aggregated,0.0006388494529971608,0.007721545533033502,7.553929032861112,0.02527547137042474,1.5508832000014081,ok,fill_zero,Fill with zero
665,11,global_aggregated,0.0005934375437618361,0.0068619023357768556,5.9278879721125906,0.024360573551577887,1.5805720000007568,ok,fill_zero,Fill with zero
671,12,global_aggregated,0.0006222833035332998,0.006059075258988816,5.663817973425211,0.02494560689847613,1.7262154999989434,ok,fill_zero,Fill with zero
677,13,global_aggregated,0.0006671520655436218,0.008021209519658285,5.9149982649994435,0.025829286973194244,2.231914300000426,ok,fill_zero,Fill with zero
683,14,global_aggregated,0.0007129314589242,0.008478876425606135,5.955496640381737,0.026700776373060765,1.7595219999984693,ok,fill_zero,Fill with zero
689,15,global_aggregated,0.000692438690877784,0.008990298618174169,6.540393818053415,0.026314229817301967,2.047089400000914,ok,fill_zero,Fill with zero
695,16,global_aggregated,0.0007786876759791472,0.010580013511432722,5.893742867260275,0.027904975828320425,1.9672742000002472,ok,fill_zero,Fill with zero
701,17,global_aggregated,0.0007182593548730575,0.011627911166374919,7.269455750255426,0.026800361095945285,1.667262999999366,ok,fill_zero,Fill with zero
707,18,global_aggregated,0.0007393272823599024,0.01082806987463406,7.057083208488294,0.027190573409913633,1.8802698999988934,ok,fill_zero,Fill with zero
713,19,global_aggregated,0.0005851924563994716,0.007266432156525404,8.294344059776705,0.024190751464133388,1.9124582000004011,ok,fill_zero,Fill with zero
719,20,global_aggregated,0.0006454784271996154,0.008017633986127688,7.592773904691888,0.025406267478707206,1.526986400000169,ok,fill_zero,Fill with zero
725,21,global_aggregated,0.0006416895726711565,0.00950076411477901,9.562840260938074,0.025331592383250532,1.9092499000016687,ok,fill_zero,Fill with zero
731,22,global_aggregated,0.0007681266086208762,0.010693750036388177,8.875293818777724,0.02771509712450736,2.253203800000847,ok,fill_zero,Fill with zero
737,23,global_aggregated,0.0007747382014372419,0.011026941090006502,8.342309808631827,0.027834119375996825,1.7680287000002863,ok,fill_zero,Fill with zero
743,24,global_aggregated,0.0006982784204626518,0.008911793218044963,8.8223308453153,0.026424958286866827,1.5542100000002392,ok,fill_zero,Fill with zero
749,25,global_aggregated,0.0006523685383798567,0.007145698798776139,6.913926817364295,0.025541506188552325,1.4969397000004392,ok,fill_zero,Fill with zero
755,26,global_aggregated,0.0007407367812814783,0.009874604522133793,8.416503681317161,0.027216479957582286,1.5925652999994782,ok,fill_zero,Fill with zero
761,27,global_aggregated,0.0007185262713299605,0.009638348849538389,9.871303393769288,0.02680534035094426,1.5820562000008067,ok,fill_zero,Fill with zero
767,28,global_aggregated,0.0006375751759827817,0.006831392497397309,6.638437753087728,0.025250251008312404,1.6782216999999946,ok,fill_zero,Fill with zero
773,29,global_aggregated,0.0006809056161251774,0.009713142671444668,11.857883585699273,0.026094168239765327,1.6004642999996577,ok,fill_zero,Fill with zero
779,30,global_aggregated,0.0006712850752266705,0.008520312785141152,9.989176955867055,0.02590916971318592,1.6542981000002328,ok,fill_zero,Fill with zero
785,31,global_aggregated,0.0007752899834958241,0.010148063177508458,6.625171814931448,0.02784402958437992,1.524673800000528,ok,fill_zero,Fill with zero
791,32,global_aggregated,0.0006933276955387241,0.00829248913918378,7.584701670293191,0.0263311164886475,2.323179999999411,ok,fill_zero,Fill with zero
797,33,global_aggregated,0.0007192528573571892,0.008946313289895556,7.32460535026984,0.026818889935215237,2.3262715000000753,ok,fill_zero,Fill with zero
803,34,global_aggregated,0.0007349116042915162,0.009245379805053647,9.853585960729262,0.02710925311201908,1.7909254000005603,ok,fill_zero,Fill with zero
809,35,global_aggregated,0.0006868603657446088,0.009000539116808117,10.148092649396167,0.026208021019233956,1.795371599999271,ok,fill_zero,Fill with zero
815,36,global_aggregated,0.0007347492044452739,0.008399840741132359,7.691304766969588,0.02710625766212064,1.8479784999999538,ok,fill_zero,Fill with zero
821,37,global_aggregated,0.0007591719270558825,0.009925315995730075,9.09608066786904,0.027553074729617426,1.7640999000013835,ok,fill_zero,Fill with zero
827,38,global_aggregated,0.000669725746863538,0.009082865694017376,11.091930277541246,0.025879060007340644,1.8268051000013656,ok,fill_zero,Fill with zero
833,39,global_aggregated,0.0006679859818446223,0.008331233238644023,9.37342130050269,0.025845424775859698,1.9804697999989003,ok,fill_zero,Fill with zero
839,40,global_aggregated,0.0006742170751107858,0.008036243489591307,10.122427607612945,0.025965690345353537,1.5099667000013142,ok,fill_zero,Fill with zero
845,41,global_aggregated,0.0006917888044640834,0.010551598009761335,12.564682050904421,0.026301878344789056,2.1630915999994613,ok,fill_zero,Fill with zero
851,42,global_aggregated,0.0006825536001368795,0.009814240316833794,11.846042719813006,0.02612572678676862,1.8986795000000711,ok,fill_zero,Fill with zero
857,43,global_aggregated,0.0006324011151537415,0.010344939152021542,12.88230385127386,0.025147586666591715,1.5359100999994553,ok,fill_zero,Fill with zero
863,44,global_aggregated,0.0007159365720837825,0.008569955452069606,8.726004768217896,0.026756991088008802,1.787622800000463,ok,fill_zero,Fill with zero
869,45,global_aggregated,0.0006894659749291496,0.008527335124986213,9.476228484321624,0.026257684112068025,1.7590977999989263,ok,fill_zero,Fill with zero
875,46,global_aggregated,0.0006789683984170303,0.008608128746819781,10.954176231314012,0.02605702205581118,1.6065495000002556,ok,fill_zero,Fill with zero
881,47,global_aggregated,0.0006607892554732681,0.007923382506270149,9.117101222037931,0.025705821431599267,1.7263844999997673,ok,fill_zero,Fill with zero
887,48,global_aggregated,0.0006358247698663499,0.008645761467295836,10.952638156480456,0.025215566023120518,1.7262107000005926,ok,fill_zero,Fill with zero
893,49,global_aggregated,0.0006785224305145413,0.008598274148176002,9.762790445867303,0.02604846311233239,1.8830022000001918,ok,fill_zero,Fill with zero
899,50,global_aggregated,0.0006956828317415102,0.009330705768145877,9.61076649165641,0.02637580011566493,1.8880705999999918,ok,fill_zero,Fill with zero
905,51,global_aggregated,0.0006717825647625973,0.008419219802907182,10.387239097784871,0.025918768581138212,1.8237601000000723,ok,fill_zero,Fill with zero
911,52,global_aggregated,0.0007033863047808809,0.009455800679638216,10.986136445083877,0.026521431047001987,1.642591600000742,ok,fill_zero,Fill with zero
917,53,global_aggregated,0.0006263183944122564,0.006391331872392866,8.293484559430798,0.02502635399758136,1.5151282000006177,ok,fill_zero,Fill with zero
923,54,global_aggregated,0.000648684215518357,0.007656390808007922,10.004604497280607,0.02546927983902091,1.6504229000001942,ok,fill_zero,Fill with zero
929,55,global_aggregated,0.0006760611673161982,0.008661094781494842,9.811174778683721,0.02600117626793446,1.92172120000032,ok,fill_zero,Fill with zero
935,56,global_aggregated,0.0007121784686788965,0.008782206351523261,9.413810338688517,0.026686672116974355,2.0596285999999964,ok,fill_zero,Fill with zero
941,57,global_aggregated,0.0007058367331575317,0.009661406503822897,12.06909029872659,0.026567588019192328,1.8811093999993318,ok,fill_zero,Fill with zero
947,58,global_aggregated,0.000652558887679245,0.00784966942473815,9.984363850458662,0.025545232190748335,1.4781335000006948,ok,fill_zero,Fill with zero
953,59,global_aggregated,0.0006432787855298703,0.007620929441536157,10.139770350840253,0.02536294118452886,1.6226232000008167,ok,fill_zero,Fill with zero
959,60,global_aggregated,0.0006381854365156129,0.007601781934012116,11.250178495744462,0.025262332364918583,1.5150843000010354,ok,fill_zero,Fill with zero
965,61,global_aggregated,0.0006935327099673395,0.009896470586486229,11.916545839805828,0.026335009207656253,1.8224257000001671,ok,fill_zero,Fill with zero
971,62,global_aggregated,0.0006529813014147892,0.008006348005612143,9.242513216851481,0.025553498809650105,1.6125358999997843,ok,fill_zero,Fill with zero
977,63,global_aggregated,0.0007071406186101155,0.010160517140080977,10.01254463583727,0.026592115722712164,1.716803200000868,ok,fill_zero,Fill with zero
983,64,global_aggregated,0.0006809043094728144,0.009241370016183137,9.392784433133675,0.02609414320250455,1.5761234999990847,ok,fill_zero,Fill with zero
989,65,global_aggregated,0.0007329022051938981,0.011001687212483693,13.38700453965917,0.02707216661432731,2.026117899999008,ok,fill_zero,Fill with zero
995,66,global_aggregated,0.0006433133432659721,0.00913255653268982,13.486280512335586,0.02536362243974571,1.541558000000805,ok,fill_zero,Fill with zero
1001,67,global_aggregated,0.0006845110412108391,0.008647806671924581,8.364480728181162,0.026163161911566406,2.1069225999999617,ok,fill_zero,Fill with zero
1007,68,global_aggregated,0.0007064188258862059,0.010736157738238189,14.04998604874614,0.026578540702721167,2.1280611000001954,ok,fill_zero,Fill with zero
1013,69,global_aggregated,0.0006812486389242825,0.009413625253504664,10.437058119918252,0.026100740198781384,1.9057910999999876,ok,fill_zero,Fill with zero
1019,70,global_aggregated,0.0006646081485986941,0.008845169546765154,12.566643590644869,0.02577999512410144,1.8024714999992284,ok,fill_zero,Fill with zero
1025,71,global_aggregated,0.0007047719172502313,0.010503549305891502,12.95487224682986,0.0265475407006041,2.006077699999878,ok,fill_zero,Fill with zero
1031,72,global_aggregated,0.0009536208922923019,0.016499920836826797,14.640950248818932,0.030880752780531467,1.6334827999999106,ok,fill_zero,Fill with zero
1037,73,global_aggregated,0.0006762581743299512,0.008562642839637853,9.2502859865677,0.026004964417009904,1.887935999999172,ok,fill_zero,Fill with zero
1043,74,global_aggregated,0.0006875601156010602,0.010010409271565457,12.68387412975914,0.026221367538728033,1.5974397999998473,ok,fill_zero,Fill with zero
1049,75,global_aggregated,0.0006432650933827556,0.00953261821695219,12.711432922904326,0.02536267125881569,1.8835368000000017,ok,fill_zero,Fill with zero
1055,76,global_aggregated,0.0007976716261552257,0.012325129610700189,12.140392550108768,0.028243081031559317,1.5322808000000805,ok,fill_zero,Fill with zero
1061,77,global_aggregated,0.0007421685544433297,0.01131165595203885,10.768442825867632,0.027242770682207228,1.8570331999999325,ok,fill_zero,Fill with zero
1067,78,global_aggregated,0.0007345653528744392,0.011590459792673152,12.086847832911701,0.027102866137632735,1.5169150999990961,ok,fill_zero,Fill with zero
1073,79,global_aggregated,0.0007479885989024417,0.01126360617815439,9.760854585192023,0.027349380228854213,1.503322600001411,ok,fill_zero,Fill with zero
1079,80,global_aggregated,0.0007638949374221909,0.012088514755832187,12.591921681921715,0.027638649341496246,1.9754977000011422,ok,fill_zero,Fill with zero
1085,81,global_aggregated,0.0006772823579465817,0.009548885821060523,7.3805837009928625,0.02602464904559871,1.9884188999985781,ok,fill_zero,Fill with zero
1091,82,global_aggregated,0.0006790856368491181,0.009662946571832882,11.96524568505769,0.02605927161010296,1.7262690999996266,ok,fill_zero,Fill with zero
1097,83,global_aggregated,0.0008998915286213685,0.01575989072551482,11.48927960938514,0.029998192089213786,1.547256899999411,ok,fill_zero,Fill with zero
1103,84,global_aggregated,0.0006353483390919404,0.007351570372857822,9.359698526007357,0.025206117096687866,1.8719624000004842,ok,fill_zero,Fill with zero
1109,85,global_aggregated,0.0007728840522524701,0.012869824585988503,14.77304578905842,0.02780079229540896,1.5451565999992454,ok,fill_zero,Fill with zero
1115,86,global_aggregated,0.0007721794513671045,0.013006001763055303,14.942202471952045,0.02778811708927225,1.5532726000001276,ok,fill_zero,Fill with zero
1121,87,global_aggregated,0.0006965287718904805,0.010059156227318589,10.476377115894515,0.026391831537248046,1.9000528999986273,ok,fill_zero,Fill with zero
1127,88,global_aggregated,0.0008446163154738264,0.013900411054919714,10.59865099292785,0.029062283383688665,1.7665953999985504,ok,fill_zero,Fill with zero
1133,89,global_aggregated,0.0006640868525970135,0.009089397707450732,9.396143896572763,0.025769882665565506,1.9645043000000442,ok,fill_zero,Fill with zero
1139,90,global_aggregated,0.000732340278736128,0.011371601237155537,13.568383015588633,0.027061786318277808,1.7705396000001201,ok,fill_zero,Fill with zero
1145,91,global_aggregated,0.000840992963336387,0.0135409869017518,9.396470033834058,0.028999878677959792,1.6610735999984172,ok,fill_zero,Fill with zero
1151,92,global_aggregated,0.0007961354082788554,0.01273901617155594,11.770748010972712,0.028215871566883335,1.6872910000001866,ok,fill_zero,Fill with zero
1157,93,global_aggregated,0.0007206861035792422,0.01018463750651865,8.4243815393716,0.026845597471079726,1.586748900001112,ok,fill_zero,Fill with zero
1163,94,global_aggregated,0.0009320494253769769,0.016406027099486218,10.68162789350863,0.030529484525241773,1.9877777000001515,ok,fill_zero,Fill with zero
1169,95,global_aggregated,0.0006775633813639186,0.008954727658835005,7.746028138106821,0.026030047663496866,2.0790524999993067,ok,fill_zero,Fill with zero
1175,96,global_aggregated,0.0010412191172235051,0.017188391320478034,9.252037433369317,0.03226792706734514,1.772236000000703,ok,fill_zero,Fill with zero
1181,97,global_aggregated,0.0007254639914014438,0.011530144969600692,8.869346871994988,0.02693443876158261,1.5333620999990671,ok,fill_zero,Fill with zero
1187,98,global_aggregated,0.0006573268938081444,0.009753185609120276,14.174865160023103,0.025638387114016052,2.076880799999344,ok,fill_zero,Fill with zero
1193,99,global_aggregated,0.0007117504503755818,0.010732785459181052,11.78439256243244,0.026678651584658132,1.695626099999572,ok,fill_zero,Fill with zero
1199,100,global_aggregated,0.0007874144363178621,0.012845677798800612,13.099717106566294,0.02806090583566151,1.5692921000008937,ok,fill_zero,Fill with zero
600,1,user_0,0.0008841553057979157,0.008588878332905144,2.1841897958724488,0.029734749129560784,10.476092400000198,ok,fill_zero,Fill with zero
606,2,user_0,0.0009027132240584774,0.010934422897735871,2.259024075198397,0.03004518637083946,10.813232399999833,ok,fill_zero,Fill with zero
612,3,user_0,0.0009136548094320824,0.010125059367476144,2.7348672147624016,0.03022672343195806,10.511873800000103,ok,fill_zero,Fill with zero
618,4,user_0,0.0014534525262660091,0.018858622287226432,4.394024410259396,0.038124172466638656,10.376191699999254,ok,fill_zero,Fill with zero
624,5,user_0,0.0015751549696163558,0.019153102129357506,3.926068478588649,0.03968822205159052,9.789733699999488,ok,fill_zero,Fill with zero
630,6,user_0,0.0011966511558247198,0.015069086136671012,3.8394837358757536,0.03459264597894645,9.99165449999964,ok,fill_zero,Fill with zero
636,7,user_0,0.0010843733198848341,0.013269706720121201,2.8856296327395476,0.032929824170269024,10.068561099998988,ok,fill_zero,Fill with zero
642,8,user_0,0.0010762009841379396,0.011938235241174131,3.1627315734676698,0.03280550234545936,10.006911399999808,ok,fill_zero,Fill with zero
648,9,user_0,0.001394569394837523,0.012699607475749641,2.250166304463341,0.03734393384256033,10.169012399999701,ok,fill_zero,Fill with zero
654,10,user_0,0.0011553850233382546,0.015118941386537186,3.9926790258578824,0.033990955022450524,10.195521499999813,ok,fill_zero,Fill with zero
660,11,user_0,0.0012325952901866318,0.01310122515069655,2.493594011633552,0.03510833647706242,9.946957899999688,ok,fill_zero,Fill with zero
666,12,user_0,0.0014069982207676767,0.01584061542162072,3.216902046848153,0.03750997495024059,9.893501799999285,ok,fill_zero,Fill with zero
672,13,user_0,0.0016754001870979605,0.02304352634222578,5.343058805200292,0.04093165263091585,10.023950499999046,ok,fill_zero,Fill with zero
678,14,user_0,0.0014172035923217215,0.015991099106905573,3.3661360938175546,0.037645764600041286,10.57151999999951,ok,fill_zero,Fill with zero
684,15,user_0,0.0010936458219710844,0.01005999136574821,2.0952346682330734,0.03307031632704901,10.288666700000249,ok,fill_zero,Fill with zero
690,16,user_0,0.0010832717981393404,0.010131783220997033,2.1210716959605698,0.032913094630243146,10.780767500000366,ok,fill_zero,Fill with zero
696,17,user_0,0.001308538397633059,0.012814969916998995,2.262597220723428,0.03617372523853548,10.403402899999492,ok,fill_zero,Fill with zero
702,18,user_0,0.0012594134068160164,0.015550012289679454,3.177051359812846,0.03548821504127837,10.327908199999001,ok,fill_zero,Fill with zero
708,19,user_0,0.0010509239447447634,0.013295609147447256,2.8762509273224586,0.03241795713404476,10.538035900000978,ok,fill_zero,Fill with zero
714,20,user_0,0.0018490429125765694,0.027590546619904746,6.426727183564314,0.043000498980553345,10.60104919999867,ok,fill_zero,Fill with zero
720,21,user_0,0.0010419161242986572,0.012580715397988525,2.8907619359846706,0.03227872556806816,10.530822599999738,ok,fill_zero,Fill with zero
726,22,user_0,0.0011789261943292838,0.01359537885764369,2.914475949387758,0.034335494671393386,10.65710450000006,ok,fill_zero,Fill with zero
732,23,user_0,0.000956697047890407,0.00947420368929592,2.091516117344799,0.030930519683484255,10.031699799999842,ok,fill_zero,Fill with zero
738,24,user_0,0.001021577887766374,0.010717892111453811,2.3734646067144696,0.03196213209043436,10.254585399999996,ok,fill_zero,Fill with zero
744,25,user_0,0.0011155843678718413,0.013031238302463968,2.6617996794994685,0.03340036478650856,10.245851399999083,ok,fill_zero,Fill with zero
750,26,user_0,0.0016936633720704066,0.023813064697024933,5.312628363499796,0.04115414161503562,10.213309400000071,ok,fill_zero,Fill with zero
756,27,user_0,0.001092631321064792,0.010709665067478467,2.046240475057182,0.0330549742257469,10.303577900000164,ok,fill_zero,Fill with zero
762,28,user_0,0.001016968176997465,0.010340574767340016,2.2374527546974265,0.03188993849159112,10.247149500000887,ok,fill_zero,Fill with zero
768,29,user_0,0.0013258608170881603,0.013784623154676856,2.821474181404481,0.03641237175862292,10.307362800000192,ok,fill_zero,Fill with zero
774,30,user_0,0.001115289217147491,0.010027868369727928,1.8191179585168118,0.0333959461184661,10.102095600001121,ok,fill_zero,Fill with zero
780,31,user_0,0.0012653947172278413,0.013054734351221146,2.473322865360111,0.03557238700492056,9.965936499998861,ok,fill_zero,Fill with zero
786,32,user_0,0.0012404216636438222,0.014558116746481975,2.9911930817820016,0.03521962043582841,10.691881799999464,ok,fill_zero,Fill with zero
792,33,user_0,0.0011688424442091493,0.013687332931477454,2.9026529936932066,0.034188337839227416,10.455967699999746,ok,fill_zero,Fill with zero
798,34,user_0,0.0014200754463027055,0.01752169978135597,3.80796928964141,0.03768388841803225,10.581423300000097,ok,fill_zero,Fill with zero
804,35,user_0,0.001151687988408352,0.012539254104072443,2.6321660845784356,0.03393652882084955,10.822917999999845,ok,fill_zero,Fill with zero
810,36,user_0,0.0013227250374876305,0.014052384390525892,2.998102048003073,0.03636928700823856,10.877272699999594,ok,fill_zero,Fill with zero
816,37,user_0,0.0012800170322526134,0.013965958110457935,2.97550146031015,0.03577732567217138,10.479448199999752,ok,fill_zero,Fill with zero
822,38,user_0,0.000906475886595052,0.010789132370020495,2.8075420267504025,0.03010773798535938,10.60247740000159,ok,fill_zero,Fill with zero
828,39,user_0,0.0011577759174616104,0.01267132076730443,2.7015440658393857,0.03402610641054322,10.466376899999887,ok,fill_zero,Fill with zero
834,40,user_0,0.0011814548089940325,0.01114202838635376,2.0630574721859096,0.03437229711546833,10.402380899999116,ok,fill_zero,Fill with zero
840,41,user_0,0.0013066081042907701,0.015216970188571401,3.1440223847794755,0.03614703451585995,10.021710000000894,ok,fill_zero,Fill with zero
846,42,user_0,0.0011886517877602641,0.01199574305389483,2.375185081571258,0.03447682972316718,9.966937600000165,ok,fill_zero,Fill with zero
852,43,user_0,0.0010750634387708955,0.010706811607255302,2.0187968353487675,0.032788160039424225,10.232483400001001,ok,fill_zero,Fill with zero
858,44,user_0,0.00106460908524635,0.009586036002686482,1.8466809471014078,0.03262834787797798,10.183482999998887,ok,fill_zero,Fill with zero
864,45,user_0,0.0012845123284123338,0.013342201078842243,2.467458348671191,0.03584009386723665,10.166517300000123,ok,fill_zero,Fill with zero
870,46,user_0,0.001249104911855801,0.013471522710092509,2.523778320011172,0.03534267833449809,9.80161500000031,ok,fill_zero,Fill with zero
876,47,user_0,0.001218270923901935,0.012513433290741846,2.6511059623628626,0.034903737964606815,10.104213200000231,ok,fill_zero,Fill with zero
882,48,user_0,0.0010964347735387026,0.00959068822649516,1.8201155474789918,0.033112456470921973,10.392724900000758,ok,fill_zero,Fill with zero
888,49,user_0,0.0012857372576505677,0.014447277036228971,2.869749489855158,0.035857178606947974,9.982322300000305,ok,fill_zero,Fill with zero
894,50,user_0,0.0011019526756463338,0.011926837494728712,2.456505246867748,0.03319567254396774,10.4878336999991,ok,fill_zero,Fill with zero
900,51,user_0,0.0012051167368383288,0.012696724911672534,2.3213704391521572,0.03471479132644079,10.744573599999057,ok,fill_zero,Fill with zero
906,52,user_0,0.0011707706767387937,0.012923279998350322,2.6341888600350662,0.03421652636868321,10.543171999999686,ok,fill_zero,Fill with zero
912,53,user_0,0.001085957905413907,0.011119233759049234,2.3339502933181224,0.03295387542329289,10.314984599999661,ok,fill_zero,Fill with zero
918,54,user_0,0.0010969569591248462,0.01193289102715659,2.39486941146114,0.03312034056474731,10.458079300000463,ok,fill_zero,Fill with zero
924,55,user_0,0.0010641201842462482,0.010942060708657775,2.199203352504509,0.032620855050814475,10.39799260000109,ok,fill_zero,Fill with zero
930,56,user_0,0.0011116935751654367,0.009824788878723994,1.7760786413909897,0.033342069149430976,10.512009100000796,ok,fill_zero,Fill with zero
936,57,user_0,0.0013223369602947898,0.015511550348356431,3.275446251870271,0.036363951384507015,10.427003400000103,ok,fill_zero,Fill with zero
942,58,user_0,0.0010281017817773345,0.009713719554146539,2.0794011834759782,0.032064026287684684,10.526041299999633,ok,fill_zero,Fill with zero
948,59,user_0,0.0010374616102391998,0.010641220531860016,2.1553842064295834,0.032209650886639546,9.748851999998806,ok,fill_zero,Fill with zero
954,60,user_0,0.0011125525834947499,0.010848331844195612,2.20442585241975,0.033354948410914236,10.361902200000259,ok,fill_zero,Fill with zero
960,61,user_0,0.0010225670157720352,0.011639543930351492,2.699426195358721,0.03197760178268588,10.08583069999986,ok,fill_zero,Fill with zero
966,62,user_0,0.001174317950823763,0.012341359190123696,2.973115194007743,0.03426832284813138,9.83098179999979,ok,fill_zero,Fill with zero
972,63,user_0,0.03821123798252232,0.02223837083638929,3.842231365632318,0.19547695000312013,10.128680499999973,ok,fill_zero,Fill with zero
978,64,user_0,0.0010341642741162132,0.009643913927836896,1.9663700125956889,0.032158424621181514,9.960873300000458,ok,fill_zero,Fill with zero
984,65,user_0,0.0011864654084666418,0.014423527531684487,3.087378545820199,0.034445107177459064,10.061197600000014,ok,fill_zero,Fill with zero
990,66,user_0,0.0010091629850826466,0.00972235667689298,2.137593521015213,0.031767325746474895,10.305270799999562,ok,fill_zero,Fill with zero
996,67,user_0,0.021063733638095293,0.01853228037386088,3.1738506713534482,0.14513350281067186,10.24113529999886,ok,fill_zero,Fill with zero
1002,68,user_0,0.0011609596960920233,0.013894229031268374,2.9263743658633654,0.03407285864279696,10.434413200000563,ok,fill_zero,Fill with zero
1008,69,user_0,0.0011442565620783437,0.014208841929608619,3.027351427335808,0.033826861546385645,10.51681120000103,ok,fill_zero,Fill with zero
1014,70,user_0,0.0012202346812671399,0.012142050388427092,2.4368102433472747,0.034931857684170474,10.80247960000088,ok,fill_zero,Fill with zero
1020,71,user_0,0.0010900732848303121,0.011918364039076352,2.5440948785734356,0.033016257886536934,10.553227300000799,ok,fill_zero,Fill with zero
1026,72,user_0,0.0010140129299177555,0.010119790404382425,2.7221223656149465,0.03184356967925794,10.416871100000208,ok,fill_zero,Fill with zero
1032,73,user_0,0.0010750557875497768,0.011174280413115759,2.2126233230326915,0.032788043362631095,10.783577199999854,ok,fill_zero,Fill with zero
1038,74,user_0,0.001318427574313114,0.01468288899646641,2.9838197122936085,0.03631015800451871,10.416583800000808,ok,fill_zero,Fill with zero
1044,75,user_0,0.001090966909107705,0.011509863566871486,2.8363223096772474,0.03302978820864138,10.279757599999357,ok,fill_zero,Fill with zero
1050,76,user_0,0.0017071213846020377,0.022933327958697562,5.018535334045436,0.041317325477359224,11.01826710000023,ok,fill_zero,Fill with zero
1056,77,user_0,0.0010200606229088802,0.011611042665267074,2.6073987323915357,0.03193838791969438,10.083102300000974,ok,fill_zero,Fill with zero
1062,78,user_0,0.0011759236250309401,0.013027785382545403,2.7511072308948314,0.03429174281122119,9.794176600000355,ok,fill_zero,Fill with zero
1068,79,user_0,0.0013926759805115907,0.013504799944378634,2.882395692886465,0.03731857420255483,10.19345500000054,ok,fill_zero,Fill with zero
1074,80,user_0,0.0012707468644640463,0.015021680082773376,3.076227218026255,0.035647536583388845,10.195013999998991,ok,fill_zero,Fill with zero
1080,81,user_0,0.0010982934196812988,0.011298804549368517,2.6953357542637315,0.033140510250768605,10.869110999999975,ok,fill_zero,Fill with zero
1086,82,user_0,0.0009789182441625216,0.009559408401133446,2.045068507268552,0.031287669203098556,10.407861600000615,ok,fill_zero,Fill with zero
1092,83,user_0,0.0014206075023618162,0.015388791998812832,3.3875630636372076,0.03769094722027846,10.453420100000585,ok,fill_zero,Fill with zero
1098,84,user_0,0.0011706295212724213,0.01308809561277368,2.6666881904294044,0.034214463626840934,10.088909000000058,ok,fill_zero,Fill with zero
1104,85,user_0,0.0015340537401786398,0.02057995943614613,4.583105467294106,0.03916699810016897,9.921884900000805,ok,fill_zero,Fill with zero
1110,86,user_0,0.0009624074372962645,0.0070929028399227476,1.3806804629933398,0.03102269229606393,10.475107199999911,ok,fill_zero,Fill with zero
1116,87,user_0,0.0011373829192057713,0.013206371719460375,3.012911342809663,0.03372510814223983,10.318288000000393,ok,fill_zero,Fill with zero
1122,88,user_0,0.0018370017519068072,0.020410568907036467,4.208800673490334,0.04286025842090557,10.737101199998506,ok,fill_zero,Fill with zero
1128,89,user_0,0.0010469713341785985,0.009735972755116305,2.332618494603913,0.03235693641522013,10.429785500000435,ok,fill_zero,Fill with zero
1134,90,user_0,0.0015082064270449096,0.02239537268574292,5.177211134340336,0.038835633470369835,10.484887099999469,ok,fill_zero,Fill with zero
1140,91,user_0,0.0010308868661259686,0.011254868063752614,2.898862418423615,0.03210742696209039,10.33307539999987,ok,fill_zero,Fill with zero
1146,92,user_0,0.0010492853878433029,0.01213434805539131,2.5871184997874104,0.03239267491028339,10.673079799998959,ok,fill_zero,Fill with zero
1152,93,user_0,0.0009581456654163323,0.007656047959381376,1.6831470774474493,0.03095392810963307,10.240316400000665,ok,fill_zero,Fill with zero
1158,94,user_0,0.0014033054056287176,0.01742122363831198,4.157817393856976,0.03746071816755143,10.337202900000193,ok,fill_zero,Fill with zero
1164,95,user_0,0.0010739105134214431,0.0108398965881757,2.428622905053666,0.03277057389521037,10.227751499998703,ok,fill_zero,Fill with zero
1170,96,user_0,0.0013086948111730348,0.012118979762008358,2.3794860011363816,0.03617588715115408,10.170975999999428,ok,fill_zero,Fill with zero
1176,97,user_0,0.0010161506873442878,0.011775126977814888,2.5488924876607792,0.03187711855460414,10.037161899999774,ok,fill_zero,Fill with zero
1182,98,user_0,0.000961071805979433,0.009646194850453777,2.5626242424596035,0.03100115813932494,9.847080600000481,ok,fill_zero,Fill with zero
1188,99,user_0,0.0011398928247354971,0.013941440521056343,3.009643883545049,0.033762298866272376,10.074786899998799,ok,fill_zero,Fill with zero
1194,100,user_0,0.0011914223785115853,0.01466698585859525,3.2325836565779933,0.03451698681101213,10.02175139999963,ok,fill_zero,Fill with zero
601,1,user_1,0.0003064888366758807,0.005805978993999892,11.241653169803614,0.01750682257509571,10.341204800000924,ok,fill_zero,Fill with zero
607,2,user_1,0.0002910392398278378,0.002719901132166237,6.316882365161694,0.017059872210184863,10.447230300000228,ok,fill_zero,Fill with zero
613,3,user_1,0.00037996544974023774,0.011840227989111449,23.320707055342716,0.01949270247400903,10.524720699999307,ok,fill_zero,Fill with zero
619,4,user_1,0.00047678495495223486,0.015409189192113098,24.163364081202708,0.021835405994673762,10.231758700001592,ok,fill_zero,Fill with zero
625,5,user_1,0.0002993096016195975,0.004429291442695623,4.7348572118169425,0.01730056651152203,10.081565300000875,ok,fill_zero,Fill with zero
631,6,user_1,0.00033912629337558536,0.008326347336438441,8.777953542637816,0.018415381977455295,10.142046299999492,ok,fill_zero,Fill with zero
637,7,user_1,0.0004517392363251659,0.013562088986023122,18.211684662938197,0.02125415809495088,9.667784900000697,ok,fill_zero,Fill with zero
643,8,user_1,0.0003707785989585553,0.007827276014906742,5.276656566619412,0.01925561214188101,10.224659800000154,ok,fill_zero,Fill with zero
649,9,user_1,0.0003137485965988842,0.004909989329056757,17.05333967910153,0.017712949968847206,10.088254700000107,ok,fill_zero,Fill with zero
655,10,user_1,0.0002994975334405362,0.003578314222188422,7.882643778818722,0.017305997036881064,10.040674500000023,ok,fill_zero,Fill with zero
661,11,user_1,0.00029821282691845484,0.003303127506077005,10.080165396465127,0.017268839767582964,10.016916200000196,ok,fill_zero,Fill with zero
667,12,user_1,0.0003724834854092501,0.010193259452473886,26.55495595881701,0.019299831227480982,10.06516879999981,ok,fill_zero,Fill with zero
673,13,user_1,0.0003817546225856954,0.011257903976461642,23.632816861545397,0.019538541976966844,9.94003739999971,ok,fill_zero,Fill with zero
679,14,user_1,0.0003017427115427453,0.005199907936451772,13.259185346185099,0.017370742976129297,10.484174999999595,ok,fill_zero,Fill with zero
685,15,user_1,0.0003321892735598651,0.00804919350256523,21.041181244607465,0.018226060286300635,10.540111700000125,ok,fill_zero,Fill with zero
691,16,user_1,0.0004211957677629578,0.01274334665863102,21.787226935541252,0.020523054542707763,10.45462310000039,ok,fill_zero,Fill with zero
697,17,user_1,0.0003344706459040382,0.0061999939801882535,21.638486807862506,0.01828853864867388,10.514623200000642,ok,fill_zero,Fill with zero
703,18,user_1,0.00033113704231886,0.00609559366617729,7.397689260210058,0.018197171272449464,10.615876800000478,ok,fill_zero,Fill with zero
709,19,user_1,0.0003827315692173628,0.01062980511179866,19.54988931373623,0.019563526502585436,10.252389600000242,ok,fill_zero,Fill with zero
715,20,user_1,0.00032914259701497054,0.007151048713482755,15.97853535215453,0.01814228753534048,10.348219799998333,ok,fill_zero,Fill with zero
721,21,user_1,0.0003455149886940442,0.00845233132652239,25.377858137401184,0.018588033481087885,10.660317899999427,ok,fill_zero,Fill with zero
727,22,user_1,0.000373406082405562,0.008818352531439087,30.24267509804161,0.019323718130979918,10.433937900001183,ok,fill_zero,Fill with zero
733,23,user_1,0.00040485415985910085,0.012133752359173054,31.74354557224835,0.020120988043808904,9.836255700000038,ok,fill_zero,Fill with zero
739,24,user_1,0.0003104551078085435,0.004365522909826081,10.114134648237204,0.017619736314954986,10.178126999999222,ok,fill_zero,Fill with zero
745,25,user_1,0.0003800307574086922,0.010427155738862229,29.82010349557297,0.019494377584541964,10.453377199999522,ok,fill_zero,Fill with zero
751,26,user_1,0.0003439451214900338,0.007141946496205225,11.823914749635252,0.018545757506503578,9.975302499999088,ok,fill_zero,Fill with zero
757,27,user_1,0.00038264893665072825,0.010148695424685954,30.959330414830454,0.019561414484917196,10.13879579999957,ok,fill_zero,Fill with zero
763,28,user_1,0.0003412863333954404,0.007575824815449557,23.70764736760055,0.018473936597147897,10.210780199999135,ok,fill_zero,Fill with zero
769,29,user_1,0.0003216966312009841,0.005781821516115282,18.567651930964367,0.01793590341189939,9.98500520000016,ok,fill_zero,Fill with zero
775,30,user_1,0.0003226970450867464,0.005419941370507646,8.781180158164243,0.017963770347194555,9.96253230000002,ok,fill_zero,Fill with zero
781,31,user_1,0.0003687243802670255,0.009032234939193971,28.000867386906187,0.019202197277057267,10.260563300000285,ok,fill_zero,Fill with zero
787,32,user_1,0.0003396840690049184,0.006798326951140773,22.401727192578875,0.01843052004162982,10.327815299999202,ok,fill_zero,Fill with zero
793,33,user_1,0.00035928760892657243,0.008618096182977299,27.29540578487779,0.01895488351128997,10.422341500001494,ok,fill_zero,Fill with zero
799,34,user_1,0.0004220884022791586,0.012542156044023835,33.17983919371465,0.020544790149309353,10.701869300000908,ok,fill_zero,Fill with zero
805,35,user_1,0.0004327013991814901,0.012668629025670492,36.532543009270114,0.02080147588950097,10.580603200000041,ok,fill_zero,Fill with zero
811,36,user_1,0.00033368628218682315,0.006210141394041347,22.85142798125821,0.018267081928617476,10.988385599999674,ok,fill_zero,Fill with zero
817,37,user_1,0.00033042544883101643,0.0066707440858495715,20.145531772080453,0.018177608446410556,10.312631700000566,ok,fill_zero,Fill with zero
823,38,user_1,0.00036766221544623257,0.007818473640958813,28.522838027338558,0.019174519953475563,10.385176800000409,ok,fill_zero,Fill with zero
829,39,user_1,0.00035468164857191067,0.007690398601188437,25.90504739368352,0.018832993616839322,10.616820899998856,ok,fill_zero,Fill with zero
835,40,user_1,0.0003314171694641858,0.006241086315218669,16.253392747558397,0.0182048666423071,10.637585700000272,ok,fill_zero,Fill with zero
841,41,user_1,0.00034277988982295006,0.007016870506953843,21.94971517677679,0.01851431580758387,9.739603800000623,ok,fill_zero,Fill with zero
847,42,user_1,0.0005664325465022805,0.018193479229326154,43.310222466848835,0.02379984341339834,9.903745800000252,ok,fill_zero,Fill with zero
853,43,user_1,0.0004393291901732744,0.013424395057482906,33.533986936039796,0.020960181062511705,9.979614899999433,ok,fill_zero,Fill with zero
859,44,user_1,0.0003405340918814162,0.007734756466414257,21.850202207883513,0.01845356583106409,10.05484179999985,ok,fill_zero,Fill with zero
865,45,user_1,0.0003282456504391983,0.006249822970404246,19.423311890723184,0.018117550895173393,9.925128700000641,ok,fill_zero,Fill with zero
871,46,user_1,0.0003664492229468905,0.007713302227390306,28.719815716903625,0.019142863499144805,10.106503599999996,ok,fill_zero,Fill with zero
877,47,user_1,0.0005894091909231837,0.018600327706812813,46.85348141741977,0.024277750944500267,10.501329899998382,ok,fill_zero,Fill with zero
883,48,user_1,0.00033405255802535394,0.006221071325888398,21.668890518733733,0.018277104749531693,10.057901099999071,ok,fill_zero,Fill with zero
889,49,user_1,0.0004134183078338127,0.011478880205828823,35.40979053103346,0.020332690619635482,10.151838699999644,ok,fill_zero,Fill with zero
895,50,user_1,0.0003465639461310088,0.007072683611018919,20.433651535072602,0.01861622803177402,10.30163100000027,ok,fill_zero,Fill with zero
901,51,user_1,0.0003696937319624615,0.008482154112238198,13.694173898980184,0.019227421354993536,10.432176399999662,ok,fill_zero,Fill with zero
907,52,user_1,0.00032901259507722323,0.00600429674136907,19.97510069139551,0.018138704338436725,10.838609599999472,ok,fill_zero,Fill with zero
913,53,user_1,0.00039348637076591045,0.010832473442519808,31.23324418641561,0.019836490888408425,10.553922499999317,ok,fill_zero,Fill with zero
919,54,user_1,0.0003569734865616989,0.008125692318553876,24.221935559465685,0.018893741994684347,10.409596999999849,ok,fill_zero,Fill with zero
925,55,user_1,0.0003166492447490565,0.005692531437566005,15.585021497725538,0.01779464089969383,10.490491400001702,ok,fill_zero,Fill with zero
931,56,user_1,0.00032287204141127234,0.005477940717314767,16.47867007796024,0.01796864049980611,10.667479800000365,ok,fill_zero,Fill with zero
937,57,user_1,0.0003725709277986582,0.00980064361425948,28.91910534919255,0.01930209646123079,10.281791800000065,ok,fill_zero,Fill with zero
943,58,user_1,0.0003995168632176737,0.00895835952829883,33.83429492658439,0.01998791793103208,10.510623000000123,ok,fill_zero,Fill with zero
949,59,user_1,0.00032227578744588943,0.005273208432460081,17.160804263145465,0.017952041316961407,9.852978200000507,ok,fill_zero,Fill with zero
955,60,user_1,0.00037826881705388214,0.010099706733547877,29.518748700671505,0.01944913409522085,9.833383799999865,ok,fill_zero,Fill with zero
961,61,user_1,0.0003201014969488836,0.005533842007096925,17.700680555564123,0.01789138052104654,9.819483000001128,ok,fill_zero,Fill with zero
967,62,user_1,0.00036229698666936857,0.008740033464688235,27.232704308461113,0.01903410062675325,10.245396700000128,ok,fill_zero,Fill with zero
973,63,user_1,0.00046509605345994564,0.011488504706441312,39.71059634863312,0.021566085724116595,10.334328400000231,ok,fill_zero,Fill with zero
979,64,user_1,0.0003390366629186588,0.00700513165995443,15.590874700810915,0.018412948240807577,9.883056900000156,ok,fill_zero,Fill with zero
985,65,user_1,0.00036556846641689754,0.007500717979004193,28.81323255836093,0.019119844832448236,10.491990900000019,ok,fill_zero,Fill with zero
991,66,user_1,0.00038083940325641893,0.00864811221720477,30.74806525691651,0.019515107052138325,10.050732800000333,ok,fill_zero,Fill with zero
997,67,user_1,0.00032220489856989935,0.005453229739048218,17.696898736568844,0.017950066812407673,9.959621800000605,ok,fill_zero,Fill with zero
1003,68,user_1,0.00043091424472141665,0.01147893417526862,36.75101903946215,0.020758474046071323,10.262717600000542,ok,fill_zero,Fill with zero
1009,69,user_1,0.00042385045535365623,0.011890639644209514,36.01836327273972,0.020587628696711435,10.454256799999712,ok,fill_zero,Fill with zero
1015,70,user_1,0.00039046424734387035,0.008702117189898363,32.063669248951555,0.019760168201305127,10.174637400001302,ok,fill_zero,Fill with zero
1021,71,user_1,0.0003448700398779783,0.006849954507634564,23.389825417607977,0.01857067688260119,10.49258010000085,ok,fill_zero,Fill with zero
1027,72,user_1,0.0003333983530627248,0.006243263260626719,19.891138509897914,0.018259199135305052,10.648403000001053,ok,fill_zero,Fill with zero
1033,73,user_1,0.0003879028038126157,0.010542205685445028,30.862726292559202,0.01969524825465817,10.433814500000153,ok,fill_zero,Fill with zero
1039,74,user_1,0.0004035477678178759,0.00902873972431132,33.69883685098545,0.020088498396293234,10.694774000001416,ok,fill_zero,Fill with zero
1045,75,user_1,0.0003472383631661759,0.0077968859380632746,24.054120967512766,0.018634332914439836,10.491072100001475,ok,fill_zero,Fill with zero
1051,76,user_1,0.0003297042276292949,0.006320148537820318,18.224158449844467,0.018157759433071442,10.643831699999282,ok,fill_zero,Fill with zero
1057,77,user_1,0.0003417886950574177,0.006584203773895625,24.210115532746183,0.01848752809483782,10.254308100000344,ok,fill_zero,Fill with zero
1063,78,user_1,0.0004073813711727914,0.012026299129793161,30.662791766495307,0.02018369072228346,10.16482460000043,ok,fill_zero,Fill with zero
1069,79,user_1,0.00035969572453781754,0.007622633190199942,26.04055682576267,0.018965645903522968,9.913283399999273,ok,fill_zero,Fill with zero
1075,80,user_1,0.0003583119429917575,0.007646899514986384,25.00565092457821,0.018929129483200156,9.990606400000615,ok,fill_zero,Fill with zero
1081,81,user_1,0.00038101432957037104,0.010275125565610135,28.671449524540137,0.01951958835555635,10.16863369999919,ok,fill_zero,Fill with zero
1087,82,user_1,0.000375439535528318,0.00819002424263465,29.610329057206624,0.019376262166071093,10.318001599998752,ok,fill_zero,Fill with zero
1093,83,user_1,0.0003816388343958955,0.009080791253343849,29.455692790740645,0.019535578680855488,9.793797199999972,ok,fill_zero,Fill with zero
1099,84,user_1,0.0003697584053504673,0.008531295548173438,28.405223783272675,0.019229103082319447,10.34397060000083,ok,fill_zero,Fill with zero
1105,85,user_1,0.0003781803151129842,0.008909006672016233,30.804544645209432,0.019446858746671253,10.21487519999937,ok,fill_zero,Fill with zero
1111,86,user_1,0.0004365452008824499,0.012392165367307473,37.45099320080855,0.020893664132517538,10.175444099999368,ok,fill_zero,Fill with zero
1117,87,user_1,0.000349581643908823,0.007148873119056698,24.633734857719112,0.018697102553840342,10.46588840000004,ok,fill_zero,Fill with zero
1123,88,user_1,0.0003592316661098338,0.008992056826949806,25.824989678399824,0.018953407770367674,10.618654199999582,ok,fill_zero,Fill with zero
1129,89,user_1,0.000340500466320255,0.00645124620210141,22.060465416889127,0.018452654722837445,10.39163709999957,ok,fill_zero,Fill with zero
1135,90,user_1,0.0003397145193583855,0.00664661968873206,21.86639790795063,0.018431346108149168,10.36652099999992,ok,fill_zero,Fill with zero
1141,91,user_1,0.00035336894296728624,0.007636304930401061,24.37921276184099,0.018798110090306585,10.390514799999437,ok,fill_zero,Fill with zero
1147,92,user_1,0.000423007198477771,0.012485893591794736,33.83284840056846,0.020567138801441755,10.409869299999627,ok,fill_zero,Fill with zero
1153,93,user_1,0.00041793109952417457,0.012030140168844551,33.983660146385745,0.02044336321460279,10.084017599998333,ok,fill_zero,Fill with zero
1159,94,user_1,0.0003477193929557587,0.007196947693751641,22.001729647061865,0.01864723553119225,10.54312580000078,ok,fill_zero,Fill with zero
1165,95,user_1,0.0003476191548958468,0.007183171377349365,24.098698709881923,0.01864454759161098,10.001008100000035,ok,fill_zero,Fill with zero
1171,96,user_1,0.000331699391330362,0.007933257618173994,16.708034451353388,0.018212616268135723,9.898152000001573,ok,fill_zero,Fill with zero
1177,97,user_1,0.000368390511916811,0.009470032062417606,26.5523025364047,0.019193501814854186,10.051880600000004,ok,fill_zero,Fill with zero
1183,98,user_1,0.0004309617115177295,0.013133668801842982,31.74230930362641,0.020759617325898122,10.099256600000444,ok,fill_zero,Fill with zero
1189,99,user_1,0.0003766518988191614,0.008676263961078614,28.83795004776239,0.019407521707295896,10.295093200000338,ok,fill_zero,Fill with zero
1195,100,user_1,0.00039380032998816676,0.010501185771829095,30.268303013230803,0.019844402988958038,10.193566699999792,ok,fill_zero,Fill with zero
602,1,user_2,0.0003969175561400369,0.00892843950835678,11.949267297564555,0.019922789868390342,10.657393600000432,ok,fill_zero,Fill with zero
608,2,user_2,0.00036973107948096515,0.005544904525289001,6.931851573130155,0.01922839253502396,10.6190985000012,ok,fill_zero,Fill with zero
614,3,user_2,0.0003916471547450194,0.005669746670131159,4.868006657565144,0.019790077178854542,10.471488999999565,ok,fill_zero,Fill with zero
620,4,user_2,0.00036993557631278347,0.003232956336567464,4.080537724636608,0.019233709374761373,9.95216950000031,ok,fill_zero,Fill with zero
626,5,user_2,0.00036261725063834946,0.00390193291146445,4.6819207888377035,0.01904251166832646,10.020353399999294,ok,fill_zero,Fill with zero
632,6,user_2,0.0004131958663039434,0.007226775911831793,6.530881499253689,0.020327219837054534,10.033107600000221,ok,fill_zero,Fill with zero
638,7,user_2,0.00036800654465696746,0.003124415416625144,4.487439273005315,0.019183496674406556,10.01751619999959,ok,fill_zero,Fill with zero
644,8,user_2,0.00036752075062976926,0.0032543818081583686,5.108685758503741,0.019170830723517676,9.870424200000343,ok,fill_zero,Fill with zero
650,9,user_2,0.00036953561040474546,0.003748537820361767,3.6374119999413113,0.019223309038891963,10.104966300001252,ok,fill_zero,Fill with zero
656,10,user_2,0.00038132379424467815,0.006831772279505603,12.80638642703527,0.019527513775303762,9.938713800000187,ok,fill_zero,Fill with zero
662,11,user_2,0.0003688949918457364,0.0036355007467121893,3.9964793974348196,0.019206639264736983,10.301042699999016,ok,fill_zero,Fill with zero
668,12,user_2,0.00038636523878942286,0.007322262322661331,8.119875949057427,0.019656175589097255,10.000569399999222,ok,fill_zero,Fill with zero
674,13,user_2,0.00038127876323703074,0.004559336308677727,5.928990163647437,0.019526360726900206,10.80325300000004,ok,fill_zero,Fill with zero
680,14,user_2,0.000408605673494384,0.006761963459450157,6.019153402316499,0.020213996969782697,10.600067999999737,ok,fill_zero,Fill with zero
686,15,user_2,0.0003995105581480634,0.005462727724731471,3.962147700222291,0.01998776020838912,10.360894800000096,ok,fill_zero,Fill with zero
692,16,user_2,0.0003781770195934895,0.003843772995030677,3.589467882518028,0.019446774015077398,10.350732099999732,ok,fill_zero,Fill with zero
698,17,user_2,0.0003678452053433233,0.004722285178542079,8.10776188090606,0.019179291054241897,10.411640700000135,ok,fill_zero,Fill with zero
704,18,user_2,0.00040109146149460844,0.008698178183424006,14.499552543585596,0.020027267948839363,10.479934300001332,ok,fill_zero,Fill with zero
710,19,user_2,0.0003877590183205343,0.006947190675249373,12.726240252357005,0.01969159765789801,10.491589399998702,ok,fill_zero,Fill with zero
716,20,user_2,0.00038073906232893016,0.0047971281285286195,9.624981166565238,0.019512536030176348,10.776704599998993,ok,fill_zero,Fill with zero
722,21,user_2,0.0003776353509424452,0.004525368412387861,10.403401054954998,0.01943284207064024,10.670957599999383,ok,fill_zero,Fill with zero
728,22,user_2,0.0003920341003682079,0.006587613687336212,13.918600080178582,0.0197998510188387,10.376057299999957,ok,fill_zero,Fill with zero
734,23,user_2,0.00040803065918129503,0.007387281641772193,13.461574283442184,0.020199768790292998,10.165678699999262,ok,fill_zero,Fill with zero
740,24,user_2,0.00037802052971476735,0.004532140506151432,8.964811209943685,0.019442750055348842,10.036062099999981,ok,fill_zero,Fill with zero
746,25,user_2,0.0003926365886801719,0.007689393314249683,14.672111694523911,0.019815059643618838,10.102843999999095,ok,fill_zero,Fill with zero
752,26,user_2,0.0003779166905333549,0.005420498042688555,11.050256412645757,0.019440079488864104,10.138772099999187,ok,fill_zero,Fill with zero
758,27,user_2,0.00040478221394502995,0.007694009217136954,17.123547240451543,0.020119200131839984,10.24733969999943,ok,fill_zero,Fill with zero
764,28,user_2,0.0003744794177687451,0.0047830128811650425,9.440781901236985,0.019351470687488978,9.90174449999904,ok,fill_zero,Fill with zero
770,29,user_2,0.00037242440563880667,0.004700286053092857,7.736839838140395,0.01929830058939923,10.096687799999927,ok,fill_zero,Fill with zero
776,30,user_2,0.00039357914681505525,0.006639522820890392,14.869630168275267,0.019838829270273365,9.984085899999627,ok,fill_zero,Fill with zero
782,31,user_2,0.00039270699703139656,0.006419693001499575,13.273956725600467,0.019816836201356578,10.241615700000693,ok,fill_zero,Fill with zero
788,32,user_2,0.0003912061068629072,0.006668136282244807,12.919418160370991,0.019778930882707164,10.603334100000211,ok,fill_zero,Fill with zero
794,33,user_2,0.0004047984640499483,0.0075510812961122565,15.980325994461179,0.02011960397348686,10.321977799998422,ok,fill_zero,Fill with zero
800,34,user_2,0.0004610878714946792,0.011715334043599732,22.627894584450083,0.021472956747841672,10.334991300000183,ok,fill_zero,Fill with zero
806,35,user_2,0.0005051173975468088,0.01414445425810034,24.269145504765333,0.022474816963588575,10.54915710000023,ok,fill_zero,Fill with zero
812,36,user_2,0.00042249910693816927,0.010177284891932894,17.19715149659652,0.020554783067163938,10.766184900001463,ok,fill_zero,Fill with zero
818,37,user_2,0.0003895506446138315,0.006220794210913805,10.011462315781493,0.019737037381882608,10.300025200000164,ok,fill_zero,Fill with zero
824,38,user_2,0.00040508644491582936,0.007006415684655286,13.664857370509157,0.020126759424105745,10.678834899999856,ok,fill_zero,Fill with zero
830,39,user_2,0.0003932161480294756,0.005930721993900566,10.50527558601436,0.019829678465105673,10.478405399999247,ok,fill_zero,Fill with zero
836,40,user_2,0.0004544205816766089,0.011477649205636563,22.312390179785403,0.021317142906041815,10.111485500001436,ok,fill_zero,Fill with zero
842,41,user_2,0.0004066634274969144,0.006889792233679023,16.69558254792991,0.020165897636775666,10.179728999999497,ok,fill_zero,Fill with zero
848,42,user_2,0.0004636912349336585,0.011967382494213846,22.694397112764825,0.021533491006654228,10.108306699999957,ok,fill_zero,Fill with zero
854,43,user_2,0.0003881823417859555,0.006223170167974789,14.318170246147375,0.01970234356075326,10.006871800000226,ok,fill_zero,Fill with zero
860,44,user_2,0.0003848336927343093,0.005672832411039508,11.929964948481485,0.01961717851104764,10.198816099999021,ok,fill_zero,Fill with zero
866,45,user_2,0.0003950117517130222,0.00713533836493286,15.098188572610852,0.019874902558579304,10.143512399999963,ok,fill_zero,Fill with zero
872,46,user_2,0.0003803734181257182,0.004747735001302138,7.622742305506751,0.01950316431058607,9.932198900000003,ok,fill_zero,Fill with zero
878,47,user_2,0.0003781059859966611,0.004613061326667791,7.4156654368260275,0.01944494756991289,10.208118799999284,ok,fill_zero,Fill with zero
884,48,user_2,0.0003818221689244046,0.005782587362380678,12.839489683155247,0.019540270441434648,10.373329199999716,ok,fill_zero,Fill with zero
890,49,user_2,0.0004001395529811874,0.006789855621607378,13.462877804010551,0.020003488520285342,10.380700100000468,ok,fill_zero,Fill with zero
896,50,user_2,0.00040108451283063837,0.006414945153438576,16.187339541637588,0.02002709446801104,10.54579509999894,ok,fill_zero,Fill with zero
902,51,user_2,0.0004728455667747812,0.012557437215827319,22.81647507013266,0.021745012457452886,10.45612059999985,ok,fill_zero,Fill with zero
908,52,user_2,0.00041325555225643564,0.007320846007701529,17.299951557730143,0.020328687912810204,10.501111200001105,ok,fill_zero,Fill with zero
914,53,user_2,0.00039208663548158466,0.006396012984672271,14.46740135548369,0.019801177628655943,10.330092399999558,ok,fill_zero,Fill with zero
920,54,user_2,0.000392489669850052,0.006439098568256465,11.269041536707306,0.01981135204497795,10.534746499999528,ok,fill_zero,Fill with zero
926,55,user_2,0.000433955531007791,0.010338196410318334,20.224917850091245,0.020831599338691952,10.500379000000976,ok,fill_zero,Fill with zero
932,56,user_2,0.0005023706443094489,0.013866805057031553,25.172438374318816,0.02241362630877585,10.726776499999687,ok,fill_zero,Fill with zero
938,57,user_2,0.000420417880331771,0.00777930023253536,13.21202746975421,0.020504094233390828,10.523854500001107,ok,fill_zero,Fill with zero
944,58,user_2,0.0004138922621212226,0.007792072850824405,16.71019134366729,0.020344342263175347,10.841131499999392,ok,fill_zero,Fill with zero
950,59,user_2,0.00040436243343051665,0.007483760109548401,13.87730934335352,0.020108765089644782,10.206498899999133,ok,fill_zero,Fill with zero
956,60,user_2,0.0003793749438289303,0.0061366259562685,11.406893268944273,0.019477549738838567,10.233660300000338,ok,fill_zero,Fill with zero
962,61,user_2,0.0004046714677296824,0.007295461887700127,14.310988880541442,0.02011644769161997,10.151396499999464,ok,fill_zero,Fill with zero
968,62,user_2,0.000389679194131079,0.006095296822235176,13.058466017357667,0.019740293668815544,9.929251800000202,ok,fill_zero,Fill with zero
974,63,user_2,0.0004310266522287691,0.009453018770514476,19.86813186930484,0.02076118137844687,9.921084799998425,ok,fill_zero,Fill with zero
980,64,user_2,0.0003997912327119913,0.007027851145322776,12.458532783720635,0.01999478013662544,10.140802199999598,ok,fill_zero,Fill with zero
986,65,user_2,0.0004804885187951552,0.012735969650975534,23.846999390983086,0.02192004833012818,10.488269299999956,ok,fill_zero,Fill with zero
992,66,user_2,0.000487872980368297,0.013220987306115066,24.311729105796474,0.02208784689299292,9.96605930000078,ok,fill_zero,Fill with zero
998,67,user_2,0.0004109271691926957,0.007227484279047308,9.099569126902589,0.020271338613734806,10.154726599999776,ok,fill_zero,Fill with zero
1004,68,user_2,0.0003843933252565848,0.005260696041838669,7.275005711116162,0.019605951271401877,10.48187820000021,ok,fill_zero,Fill with zero
1010,69,user_2,0.00041079130493182765,0.008238100634124558,15.700226570483991,0.020267987194880197,10.602032400000098,ok,fill_zero,Fill with zero
1016,70,user_2,0.00038472822100314177,0.005953564859773589,12.681556617053873,0.01961449007757127,10.597837399998753,ok,fill_zero,Fill with zero
1022,71,user_2,0.0004177059399409945,0.008467339182234322,17.64121369104029,0.02043785556121274,10.584644100001242,ok,fill_zero,Fill with zero
1028,72,user_2,0.0003828753236279605,0.005512209234582379,11.845098453372353,0.01956720019900549,10.218471300000601,ok,fill_zero,Fill with zero
1034,73,user_2,0.0004295268355683454,0.009682239237913599,19.30732336255234,0.020725029205488358,10.367372400000022,ok,fill_zero,Fill with zero
1040,74,user_2,0.00040814098883238086,0.00727337125758481,13.36942555707003,0.02020249956892416,10.620018300000083,ok,fill_zero,Fill with zero
1046,75,user_2,0.00040293808124910487,0.006881975067782573,12.533077083616046,0.020073317644303465,10.298922699999821,ok,fill_zero,Fill with zero
1052,76,user_2,0.0004075797662556796,0.007397274682715445,15.091639247366794,0.02018860486154701,10.517947300000742,ok,fill_zero,Fill with zero
1058,77,user_2,0.00038757603614081467,0.0055211647029741505,10.707377069674164,0.019686950910204826,9.955609299999196,ok,fill_zero,Fill with zero
1064,78,user_2,0.0004196260962745833,0.007840664502833834,18.67217895319626,0.020484777183913505,10.0382838000005,ok,fill_zero,Fill with zero
1070,79,user_2,0.000402505284637464,0.007219687489919234,14.863451916734185,0.020062534352306143,10.037071099999594,ok,fill_zero,Fill with zero
1076,80,user_2,0.0003799525761428946,0.005351856823555225,10.468082753308884,0.019492372255395046,10.219720999999481,ok,fill_zero,Fill with zero
1082,81,user_2,0.00040468059321160764,0.006677787895487398,11.307415035083919,0.0201166745067769,10.030999599999632,ok,fill_zero,Fill with zero
1088,82,user_2,0.0004065041558024421,0.0076524773824224466,16.6421210247794,0.02016194821445691,10.267798400000174,ok,fill_zero,Fill with zero
1094,83,user_2,0.00039217948621191436,0.0065948682451722794,14.483513696008869,0.01980352206583249,10.457707700001265,ok,fill_zero,Fill with zero
1100,84,user_2,0.00041552105543244934,0.008517282503970505,18.026685710003036,0.02038433357832552,9.964521100000638,ok,fill_zero,Fill with zero
1106,85,user_2,0.00042896895411947646,0.008617581058817776,16.88814149029485,0.02071156570903022,9.785640899999635,ok,fill_zero,Fill with zero
1112,86,user_2,0.0005092590289711743,0.012767978462590918,27.8338751208681,0.02256676824383975,10.479249800000616,ok,fill_zero,Fill with zero
1118,87,user_2,0.0004274983562545824,0.007516343837975726,6.850167932525716,0.020676033378155066,10.608080300000438,ok,fill_zero,Fill with zero
1124,88,user_2,0.0004220189394662989,0.008025194009963064,14.287419418510003,0.020543099558399138,10.425053000000844,ok,fill_zero,Fill with zero
1130,89,user_2,0.0004132116557042819,0.007268224213152885,10.706728709851971,0.020327608214059073,10.056550299999799,ok,fill_zero,Fill with zero
1136,90,user_2,0.0004508728689808067,0.010802693874336846,21.495774551490655,0.021233767187684965,10.612117200000284,ok,fill_zero,Fill with zero
1142,91,user_2,0.0003907728801273233,0.006148674286511644,12.441782264750408,0.019767976126233138,10.128441200000452,ok,fill_zero,Fill with zero
1148,92,user_2,0.0003929043816366266,0.006084555751595542,13.21305362111895,0.019821815800693605,10.647550900001079,ok,fill_zero,Fill with zero
1154,93,user_2,0.0004271403341377679,0.007893901592489686,11.390897775721193,0.0206673736632831,10.190791600000011,ok,fill_zero,Fill with zero
1160,94,user_2,0.0004169456684189376,0.007993813649692698,17.224353637259156,0.020419247498841324,10.049174300000232,ok,fill_zero,Fill with zero
1166,95,user_2,0.0004036303225826175,0.007060645463816273,12.853208468457378,0.020090553068111826,10.180285399999775,ok,fill_zero,Fill with zero
1172,96,user_2,0.0003973638100965071,0.007078085833996979,13.812285178125286,0.01993398630722182,10.222004400000515,ok,fill_zero,Fill with zero
1178,97,user_2,0.0004336824805551001,0.008180310653490737,11.548151826363817,0.020825044551095205,10.00062269999944,ok,fill_zero,Fill with zero
1184,98,user_2,0.00042275295602282284,0.008540136147748543,15.519159922961826,0.020560957079446055,9.918697999999495,ok,fill_zero,Fill with zero
1190,99,user_2,0.00042771538828326736,0.007809301111381463,7.942037229932073,0.020681281108366267,9.94002989999899,ok,fill_zero,Fill with zero
1196,100,user_2,0.00041883072667980235,0.008029688384420464,17.483646177389886,0.020465354301350425,10.153127499999755,ok,fill_zero,Fill with zero
603,1,user_3,0.00029998966702698407,0.0037580828437348856,1.9249243672928764,0.01732020978588262,10.594673300000068,ok,fill_zero,Fill with zero
609,2,user_3,0.00029351908018819756,0.003296301936796202,2.4205505791006914,0.017132398553273198,10.38299520000146,ok,fill_zero,Fill with zero
615,3,user_3,0.00030260538580294613,0.0034742584693375424,1.937481122515842,0.017395556495925796,10.530600799998865,ok,fill_zero,Fill with zero
621,4,user_3,0.0003092012405763735,0.0055062352095117196,3.430953260725626,0.0175841189877791,10.108481100000063,ok,fill_zero,Fill with zero
627,5,user_3,0.00029818337214007943,0.004683006864259147,3.5553818246161413,0.017267986916258634,9.96365970000079,ok,fill_zero,Fill with zero
633,6,user_3,0.00029643228516421284,0.0024527234471388303,1.664648584341291,0.017217208982997587,10.337841200000184,ok,fill_zero,Fill with zero
639,7,user_3,0.00029823517153469746,0.004872064541548766,3.9689064376485983,0.017269486718912565,9.710800700000618,ok,fill_zero,Fill with zero
645,8,user_3,0.00029661037856038025,0.004538578239316291,3.2820631205168342,0.017222380165365654,9.859084699999585,ok,fill_zero,Fill with zero
651,9,user_3,0.0002925782786560463,0.002877043149044481,1.8542587023092405,0.01710491972083021,10.188112800000454,ok,fill_zero,Fill with zero
657,10,user_3,0.00029616817483918775,0.003272376765603614,1.8698782867710513,0.01720953732205453,10.189130099999602,ok,fill_zero,Fill with zero
663,11,user_3,0.00029397181914502473,0.003633379199808737,2.54042852421174,0.017145606409369858,9.926671799999895,ok,fill_zero,Fill with zero
669,12,user_3,0.00033416213598430876,0.008420164579904734,6.65408705705098,0.018280102187468995,10.265787500000442,ok,fill_zero,Fill with zero
675,13,user_3,0.00032492346667819594,0.0060310720068523695,4.03484790979419,0.018025633599909767,10.818535399999746,ok,fill_zero,Fill with zero
681,14,user_3,0.0002911088150025973,0.003526382104552599,2.908778842550027,0.017061911235339296,10.550825899999836,ok,fill_zero,Fill with zero
687,15,user_3,0.00030382791108826495,0.004163154859023585,2.7345754459763247,0.01743066008756596,10.711606799999572,ok,fill_zero,Fill with zero
693,16,user_3,0.00032678021892591726,0.007737903229323562,6.01203988621952,0.018077063337995948,10.90462049999951,ok,fill_zero,Fill with zero
699,17,user_3,0.00035258161478941315,0.009890254266096334,8.372572782454927,0.01877715672804094,10.402425599999333,ok,fill_zero,Fill with zero
705,18,user_3,0.0003000467860622918,0.0036076649226057067,2.453598891768311,0.017321858620318195,10.44667169999957,ok,fill_zero,Fill with zero
711,19,user_3,0.00029779950408878825,0.005090799544574269,5.338002019683126,0.017256868316377346,10.487624600000345,ok,fill_zero,Fill with zero
717,20,user_3,0.0003448429386757061,0.009545355841735504,8.405118369160927,0.018569947190977848,10.463566999998875,ok,fill_zero,Fill with zero
723,21,user_3,0.0003288608365787027,0.008460519093469626,7.7938905485953445,0.01813452057758083,10.799076100000093,ok,fill_zero,Fill with zero
729,22,user_3,0.0003904713677284139,0.011940311450740726,12.907467394443223,0.01976034837062378,10.078545899999881,ok,fill_zero,Fill with zero
735,23,user_3,0.0002947059129303901,0.00423415754945579,4.693345267488491,0.017167000696988104,9.98066900000049,ok,fill_zero,Fill with zero
741,24,user_3,0.0002949479193657609,0.003310648708111757,2.3473433673904855,0.017174047844517055,10.25813720000042,ok,fill_zero,Fill with zero
747,25,user_3,0.0003570285522029998,0.010425341911461977,10.663602742576991,0.018895199183999088,9.926199400000769,ok,fill_zero,Fill with zero
753,26,user_3,0.00029309143855674175,0.003571225162210162,3.9352414145027446,0.017119913509032157,10.026138100000026,ok,fill_zero,Fill with zero
759,27,user_3,0.0003009648058483886,0.00499866867509503,4.785344689531346,0.017348337264659935,10.287013700000898,ok,fill_zero,Fill with zero
765,28,user_3,0.0003016967077017882,0.004701964199034177,3.8102734870977715,0.017369418749681526,10.325604499999827,ok,fill_zero,Fill with zero
771,29,user_3,0.00031046162975661366,0.005959536940183737,6.921518562087129,0.01761992138905885,10.110512900000685,ok,fill_zero,Fill with zero
777,30,user_3,0.00034294657206444096,0.009447647236635078,9.356854104831521,0.018518816702598494,10.23433660000046,ok,fill_zero,Fill with zero
783,31,user_3,0.0002985492561627484,0.00548596767422341,5.404098124468822,0.017278577955455374,10.733443399998578,ok,fill_zero,Fill with zero
789,32,user_3,0.0003173620926142786,0.00756368649843459,7.949041657350034,0.017814659486340978,10.599135200000092,ok,fill_zero,Fill with zero
795,33,user_3,0.00030292934016374197,0.0058878966014439095,6.478621504076225,0.01740486541642141,10.440258800001175,ok,fill_zero,Fill with zero
801,34,user_3,0.00034064119916773453,0.008722292333602026,10.129776387844826,0.018456467678505943,10.480637200000274,ok,fill_zero,Fill with zero
807,35,user_3,0.00029557531206218053,0.00491018022111693,5.054486054843089,0.01719230386138462,10.659667999998419,ok,fill_zero,Fill with zero
813,36,user_3,0.00030474643695174123,0.006102713257703667,6.616949236199854,0.017456988198189895,10.496181800001068,ok,fill_zero,Fill with zero
819,37,user_3,0.0002961769187139099,0.0038475716053850305,3.205296057135614,0.017209791361719348,10.453923700000814,ok,fill_zero,Fill with zero
825,38,user_3,0.00030478755142263595,0.005549308627670394,5.685281347398497,0.01745816575195218,10.487633999999161,ok,fill_zero,Fill with zero
831,39,user_3,0.00039929004783376604,0.01203747758248058,13.483398995833666,0.019982243313346127,10.621348599999692,ok,fill_zero,Fill with zero
837,40,user_3,0.000402204820291143,0.012243626800115292,13.839738409291256,0.020055044759140852,10.172000700000353,ok,fill_zero,Fill with zero
843,41,user_3,0.00037829480907748155,0.011644420073427732,11.283985728939468,0.019449802288904677,10.155586299999413,ok,fill_zero,Fill with zero
849,42,user_3,0.0003262019809408247,0.008314249802130348,8.497072770870108,0.018061062564002837,9.943622000000687,ok,fill_zero,Fill with zero
855,43,user_3,0.0003317723362339321,0.008658026598175377,9.249899922636732,0.018214618750715925,10.180568100000528,ok,fill_zero,Fill with zero
861,44,user_3,0.0003018802441410094,0.005269260568668865,6.037253685658934,0.01737470126767679,10.034678099998928,ok,fill_zero,Fill with zero
867,45,user_3,0.00032539985684981677,0.008300478398522368,7.799431597644733,0.018038843001972626,9.746702300000834,ok,fill_zero,Fill with zero
873,46,user_3,0.0003111137871926823,0.006210766477901792,7.3732471536345905,0.017638417933382868,10.039767299998857,ok,fill_zero,Fill with zero
879,47,user_3,0.00029030754508238825,0.003700337140383835,3.8183049080668345,0.01703841380769901,10.151641499998732,ok,fill_zero,Fill with zero
885,48,user_3,0.00040061428049663485,0.012547119531998538,13.444861217024135,0.020015351120992977,10.007768899999064,ok,fill_zero,Fill with zero
891,49,user_3,0.00030816071751066317,0.005710236562326,7.122785511142485,0.017554507042656115,10.478664199999912,ok,fill_zero,Fill with zero
897,50,user_3,0.0002912784730661536,0.0038034630489691586,3.531526012429673,0.017066882347580463,10.600728700001127,ok,fill_zero,Fill with zero
903,51,user_3,0.00034003569661676664,0.009384208336379055,9.534480338990718,0.018440056849607776,10.511657700000796,ok,fill_zero,Fill with zero
909,52,user_3,0.0003050142881745301,0.005634540562710419,6.718783272159966,0.017464658261029047,10.422816199999943,ok,fill_zero,Fill with zero
915,53,user_3,0.0002970851000875939,0.004925086638680022,5.429951898860979,0.017236156766738748,10.6508632999994,ok,fill_zero,Fill with zero
921,54,user_3,0.00035105503806779454,0.00895421803981513,11.018663145302025,0.01873646279498333,10.422389400000611,ok,fill_zero,Fill with zero
927,55,user_3,0.0003128078141594283,0.0060821194016142275,6.661737763962446,0.017686373685960283,10.439908599999399,ok,fill_zero,Fill with zero
933,56,user_3,0.0003385651535022605,0.008901363608645402,9.757902719147486,0.018400140040289382,10.626331600000412,ok,fill_zero,Fill with zero
939,57,user_3,0.00030364721085220694,0.005266218176574816,5.123843418943601,0.01742547591465458,10.674094799998784,ok,fill_zero,Fill with zero
945,58,user_3,0.0003131319032757365,0.006598340045910474,7.777279149153792,0.01769553342727301,10.246876899998824,ok,fill_zero,Fill with zero
951,59,user_3,0.0003038823890500225,0.004807782221112436,5.811701865033,0.01743222272259113,9.788704799999323,ok,fill_zero,Fill with zero
957,60,user_3,0.0003098483796577504,0.005823695691683897,6.761940441752964,0.0176025106066649,10.07871349999914,ok,fill_zero,Fill with zero
963,61,user_3,0.0002990967525746605,0.0047411795270294165,4.34039208671468,0.017294413912436017,9.972306600000593,ok,fill_zero,Fill with zero
969,62,user_3,0.00030583283959458534,0.005449018020333971,6.568352702078039,0.01748807706966622,9.934614800000418,ok,fill_zero,Fill with zero
975,63,user_3,0.00030008966204645495,0.005148791888612487,5.570149146674924,0.01732309620265543,10.028313000000708,ok,fill_zero,Fill with zero
981,64,user_3,0.0002947213918506891,0.004170985918217659,4.724470484760668,0.017167451524634898,9.909780899999532,ok,fill_zero,Fill with zero
987,65,user_3,0.0003008903164352965,0.005313281997105814,5.956477356739807,0.017346190257093816,10.089553499999965,ok,fill_zero,Fill with zero
993,66,user_3,0.0003003035434038674,0.004747607380336761,4.876085867224874,0.017329268403595905,10.025138400000287,ok,fill_zero,Fill with zero
999,67,user_3,0.00031298337302735333,0.006931265752463063,7.621155740473213,0.01769133610068367,9.981326099999933,ok,fill_zero,Fill with zero
1005,68,user_3,0.0003184972303554444,0.006745774832033329,7.342697202776423,0.017846490701408063,10.492188300000635,ok,fill_zero,Fill with zero
1011,69,user_3,0.00035062944810806756,0.009862996605958768,10.552287703710888,0.01872510208538441,10.661359600000651,ok,fill_zero,Fill with zero
1017,70,user_3,0.0003204291415550056,0.006624098273007984,5.278185234571504,0.0179005346723221,10.605087699999785,ok,fill_zero,Fill with zero
1023,71,user_3,0.0003318095259291924,0.007983205798219942,9.382695668052499,0.018215639597038376,10.569463600000745,ok,fill_zero,Fill with zero
1029,72,user_3,0.00031543440835350023,0.007094438068716546,7.477990227418879,0.017760473201846292,10.654670100000658,ok,fill_zero,Fill with zero
1035,73,user_3,0.0002976723063849428,0.004554424239833165,5.204993097066582,0.017253182500192327,10.398502300000473,ok,fill_zero,Fill with zero
1041,74,user_3,0.0003635603336178167,0.010226445635239077,11.598497800504905,0.01906725815679372,10.426526599998397,ok,fill_zero,Fill with zero
1047,75,user_3,0.000297936247915151,0.00459007093083105,5.309906597590403,0.01726082987330421,10.552289299999757,ok,fill_zero,Fill with zero
1053,76,user_3,0.00030822169865812974,0.006161726084970343,7.0644059245991135,0.017556243865307002,10.597138000000996,ok,fill_zero,Fill with zero
1059,77,user_3,0.0003066220845096509,0.005792742970154998,6.754168851135622,0.01751062775886835,10.044203300001755,ok,fill_zero,Fill with zero
1065,78,user_3,0.00030298625049045346,0.005541417635199356,5.221903334375897,0.017406500236706212,10.431974799999807,ok,fill_zero,Fill with zero
1071,79,user_3,0.0003006455118298451,0.00500809046106769,5.628328885151001,0.017339132383999065,9.895282499999666,ok,fill_zero,Fill with zero
1077,80,user_3,0.00034746354701647856,0.009150622354753987,9.66532157853407,0.018640374111494613,10.03831419999915,ok,fill_zero,Fill with zero
1083,81,user_3,0.0003534963121404272,0.007865399624213518,5.044817168349772,0.01880149760365985,10.192471599999408,ok,fill_zero,Fill with zero
1089,82,user_3,0.0003065885908692058,0.005864060848964063,6.582900555885746,0.017509671352404242,10.289077400000679,ok,fill_zero,Fill with zero
1095,83,user_3,0.00029899409276589996,0.005176479908526508,5.833957838005428,0.017291445652862572,10.256620599999223,ok,fill_zero,Fill with zero
1101,84,user_3,0.00029726055203211266,0.004899180126971667,5.373970908571643,0.0172412456635857,9.851280700000643,ok,fill_zero,Fill with zero
1107,85,user_3,0.00035766200587917325,0.008886076903754855,11.243394582369591,0.018911954047088134,10.304599499999313,ok,fill_zero,Fill with zero
1113,86,user_3,0.0003074768776613331,0.0059713552145113915,6.196622380025212,0.01753501861023629,10.234803699999247,ok,fill_zero,Fill with zero
1119,87,user_3,0.0003109871487210471,0.0055513970952364424,5.136610067838771,0.01763482772019753,10.421981499999674,ok,fill_zero,Fill with zero
1125,88,user_3,0.0003150112139185913,0.0063286390195683865,7.606463515085991,0.01774855526285425,10.566668399998889,ok,fill_zero,Fill with zero
1131,89,user_3,0.00032835077946383835,0.008079903261094236,8.822071751591375,0.01812045196632353,10.414801400000215,ok,fill_zero,Fill with zero
1137,90,user_3,0.00030815380361309786,0.006498912311949978,6.847738442233905,0.017554310114985944,10.276717500000814,ok,fill_zero,Fill with zero
1143,91,user_3,0.00029690506199090647,0.004677249390192703,4.6291782942004485,0.01723093328844687,10.881829399999333,ok,fill_zero,Fill with zero
1149,92,user_3,0.0003611741090102027,0.01019852358157523,11.171069310312182,0.01900458126374277,10.329948500000683,ok,fill_zero,Fill with zero
1155,93,user_3,0.0002963953836212324,0.0039323769883428325,3.4368565674095435,0.017216137302578427,10.105562300001111,ok,fill_zero,Fill with zero
1161,94,user_3,0.000310372748863047,0.005773079591845674,5.730160625394495,0.017617399037969453,10.543571099999099,ok,fill_zero,Fill with zero
1167,95,user_3,0.0003416526284678581,0.009185615585407396,9.752913576417939,0.01848384777225397,10.240110900000218,ok,fill_zero,Fill with zero
1173,96,user_3,0.0003069580673067642,0.0059416192322727344,6.389035150501686,0.01752021881446588,10.074474400000327,ok,fill_zero,Fill with zero
1179,97,user_3,0.00030855073952914234,0.006410971400876515,6.843400626929248,0.017565612415430962,9.90128840000034,ok,fill_zero,Fill with zero
1185,98,user_3,0.00031680525301121807,0.0068157481723371376,7.8280677482021765,0.01779902393422791,10.157786399999168,ok,fill_zero,Fill with zero
1191,99,user_3,0.0003033635138708359,0.0055731985897683025,6.294282605296603,0.01741733371876522,10.15475780000088,ok,fill_zero,Fill with zero
1197,100,user_3,0.00032463055250326754,0.007433276493230034,8.829936964248464,0.018017506833723346,10.150738399999682,ok,fill_zero,Fill with zero
604,1,user_4,0.0007862254746771643,0.008528852422189322,2.622532926138817,0.028039712457105626,10.719982800001162,ok,fill_zero,Fill with zero
610,2,user_4,0.0007989534605253342,0.00795620925203815,1.9113318182371184,0.02826576481408798,10.760322199999791,ok,fill_zero,Fill with zero
616,3,user_4,0.0007216583259865903,0.006271139880523727,2.0111156380113506,0.026863699037671454,10.352556499999992,ok,fill_zero,Fill with zero
622,4,user_4,0.0008362568735947154,0.009469582503182606,2.6518295625205814,0.028918106327951616,10.161006199999974,ok,fill_zero,Fill with zero
628,5,user_4,0.0007590999974662852,0.011699221117287646,4.024024161871258,0.02755176940717756,9.952807499999835,ok,fill_zero,Fill with zero
634,6,user_4,0.0007914926887025564,0.008112185213101523,2.8541894699914128,0.028133479854126762,10.080416099999638,ok,fill_zero,Fill with zero
640,7,user_4,0.0007473278508359567,0.0076795610794032606,2.4922653743857124,0.02733729779689201,10.001733900000545,ok,fill_zero,Fill with zero
646,8,user_4,0.0007446280846187703,0.0061944665034791326,1.799865367040842,0.027287874314771577,10.101449900001171,ok,fill_zero,Fill with zero
652,9,user_4,0.0008342439671694045,0.009922177645174874,2.7280648980023328,0.028883281793615566,9.993872699998974,ok,fill_zero,Fill with zero
658,10,user_4,0.000753553707049534,0.010056630473307097,3.9149034995612424,0.0274509327172964,10.163457200000266,ok,fill_zero,Fill with zero
664,11,user_4,0.000759393312670146,0.009584430953351184,3.9242180802726416,0.027557091876142265,10.399017199999435,ok,fill_zero,Fill with zero
670,12,user_4,0.0007432840493778706,0.006086156646515433,1.8086103628132086,0.02726323622349098,10.002443299999868,ok,fill_zero,Fill with zero
676,13,user_4,0.0007362487502568837,0.006602642620180466,2.123317927421367,0.02713390407326015,10.655203500000425,ok,fill_zero,Fill with zero
682,14,user_4,0.0008342316106712161,0.009091344103767225,2.1452817611881256,0.02888306788883785,10.76739710000038,ok,fill_zero,Fill with zero
688,15,user_4,0.000910335659087015,0.011196319398353534,2.6985098269037686,0.03017176924025197,10.531042900000102,ok,fill_zero,Fill with zero
694,16,user_4,0.0008071107794304824,0.009528816186051168,2.713432512532612,0.02840969516609572,10.666345199999341,ok,fill_zero,Fill with zero
700,17,user_4,0.000802056404010866,0.009433988600188334,2.906854352284624,0.0283206003469359,10.866273400000864,ok,fill_zero,Fill with zero
706,18,user_4,0.0007570880483298628,0.007223177668434698,2.1775269408262035,0.02751523302336113,10.487078899999688,ok,fill_zero,Fill with zero
712,19,user_4,0.0007536974644271298,0.006013617046117696,1.6801249446797708,0.027453551034923147,10.18085070000052,ok,fill_zero,Fill with zero
718,20,user_4,0.0007905052131428078,0.009077172903556262,2.7720975984867,0.028115924547181582,10.487510699998893,ok,fill_zero,Fill with zero
724,21,user_4,0.0008854058134448386,0.011089184570015911,2.811785090663052,0.02975576941443186,10.696190099999512,ok,fill_zero,Fill with zero
730,22,user_4,0.0007581232705541945,0.00866830998903674,2.964724520074741,0.02753403839893804,10.09493719999955,ok,fill_zero,Fill with zero
736,23,user_4,0.0010280987292900195,0.015268933142332448,4.481568171709597,0.03206397868777391,10.346563299999616,ok,fill_zero,Fill with zero
742,24,user_4,0.0008054971547266693,0.008975764436227779,2.461225120603822,0.028381281766803084,10.017301599998973,ok,fill_zero,Fill with zero
748,25,user_4,0.0007761806229821047,0.008272782978984537,2.414662400275649,0.027860018359328206,10.0366056999992,ok,fill_zero,Fill with zero
754,26,user_4,0.000809275240855534,0.0074980895581709915,1.7090837187580692,0.028447763371757962,10.269042899999477,ok,fill_zero,Fill with zero
760,27,user_4,0.0008464002871987515,0.009551338001273087,2.412271091917977,0.029092959409430172,9.977027900000394,ok,fill_zero,Fill with zero
766,28,user_4,0.0008620380084382129,0.010043133000103281,2.5450413063992396,0.029360483790942766,9.90624410000055,ok,fill_zero,Fill with zero
772,29,user_4,0.0007389000048958058,0.008387298505820776,3.030777527853945,0.027182715186231964,10.235873199999332,ok,fill_zero,Fill with zero
778,30,user_4,0.0007561418745905491,0.008877951693521072,2.9915955196017876,0.02749803401318991,10.35991930000091,ok,fill_zero,Fill with zero
784,31,user_4,0.0010686751333809166,0.017565020306764257,5.6742543181542375,0.032690597017811046,10.69988359999843,ok,fill_zero,Fill with zero
790,32,user_4,0.0008474394392689908,0.009690495964789951,2.6529543258203807,0.02911081309872658,10.490410300000804,ok,fill_zero,Fill with zero
796,33,user_4,0.0008464912152286317,0.00924785596305315,2.399410942650017,0.029094522082836,10.629502199999479,ok,fill_zero,Fill with zero
802,34,user_4,0.0008002551751136685,0.009903817791447942,3.198245039051908,0.028288781789141584,10.344474000001355,ok,fill_zero,Fill with zero
808,35,user_4,0.0008630164565117155,0.008961601338457616,2.0164180695836404,0.02937714173488829,10.83648230000108,ok,fill_zero,Fill with zero
814,36,user_4,0.0008861911867670511,0.010643450662105305,2.9290309949364017,0.029768963481570047,10.375252199999522,ok,fill_zero,Fill with zero
820,37,user_4,0.0008358924499998865,0.008651071082438518,2.0955035901809262,0.028911804682514832,10.479156400000647,ok,fill_zero,Fill with zero
826,38,user_4,0.0008276909594543859,0.008896757838318897,2.28293371135128,0.028769618688025498,10.352472000000489,ok,fill_zero,Fill with zero
832,39,user_4,0.0009609527565593885,0.012813869638020035,3.23591662653398,0.03099923799965716,10.535004999999728,ok,fill_zero,Fill with zero
838,40,user_4,0.0008539417432374513,0.010228348446309498,2.5983402205731267,0.029222281622718158,9.962815199998658,ok,fill_zero,Fill with zero
844,41,user_4,0.0007748505587365445,0.010694311352120716,3.7807766299438104,0.02783613764042247,10.016050600001108,ok,fill_zero,Fill with zero
850,42,user_4,0.0008171370316415023,0.010758570216678743,3.5302176115544883,0.028585608820549935,10.031588200001352,ok,fill_zero,Fill with zero
856,43,user_4,0.0007433301277474088,0.007914954435578247,2.6180856413279168,0.027264081274589264,10.373492800001259,ok,fill_zero,Fill with zero
862,44,user_4,0.000864988617977342,0.010915340425674823,3.0882960159561286,0.029410688838878662,10.103123799999594,ok,fill_zero,Fill with zero
868,45,user_4,0.0007846449905717129,0.007211314620161082,1.8586401955348144,0.02801151532087675,10.080842500001381,ok,fill_zero,Fill with zero
874,46,user_4,0.0007368412161860305,0.008908014496319698,3.1102877186005067,0.027144819324984103,10.085156900000584,ok,fill_zero,Fill with zero
880,47,user_4,0.0007427943723266859,0.009322789836222681,3.1728571295797785,0.027254254206026,10.006505699999252,ok,fill_zero,Fill with zero
886,48,user_4,0.0007882747671476731,0.010428139790366149,3.623250258892744,0.028076231355858162,10.372002600000997,ok,fill_zero,Fill with zero
892,49,user_4,0.0008307300113468355,0.0087234557706441,2.07210257663466,0.028822387329068274,10.486823299999742,ok,fill_zero,Fill with zero
898,50,user_4,0.000734323309501184,0.008211824062669544,2.58424877904278,0.02709840049709916,10.348262299999988,ok,fill_zero,Fill with zero
904,51,user_4,0.0008111613809712425,0.008240049763652654,2.0432848484611834,0.028480895017032777,10.688544199998432,ok,fill_zero,Fill with zero
910,52,user_4,0.0008189584013328543,0.009341984821090363,2.6758318342355594,0.028617449245746104,10.602964300000167,ok,fill_zero,Fill with zero
916,53,user_4,0.0007423525672990128,0.01035511226332861,3.857166360726301,0.027246147751544856,10.445793900000353,ok,fill_zero,Fill with zero
922,54,user_4,0.0008419360568957132,0.01171358875774783,3.8732459400161545,0.029016134423725592,10.789534200001071,ok,fill_zero,Fill with zero
928,55,user_4,0.0008130776669638227,0.008463821683148985,2.1522817043160964,0.028514516775912976,10.646874100000787,ok,fill_zero,Fill with zero
934,56,user_4,0.0008802410239819733,0.010631887462323877,2.61598376774908,0.029668856128640574,10.530341100000442,ok,fill_zero,Fill with zero
940,57,user_4,0.0007469238135930666,0.009978470576139478,3.4943533402169056,0.02732990694446409,10.971100599999772,ok,fill_zero,Fill with zero
946,58,user_4,0.0008420974276155962,0.010633299783179295,2.949569342625634,0.029018914997215112,10.144256000001405,ok,fill_zero,Fill with zero
952,59,user_4,0.0007693975505657013,0.009419023469590487,3.3443717650376596,0.027738016341578957,10.292192700000669,ok,fill_zero,Fill with zero
958,60,user_4,0.0007614617607332552,0.00981147973733426,3.7716883046928356,0.027594596585803807,10.388552999998865,ok,fill_zero,Fill with zero
964,61,user_4,0.0007375602561625657,0.010015348643855898,3.960257841694376,0.027158060611217543,10.069014000000607,ok,fill_zero,Fill with zero
970,62,user_4,0.0007620867040694265,0.009067229583535312,3.0941391106334044,0.02760591791753041,10.157104600000821,ok,fill_zero,Fill with zero
976,63,user_4,0.000861031786944596,0.010218554694215828,2.575666749721478,0.029343343145330186,9.878633800000898,ok,fill_zero,Fill with zero
982,64,user_4,0.0007719638213069016,0.006948764292900187,1.8079600804451097,0.027784236921443453,10.087397799999962,ok,fill_zero,Fill with zero
988,65,user_4,0.000804694570037591,0.008944209490182623,2.5189276383727632,0.02836713891173361,10.29051679999975,ok,fill_zero,Fill with zero
994,66,user_4,0.0007431671149736616,0.00992908070955177,3.7317205051912996,0.027261091595416013,9.850631899998916,ok,fill_zero,Fill with zero
1000,67,user_4,0.0007645904837027115,0.008372123284753062,2.661538398664599,0.02765122933438424,10.341864300000452,ok,fill_zero,Fill with zero
1006,68,user_4,0.0007699009530887963,0.010553844144302424,4.070984736203199,0.027747089092169584,10.52491689999988,ok,fill_zero,Fill with zero
1012,69,user_4,0.0008356642465599462,0.011330456398349772,3.5555940901470047,0.028907857868751642,11.029851000001145,ok,fill_zero,Fill with zero
1018,70,user_4,0.0007554974887393183,0.008763455721757551,3.1267032136636805,0.0274863145717886,10.53033669999968,ok,fill_zero,Fill with zero
1024,71,user_4,0.0007576640536382467,0.00835522929792694,2.747146071354411,0.027525698059054683,10.642337000001135,ok,fill_zero,Fill with zero
1030,72,user_4,0.0008949756916874837,0.011201011218045369,2.84382999328145,0.029916144331906872,10.21695709999949,ok,fill_zero,Fill with zero
1036,73,user_4,0.0008294231454202067,0.009189423103503583,2.314952003466768,0.02879970738428095,10.697940800000652,ok,fill_zero,Fill with zero
1042,74,user_4,0.0008070349301405276,0.008229883079816327,1.9831354713569234,0.02840836021562187,10.438676199999463,ok,fill_zero,Fill with zero
1048,75,user_4,0.0007836506110110908,0.010179641963455256,3.60507918289696,0.027993760215646108,10.494764700000815,ok,fill_zero,Fill with zero
1054,76,user_4,0.0007905882703351315,0.011145314131846527,4.2304517021816235,0.028117401557312002,10.281455799999094,ok,fill_zero,Fill with zero
1060,77,user_4,0.0008104581231202526,0.009145876567480858,2.3965141958000276,0.02846854620665152,10.351689199998873,ok,fill_zero,Fill with zero
1066,78,user_4,0.0008496408945971392,0.011388651139433588,3.4490860529171345,0.029148600216770945,10.182009999998627,ok,fill_zero,Fill with zero
1072,79,user_4,0.0007630377634758219,0.007731065968487567,2.272312702036106,0.027623138190216945,10.003994599999714,ok,fill_zero,Fill with zero
1078,80,user_4,0.0008324424563891609,0.009573913580999094,2.469855260011859,0.028852078891982134,9.962292999998681,ok,fill_zero,Fill with zero
1084,81,user_4,0.0007814284477628264,0.008631312758974151,2.5064765358652052,0.02795404170710966,9.994812399998409,ok,fill_zero,Fill with zero
1090,82,user_4,0.0007922065747107403,0.00982687774948986,3.096632219580412,0.028146164476012363,9.896058800000901,ok,fill_zero,Fill with zero
1096,83,user_4,0.0011848984933884373,0.019639972823469055,5.882978721217096,0.03442235455904255,9.778022699998473,ok,fill_zero,Fill with zero
1102,84,user_4,0.0008529753083549138,0.009973899877799645,2.527228783279112,0.02920574101704858,9.971137599999565,ok,fill_zero,Fill with zero
1108,85,user_4,0.000756576644702448,0.009103933429439558,3.2630768274944097,0.027505938353425574,9.742609299999458,ok,fill_zero,Fill with zero
1114,86,user_4,0.0008443537709275803,0.010364624534951716,2.794527441131657,0.02905776610353212,10.548844299999473,ok,fill_zero,Fill with zero
1120,87,user_4,0.0008488603516327472,0.01047065250831341,2.728657612145015,0.02913520811033872,10.479430800000046,ok,fill_zero,Fill with zero
1126,88,user_4,0.0008808618643431937,0.010998589169825466,2.728685863207539,0.02967931711382851,10.323735100000704,ok,fill_zero,Fill with zero
1132,89,user_4,0.0007934999049890208,0.00816554238381946,2.0964913122513984,0.02816913035556868,10.514257799999541,ok,fill_zero,Fill with zero
1138,90,user_4,0.0007682663551089259,0.009120458135530704,3.0625574964912374,0.02771761813556363,10.556983899999977,ok,fill_zero,Fill with zero
1144,91,user_4,0.0007764719690686138,0.008587418413603698,2.668963565449457,0.027865246617760516,10.585437699999602,ok,fill_zero,Fill with zero
1150,92,user_4,0.0008283351290394668,0.00929319485538766,2.294519133822882,0.02878081182036856,10.109223399998882,ok,fill_zero,Fill with zero
1156,93,user_4,0.0007792824162912699,0.010467504872195497,3.954209343983329,0.027915630322299188,10.512150700000348,ok,fill_zero,Fill with zero
1162,94,user_4,0.0009576014388571588,0.013735999038539339,3.7642880422894813,0.030945135948273986,10.437558300000092,ok,fill_zero,Fill with zero
1168,95,user_4,0.000788207461532803,0.010574613583743049,3.736416435639582,0.02807503270759988,9.861302799999976,ok,fill_zero,Fill with zero
1174,96,user_4,0.000872320967112055,0.011250570833280696,3.2029115529614947,0.029535080279424586,9.890283400000044,ok,fill_zero,Fill with zero
1180,97,user_4,0.0007976420282371165,0.008442657585067828,2.1336711057131574,0.028242557041406796,10.053019000000859,ok,fill_zero,Fill with zero
1186,98,user_4,0.0008120632555244466,0.00977213619543889,2.86656639552222,0.028496723592800043,9.94891970000026,ok,fill_zero,Fill with zero
1192,99,user_4,0.0008277152578595854,0.009415014709287618,2.4409013265905033,0.028770040977718216,9.89482119999957,ok,fill_zero,Fill with zero
1198,100,user_4,0.0007947798838269928,0.008823289248945205,2.421552719984665,0.02819184073144201,10.033373700000084,ok,fill_zero,Fill with zero
5,1,global_aggregated,0.0006056439660614769,0.010869577425637598,11.058699982173128,0.024609834742668975,1.8936404000000948,ok,ffill,Forward fill
11,2,global_aggregated,0.0005864032355266189,0.0045211939699173805,4.6278866511188,0.02421576419456175,1.8719599000000926,ok,ffill,Forward fill
17,3,global_aggregated,0.000603289590159667,0.005857603366083957,5.605569173828679,0.024561954119321758,2.311823699999877,ok,ffill,Forward fill
23,4,global_aggregated,0.0006084698312217317,0.004937148042250226,5.146006252121713,0.024667181258135915,1.490287999999964,ok,ffill,Forward fill
29,5,global_aggregated,0.0006250254924826433,0.0057678759238411585,5.926827325397931,0.02500050984445404,1.3876077999998415,ok,ffill,Forward fill
35,6,global_aggregated,0.0007651194910336631,0.012445098792778232,8.907356721333144,0.0276607933912544,1.3320158000001356,ok,ffill,Forward fill
41,7,global_aggregated,0.0006218655425674569,0.007113777198720614,8.101157197383863,0.024937232055050874,1.4926563999997597,ok,ffill,Forward fill
47,8,global_aggregated,0.0006772113962876465,0.008490531061279814,6.305485955702525,0.0260232856551137,1.3598861000000397,ok,ffill,Forward fill
53,9,global_aggregated,0.0005933847827322163,0.005752895693332682,7.1595852162967075,0.024359490609046328,1.2765210000002298,ok,ffill,Forward fill
59,10,global_aggregated,0.0006082097946863976,0.007804208607307352,5.474113330971968,0.024661909793979815,1.594401299999845,ok,ffill,Forward fill
65,11,global_aggregated,0.0006957505209212252,0.00857212237985285,6.521134068603512,0.02637708325272575,1.7294121999998424,ok,ffill,Forward fill
71,12,global_aggregated,0.0006185688755307731,0.004786172092130327,4.340448185308253,0.024871044922374554,1.8887204999996356,ok,ffill,Forward fill
77,13,global_aggregated,0.0007100981229371951,0.008894729436957306,6.049877586002586,0.02664766636944397,1.6607240999996975,ok,ffill,Forward fill
83,14,global_aggregated,0.0006353054727960715,0.0056698305443563975,4.905094018896318,0.025205266767008665,2.210779999999886,ok,ffill,Forward fill
89,15,global_aggregated,0.0008986453029095684,0.015348341810563196,8.39605688616289,0.029977413212443273,1.8934478000001036,ok,ffill,Forward fill
95,16,global_aggregated,0.0007365950514917211,0.010001057428106287,6.026910398077078,0.027140284661213872,2.2131804000000557,ok,ffill,Forward fill
101,17,global_aggregated,0.0007013249042919163,0.00830995687262147,5.425851612119222,0.026482539611825683,2.0068820999999843,ok,ffill,Forward fill
107,18,global_aggregated,0.0006886702667204806,0.007755656242873356,7.224704881411091,0.026242527826421003,2.1299340999999004,ok,ffill,Forward fill
113,19,global_aggregated,0.0007240299262648595,0.008773752852883539,5.325718501492159,0.026907804188838216,1.8331192000000556,ok,ffill,Forward fill
119,20,global_aggregated,0.0007083195912741696,0.009651667360952451,5.185711036212004,0.026614274201528954,1.7571554000001015,ok,ffill,Forward fill
125,21,global_aggregated,0.0007575933598369683,0.010810445244910535,6.9374303784344615,0.02752441388725595,1.7081363000002057,ok,ffill,Forward fill
131,22,global_aggregated,0.0006728849402441295,0.007643031055074567,6.944185609694287,0.025940025833528568,1.997718099999929,ok,ffill,Forward fill
137,23,global_aggregated,0.0006511406826533064,0.008188306335849344,6.125799874050857,0.02551745838937151,1.849229600000399,ok,ffill,Forward fill
143,24,global_aggregated,0.0007730914286550124,0.010361701911987669,5.911501723497736,0.0278045217303771,1.897006400000464,ok,ffill,Forward fill
149,25,global_aggregated,0.0007044879644228025,0.008985105452070059,7.387800728017087,0.026542192155562482,1.9806047000001854,ok,ffill,Forward fill
155,26,global_aggregated,0.0006945048164392566,0.008689820232530229,6.968834612646415,0.026353459287904814,2.062823799999933,ok,ffill,Forward fill
161,27,global_aggregated,0.0006975384617888943,0.00909475024933397,7.603308038131126,0.026410953443389625,2.0844936000003145,ok,ffill,Forward fill
167,28,global_aggregated,0.0007840030961845545,0.008021923871218365,4.7184870417271885,0.028000055288955314,2.0310383999994883,ok,ffill,Forward fill
173,29,global_aggregated,0.0006751559344227089,0.007099103372441207,6.6681117298004455,0.02598376289960153,2.21903999999995,ok,ffill,Forward fill
179,30,global_aggregated,0.0006817231829496504,0.0067859357954704845,3.8806483466946915,0.02610982924014729,2.3159223000002385,ok,ffill,Forward fill
185,31,global_aggregated,0.0008303253872376255,0.010797887787818906,7.525619868656648,0.02881536720636448,2.2983518000000913,ok,ffill,Forward fill
191,32,global_aggregated,0.0007341547568639793,0.009660837476084089,7.997316142723743,0.027095290307800345,2.1614356999998563,ok,ffill,Forward fill
197,33,global_aggregated,0.0008568867180408734,0.012123077966194775,5.685755124577655,0.02927262745366178,2.564518400000452,ok,ffill,Forward fill
203,34,global_aggregated,0.0007561093100090281,0.008596872317628765,5.184478164058076,0.02749744188118284,1.9538758000007874,ok,ffill,Forward fill
209,35,global_aggregated,0.0008219814040014473,0.00895195299844537,6.199282356604788,0.02867021806686247,2.4036145000000033,ok,ffill,Forward fill
215,36,global_aggregated,0.0007060873262436265,0.0075045897557180895,5.495809812487041,0.026572303743627998,1.8824329999997644,ok,ffill,Forward fill
221,37,global_aggregated,0.0006818946772310135,0.0063260518702453385,3.7696968901408674,0.02611311312790977,1.7565773999995145,ok,ffill,Forward fill
227,38,global_aggregated,0.0008095600150919765,0.012696670699351311,7.06092336354278,0.028452768144628326,1.6011098999997557,ok,ffill,Forward fill
233,39,global_aggregated,0.0007024651831959725,0.009848490387268583,7.8898312628375304,0.02650405974932845,1.5962414999994508,ok,ffill,Forward fill
239,40,global_aggregated,0.0008173328441338685,0.008714531744048766,5.409380009709871,0.02858903363413791,2.014845400000013,ok,ffill,Forward fill
245,41,global_aggregated,0.0006739028029736862,0.006594416171509561,4.254290161271789,0.02595963795921827,1.5780122999995,ok,ffill,Forward fill
251,42,global_aggregated,0.0007293080991237672,0.007569267293083522,5.420697337180309,0.027005704936619728,2.224791899999218,ok,ffill,Forward fill
257,43,global_aggregated,0.0007527030697056333,0.00915900544608358,9.162715716101797,0.02743543456381971,1.7737166000006255,ok,ffill,Forward fill
263,44,global_aggregated,0.0007840222009831459,0.010089095113952166,6.132086291596727,0.028000396443321047,1.7033360000004905,ok,ffill,Forward fill
269,45,global_aggregated,0.0008177063551049892,0.009076094945444571,5.91334648636941,0.02859556530486833,1.7825044000001071,ok,ffill,Forward fill
275,46,global_aggregated,0.0008495845730692495,0.011280471155730793,5.41039759055894,0.02914763409042404,2.042740599999888,ok,ffill,Forward fill
281,47,global_aggregated,0.0006897107668533074,0.008320725976308428,8.286903880772725,0.026262345037206928,1.5794742999996743,ok,ffill,Forward fill
287,48,global_aggregated,0.0007698779323846014,0.008664825851100925,8.015870383937399,0.02774667425809085,1.5876742999998896,ok,ffill,Forward fill
293,49,global_aggregated,0.0006901626872013015,0.008111574190734864,6.912764734750737,0.02627094758856828,1.62361779999992,ok,ffill,Forward fill
299,50,global_aggregated,0.0007776997496894913,0.014432458209092808,15.272832573757503,0.02788726859499674,1.756151200000204,ok,ffill,Forward fill
305,51,global_aggregated,0.0007517965548794577,0.00966076282771931,8.31722486108365,0.02741890871058616,1.6589575999996669,ok,ffill,Forward fill
311,52,global_aggregated,0.0007141659939642014,0.011140298815129861,11.24272382936879,0.02672388433525713,1.9157843000002686,ok,ffill,Forward fill
317,53,global_aggregated,0.0007653405495090957,0.010162832491431878,10.006543740093852,0.02766478898363578,1.7267969000004086,ok,ffill,Forward fill
323,54,global_aggregated,0.0007540535874591723,0.00850454604642027,5.331974195788811,0.027460036188234938,1.5084986000001663,ok,ffill,Forward fill
329,55,global_aggregated,0.0006807022301895858,0.00767222929684311,7.185943698677362,0.026090270795635407,1.8124721999993199,ok,ffill,Forward fill
335,56,global_aggregated,0.0007202820901871103,0.00936713988990571,8.496953271975931,0.026838071655525295,1.7523981000003914,ok,ffill,Forward fill
341,57,global_aggregated,0.0006820467892700029,0.0066959239170892425,6.472546583644004,0.02611602552591039,1.6552772000004552,ok,ffill,Forward fill
347,58,global_aggregated,0.0007547852460892348,0.009438179897745197,6.205621668203419,0.027473355202618316,2.299395099999856,ok,ffill,Forward fill
353,59,global_aggregated,0.0007180184634176308,0.008895260683703802,8.336871260506848,0.026795866536046764,1.917087900000297,ok,ffill,Forward fill
359,60,global_aggregated,0.000723809087830429,0.009299761807516694,10.286390912803586,0.026903700262797103,1.7778559999997015,ok,ffill,Forward fill
365,61,global_aggregated,0.0006286876033472093,0.006016756971294355,6.191416550883632,0.02507364359934968,2.231451200000265,ok,ffill,Forward fill
371,62,global_aggregated,0.0007521788969492123,0.010086169822248942,9.881310145726701,0.027425880057879864,1.7108270000007906,ok,ffill,Forward fill
377,63,global_aggregated,0.0007555042725047188,0.009734280486725897,6.480624241874114,0.02748643797411223,1.712709000000359,ok,ffill,Forward fill
383,64,global_aggregated,0.0006618918404216129,0.007823544098513593,8.241174483933719,0.02572725870398191,1.635138900000129,ok,ffill,Forward fill
389,65,global_aggregated,0.0007587242835368195,0.009833730555078206,7.192305736925284,0.02754495023660089,1.6715047999996386,ok,ffill,Forward fill
395,66,global_aggregated,0.0008637741964223893,0.012500944996149808,9.078220043430447,0.0293900356655515,1.5831247999994957,ok,ffill,Forward fill
401,67,global_aggregated,0.0006839681776855759,0.008162700711392737,7.295055856008056,0.026152785275866428,1.62238890000026,ok,ffill,Forward fill
407,68,global_aggregated,0.0007231393706287756,0.00755481487937902,8.581206145037854,0.02689125081934226,1.6585949999998775,ok,ffill,Forward fill
413,69,global_aggregated,0.0007175707078313195,0.008941235154089858,7.639615079567179,0.026787510295496288,1.8750934999998208,ok,ffill,Forward fill
419,70,global_aggregated,0.00074053769886384,0.009715303848827564,11.424181742426951,0.027212822324482258,1.6469651000006706,ok,ffill,Forward fill
425,71,global_aggregated,0.0007318525298370786,0.009109529430579952,9.187255850050608,0.02705277305262953,1.6119494000004124,ok,ffill,Forward fill
431,72,global_aggregated,0.0007760498728408349,0.010289551944662549,9.629578850521693,0.0278576717053101,1.5831091000000015,ok,ffill,Forward fill
437,73,global_aggregated,0.0007279123702208946,0.00970085357494278,10.294177112703903,0.026979851189747037,2.132641400000466,ok,ffill,Forward fill
443,74,global_aggregated,0.0007521005553590949,0.010672965108441788,11.218806318864312,0.02742445177864263,1.6198184000004403,ok,ffill,Forward fill
449,75,global_aggregated,0.0007869587360579373,0.011367916568002128,13.0793688513896,0.028052784818230387,1.5616049000000203,ok,ffill,Forward fill
455,76,global_aggregated,0.0008205178183229864,0.011082758755884117,8.718249574060012,0.028644682199720533,1.6699861999995846,ok,ffill,Forward fill
461,77,global_aggregated,0.0007516061972475047,0.009294946889815785,9.100900907886222,0.027415437206936982,1.7668335999996998,ok,ffill,Forward fill
467,78,global_aggregated,0.0007118308618628773,0.00971748073573621,11.968975155841278,0.026680158580167347,1.8501541999994515,ok,ffill,Forward fill
473,79,global_aggregated,0.000740925280799034,0.010572140813212724,10.829781989493522,0.027219942703816148,1.4757505999996283,ok,ffill,Forward fill
479,80,global_aggregated,0.0007344886234686606,0.01008976340597556,11.141562224531452,0.02710145057868048,1.6357358999994176,ok,ffill,Forward fill
485,81,global_aggregated,0.0007201736774573817,0.008252703727332528,9.996969675747872,0.026836051823198242,1.8595801999999821,ok,ffill,Forward fill
491,82,global_aggregated,0.0007632815183742608,0.009689145812226052,10.179164750702936,0.027627549988630203,2.0490411000000677,ok,ffill,Forward fill
497,83,global_aggregated,0.0007317874262310133,0.008247724071146595,7.670890280888395,0.027051569755395216,1.7534820000000764,ok,ffill,Forward fill
503,84,global_aggregated,0.0007495180099855244,0.010873801546796088,13.050096444986096,0.027377326567536216,2.0780141999994157,ok,ffill,Forward fill
509,85,global_aggregated,0.0007257340072388181,0.009901846824124674,9.939949904910032,0.02693945075978384,1.6645303000004787,ok,ffill,Forward fill
515,86,global_aggregated,0.0007191823581644419,0.010313729728533751,11.456965636600227,0.026817575545981815,1.5173742999995739,ok,ffill,Forward fill
521,87,global_aggregated,0.000671416776927321,0.008014364071329607,9.44573731535761,0.025911711192573156,1.9489886999999726,ok,ffill,Forward fill
527,88,global_aggregated,0.0007170818376371275,0.00936805243828004,10.079303803087981,0.02677838377567114,1.9052709999996296,ok,ffill,Forward fill
533,89,global_aggregated,0.0007428671344886005,0.0097507023647279,9.616564818336771,0.02725558905047918,1.9120715999997628,ok,ffill,Forward fill
539,90,global_aggregated,0.0007491964197290714,0.013138280641673309,15.208833215515865,0.027371452641923692,1.5163218999996388,ok,ffill,Forward fill
545,91,global_aggregated,0.0007227153274854829,0.0098176111307302,9.800784729673515,0.026883365255962337,1.5933175999998639,ok,ffill,Forward fill
551,92,global_aggregated,0.0007312427426233184,0.01114976212796941,13.506451647116489,0.027041500376704664,1.869272899999487,ok,ffill,Forward fill
557,93,global_aggregated,0.0007259586037246862,0.011123763046241353,12.465859896704808,0.02694361897972665,1.568978700000116,ok,ffill,Forward fill
563,94,global_aggregated,0.0007280454154133187,0.008907456565568513,8.591563816048401,0.026982316716941093,1.4882330999998885,ok,ffill,Forward fill
569,95,global_aggregated,0.0006936481816123783,0.00859703196254711,9.113002472030573,0.026337201476473886,1.551488099999915,ok,ffill,Forward fill
575,96,global_aggregated,0.0007202160151862963,0.011527855804567107,14.438074772049307,0.026836840633470554,1.679792400000224,ok,ffill,Forward fill
581,97,global_aggregated,0.0006993318724912269,0.009385142441126443,11.351650276728815,0.026444883673240594,2.3182372999999643,ok,ffill,Forward fill
587,98,global_aggregated,0.0007435689770265308,0.009794348426676987,9.995499736534377,0.02726846121486379,1.6182080999988102,ok,ffill,Forward fill
593,99,global_aggregated,0.000735126357900181,0.010300626770036448,13.447818411207674,0.027113213713984202,1.847099900000103,ok,ffill,Forward fill
599,100,global_aggregated,0.000778349059912006,0.010841786430765664,12.491863660633301,0.027898907862351996,1.810128099999929,ok,ffill,Forward fill
0,1,user_0,0.0010277407553809426,0.011771427926639273,2.6433263265967533,0.032058396020090314,11.088799299999664,ok,ffill,Forward fill
6,2,user_0,0.0012183400536724157,0.013070135286835545,2.80109230728561,0.03490472824235158,11.168668100000104,ok,ffill,Forward fill
12,3,user_0,0.001236708448427791,0.014232380908620104,2.8349963234873305,0.035166865774870965,11.158045599999696,ok,ffill,Forward fill
18,4,user_0,0.0012096174857313578,0.01383046667787513,2.9437527411442055,0.0347795555712168,13.039191899999878,ok,ffill,Forward fill
24,5,user_0,0.0012988837380029066,0.01323573306152468,2.792881934562002,0.03604002966151536,8.157287300000007,ok,ffill,Forward fill
30,6,user_0,0.0015115539351113377,0.01620160143153142,3.235089793654141,0.03887870799179594,8.273875600000338,ok,ffill,Forward fill
36,7,user_0,0.0011577125640384565,0.010328580646895721,2.3464283567806232,0.03402517544463888,8.123893800000133,ok,ffill,Forward fill
42,8,user_0,0.0011347178053974349,0.016706759152466177,4.688515824262848,0.03368557265948487,7.695826399999987,ok,ffill,Forward fill
48,9,user_0,0.0010872231192942665,0.008755335617672413,1.5875512234802394,0.03297306657401259,8.155058499999996,ok,ffill,Forward fill
54,10,user_0,0.0009840953673650391,0.007383812480367148,1.4175680885711572,0.03137029434616512,8.230649399999947,ok,ffill,Forward fill
60,11,user_0,0.0010580408188895973,0.012926559647186088,3.1983967397037114,0.03252753939186912,8.031603999999788,ok,ffill,Forward fill
66,12,user_0,0.0014974674982207417,0.016935381193471665,3.6751099220393777,0.038697125193232915,10.734913399999641,ok,ffill,Forward fill
72,13,user_0,0.001293821634717931,0.01028456247078374,1.7248745097791351,0.035969732202477275,11.657631300000048,ok,ffill,Forward fill
78,14,user_0,0.0012967693034245762,0.013399191800204017,2.4780365485032747,0.03601068318464086,11.237157399999887,ok,ffill,Forward fill
84,15,user_0,0.0012578649934882795,0.011709066414629836,2.3052583680699517,0.03546639245099901,11.236689800000022,ok,ffill,Forward fill
90,16,user_0,0.0012396175235988693,0.011292773603855707,2.3138997824551977,0.03520820250451405,11.628993700000137,ok,ffill,Forward fill
96,17,user_0,0.0014185353184109162,0.014940848932574009,2.787154881951072,0.03766344804197985,11.91076699999985,ok,ffill,Forward fill
102,18,user_0,0.0011978741900676804,0.010919611616004538,2.4293690287276846,0.034610319126926296,11.825349799999913,ok,ffill,Forward fill
108,19,user_0,0.0012322055234155534,0.013493165767683108,2.828180547393022,0.03510278512334247,11.658340499999667,ok,ffill,Forward fill
114,20,user_0,0.0012658632257517089,0.014709174086340988,3.0433211432776996,0.035578971679233636,11.13972990000002,ok,ffill,Forward fill
120,21,user_0,0.0013366479617348214,0.01167309664608334,2.1008324794982522,0.0365601964126948,11.267300800000157,ok,ffill,Forward fill
126,22,user_0,0.0014030064152973148,0.014413753762885369,2.831253216692806,0.03745672723687048,11.506524399999762,ok,ffill,Forward fill
132,23,user_0,0.0012935449070826,0.014849276072831909,3.680329475121486,0.03596588532321428,10.912465399999746,ok,ffill,Forward fill
138,24,user_0,0.0015223841221767493,0.018761453456583442,4.212701352369805,0.039017741120889474,11.426044900000306,ok,ffill,Forward fill
144,25,user_0,0.0018911813999967272,0.0207576645006937,4.1433321354293415,0.04348771550675808,10.991935300000478,ok,ffill,Forward fill
150,26,user_0,0.0013107232547218894,0.014660555866448249,3.1879546824217524,0.03620391214664362,14.581028599999627,ok,ffill,Forward fill
156,27,user_0,0.001265223001606106,0.013456036567902712,2.6305763754583253,0.03556997331466677,13.08025279999947,ok,ffill,Forward fill
162,28,user_0,0.001738912066057865,0.01779541940919587,3.5252932151393996,0.041700264580190195,12.992211900000257,ok,ffill,Forward fill
168,29,user_0,0.0015434106160829581,0.016822149711647538,3.716731392661977,0.03928626498005325,12.588435599999684,ok,ffill,Forward fill
174,30,user_0,0.002010170680794314,0.01727838381444278,3.3555289274906324,0.04483492701894712,12.73533309999948,ok,ffill,Forward fill
180,31,user_0,0.0016423396374459576,0.016023934084852275,2.7525728575268102,0.04052578978189022,12.77736829999958,ok,ffill,Forward fill
186,32,user_0,0.0013471458908913083,0.014099139155380112,2.794740288297861,0.03670348608635573,12.507505599999604,ok,ffill,Forward fill
192,33,user_0,0.001755775776913297,0.019569254724322284,3.761193343753643,0.04190197819809104,12.286459300000388,ok,ffill,Forward fill
198,34,user_0,0.0016129362158873028,0.017604173439658578,3.3941668900033815,0.04016137716621907,12.915266099999826,ok,ffill,Forward fill
204,35,user_0,0.0015289862706434668,0.015812623930693957,2.9855066864913775,0.03910225403532982,12.811417300000357,ok,ffill,Forward fill
210,36,user_0,0.003415526198833588,0.01747087539082688,3.7072698438812015,0.05844250335871649,11.234390599999642,ok,ffill,Forward fill
216,37,user_0,0.0030097337659335407,0.016006655202402565,2.9948894612037806,0.05486104051085379,10.591645900000003,ok,ffill,Forward fill
222,38,user_0,0.0014121682969482727,0.014533173185740598,2.7895596571081915,0.03757882777506867,10.26700450000044,ok,ffill,Forward fill
228,39,user_0,0.0021358834356381296,0.014767879976781622,2.5418260402150734,0.04621561895764385,10.321292200000244,ok,ffill,Forward fill
234,40,user_0,0.001790251078045977,0.021682095209314144,4.391152240080035,0.04231135873552133,10.334434000000329,ok,ffill,Forward fill
240,41,user_0,0.0015937863898022914,0.012410334396928988,2.204829446841975,0.03992225431763957,10.407299399999829,ok,ffill,Forward fill
246,42,user_0,0.0045306639407031255,0.01873309928532515,3.113155197420521,0.06731020680924346,10.762242300000253,ok,ffill,Forward fill
252,43,user_0,0.0015887892181279664,0.013196682768636413,2.492881735852609,0.039859618890902185,10.37676940000074,ok,ffill,Forward fill
258,44,user_0,0.0018805523182876607,0.016721172712018503,3.0571030261086856,0.043365335445349214,10.495900900000379,ok,ffill,Forward fill
264,45,user_0,0.0068509305028379795,0.022738163397607453,4.01579891028422,0.08277034796856891,10.564705599999797,ok,ffill,Forward fill
270,46,user_0,0.0017258225142821257,0.016874887277514124,3.1791306881398094,0.04154302004286792,10.178408299999319,ok,ffill,Forward fill
276,47,user_0,0.0017191567292527776,0.015371158615838149,2.9324522824653005,0.04146271492862928,10.13627919999999,ok,ffill,Forward fill
282,48,user_0,0.0017262067852337778,0.018514208082176454,3.6654129566324656,0.04154764476157196,10.484228999999686,ok,ffill,Forward fill
288,49,user_0,0.003096055740940228,0.020909582622469985,3.931177089123487,0.05564221186240018,10.709281700000247,ok,ffill,Forward fill
294,50,user_0,0.001638570481295889,0.016957083685949205,4.434897276343096,0.04047925989066362,9.853982999999971,ok,ffill,Forward fill
300,51,user_0,0.0016809380221848246,0.015495949527902897,3.451856979359156,0.04099924416601877,9.7647223999993,ok,ffill,Forward fill
306,52,user_0,0.004613944327701574,0.021387206312380426,3.6916746406476597,0.06792602099123408,10.148393899999974,ok,ffill,Forward fill
312,53,user_0,0.0020852738150024565,0.019036697967146115,3.579109869920144,0.04566479842288211,10.15504730000066,ok,ffill,Forward fill
318,54,user_0,0.0016615551660352796,0.013268049797688967,2.752072792790646,0.04076217813163668,9.966339399999924,ok,ffill,Forward fill
324,55,user_0,0.003409023460899358,0.01823878333722706,3.197884396780741,0.05838684321745232,10.357249300000149,ok,ffill,Forward fill
330,56,user_0,0.002392474125735644,0.016166387633931512,3.0452353223255453,0.04891292391317088,10.193117100000563,ok,ffill,Forward fill
336,57,user_0,0.0017825000303089743,0.015135284354409076,3.068335171555076,0.04221966402411292,9.933828600000197,ok,ffill,Forward fill
342,58,user_0,0.0015646687851918178,0.014916821063648049,3.2052522837155846,0.0395558944430766,9.970501900000272,ok,ffill,Forward fill
348,59,user_0,0.0019283523448049694,0.019360605211545354,3.5092525052212458,0.04391300883343078,10.510037099999863,ok,ffill,Forward fill
354,60,user_0,0.0016235405720509367,0.0189072499610384,3.701950051680361,0.040293182699446026,10.2546940000002,ok,ffill,Forward fill
360,61,user_0,0.0010850982829777838,0.011480271709310723,2.4509117324413126,0.03294083002867086,10.485375000000204,ok,ffill,Forward fill
366,62,user_0,0.0014793836731827497,0.016858059557644973,3.29061280900172,0.038462756962843285,10.645929799999976,ok,ffill,Forward fill
372,63,user_0,0.0015132899673563798,0.01711552650475596,3.367006893434326,0.03890102784447192,10.243334099999629,ok,ffill,Forward fill
378,64,user_0,0.00115240127839791,0.0123107981466078,2.5553767625147534,0.03394703637135221,10.611854599999788,ok,ffill,Forward fill
384,65,user_0,0.0014360682637458053,0.01613587076332984,3.099879348035863,0.03789549133796533,10.210484300000644,ok,ffill,Forward fill
390,66,user_0,0.001566070728023334,0.017335209558195157,3.4486464073962027,0.03957361151099725,10.66255749999982,ok,ffill,Forward fill
396,67,user_0,0.0013832661160724236,0.01438073555255062,2.9934184820091794,0.037192285706479825,10.497538900000109,ok,ffill,Forward fill
402,68,user_0,0.0012468833708463318,0.010911534204017826,2.1435124423739182,0.0353112357592641,10.309882900000048,ok,ffill,Forward fill
408,69,user_0,0.0015376816861813844,0.016206749026138775,3.4420747281132433,0.039213284562522745,9.974950000000717,ok,ffill,Forward fill
414,70,user_0,0.0018149069461147354,0.02107636441550957,4.32704307679956,0.04260172468474411,9.92514459999984,ok,ffill,Forward fill
420,71,user_0,0.001438054940202571,0.016272664766570077,3.8974548206702293,0.037921694848761324,10.140277399999832,ok,ffill,Forward fill
426,72,user_0,0.001481828638657346,0.014646049314636245,2.829073592986745,0.0384945273858161,10.005320700000084,ok,ffill,Forward fill
432,73,user_0,0.0014161028801056013,0.018434055981682605,4.0575547940036305,0.037631142423604436,10.073316900000464,ok,ffill,Forward fill
438,74,user_0,0.001386138013582218,0.015431594948070296,3.407642877737439,0.03723087446706319,9.895072699999218,ok,ffill,Forward fill
444,75,user_0,0.0014616352390135667,0.01503789351857052,3.172375507585749,0.0382313384413045,10.397001199999977,ok,ffill,Forward fill
450,76,user_0,0.0012037178960404155,0.0126411055123285,2.4446003313152254,0.034694637857173485,9.94121350000023,ok,ffill,Forward fill
456,77,user_0,0.0012942622531448812,0.012470875862461157,2.6215656070541793,0.03597585653108041,10.291220399999474,ok,ffill,Forward fill
462,78,user_0,0.0013279555508334394,0.013118059605993883,2.88207889597208,0.0364411244452396,10.602419300000292,ok,ffill,Forward fill
468,79,user_0,0.001607268792782083,0.021261433910169353,4.463688357020057,0.04009075694947756,10.841127300000153,ok,ffill,Forward fill
474,80,user_0,0.0013322683110235916,0.012887397677035069,2.6195187945061598,0.03650025083507772,10.376811399999497,ok,ffill,Forward fill
480,81,user_0,0.0014923964371551962,0.014666512032305916,2.9825260780485867,0.0386315471752711,10.658828199999334,ok,ffill,Forward fill
486,82,user_0,0.0011785900277678034,0.011106407982557272,2.0894343460885345,0.03433059900100497,10.687502100000529,ok,ffill,Forward fill
492,83,user_0,0.0015423624990800685,0.014222304229450597,2.549604982109155,0.039272923230644144,10.349604900000486,ok,ffill,Forward fill
498,84,user_0,0.0014922542301935007,0.015857859325033006,3.4538395266257784,0.038629706576590775,10.496291100000235,ok,ffill,Forward fill
504,85,user_0,0.0013008372663159073,0.012639904309849754,2.359978256679437,0.03606712168049881,10.409779999999955,ok,ffill,Forward fill
510,86,user_0,0.0017193934055034254,0.015573829045630429,2.7993187404350257,0.041465568915709156,9.927742600000784,ok,ffill,Forward fill
516,87,user_0,0.0014370635525581365,0.01521969188975203,3.189804259844089,0.03790862108489488,10.040277400000377,ok,ffill,Forward fill
522,88,user_0,0.0013920704096715309,0.013637124677078196,2.8141509864972845,0.03731045978906627,10.147990400000708,ok,ffill,Forward fill
528,89,user_0,0.0014150630072473495,0.013843154686902382,2.7955609399364914,0.03761732323341667,10.117991899999652,ok,ffill,Forward fill
534,90,user_0,0.0012993897308839941,0.014321928290525055,3.450285536417726,0.036047048851244316,10.175108600000385,ok,ffill,Forward fill
540,91,user_0,0.0015683899698773851,0.0190053106011825,3.9393920418529254,0.03960290355362073,10.497497700000167,ok,ffill,Forward fill
546,92,user_0,0.0014187025967664572,0.013406049562465298,2.9009998467433675,0.03766566867541923,10.090069299999413,ok,ffill,Forward fill
552,93,user_0,0.0010965480273494234,0.010982654658738978,2.7797793423855657,0.033114166565828336,9.960808900000302,ok,ffill,Forward fill
558,94,user_0,0.001665461250327115,0.017355488473695623,3.9146475619312957,0.04081006310123907,10.337532399999873,ok,ffill,Forward fill
564,95,user_0,0.0010216268035029821,0.010656854464982634,2.2605558859477446,0.03196289729519185,9.928740500000458,ok,ffill,Forward fill
570,96,user_0,0.0016584450250876589,0.016741226816387896,3.4439124919157904,0.040724010424903624,10.441125800000009,ok,ffill,Forward fill
576,97,user_0,0.001399312181044182,0.01520318724964781,3.616751063374637,0.03740738137111688,10.656201300000248,ok,ffill,Forward fill
582,98,user_0,0.0015127727808725605,0.01608730216609068,3.270509587012624,0.038894379810874485,10.802931000000171,ok,ffill,Forward fill
588,99,user_0,0.001372298600474246,0.015060927233103033,3.896422509153848,0.03704454886314916,10.193595700000515,ok,ffill,Forward fill
594,100,user_0,0.0016971078906936866,0.01664691432796253,3.2397352124907806,0.0411959693500916,10.714550700000473,ok,ffill,Forward fill
1,1,user_1,0.000605966425635626,0.019741809405482168,34.91258913974429,0.02461638530807531,11.155638100000033,ok,ffill,Forward fill
7,2,user_1,0.0004484901550183993,0.012515638464065169,15.34955335703579,0.02117758614711316,11.187177600000268,ok,ffill,Forward fill
13,3,user_1,0.0003064392606234828,0.005386680148220662,5.99801097739585,0.017505406611201087,11.474476500000037,ok,ffill,Forward fill
19,4,user_1,0.0003101974736922214,0.0036647234871578305,2.9838966271815335,0.01761242384489487,8.224033200000122,ok,ffill,Forward fill
25,5,user_1,0.00037655094464952925,0.008952226978150301,16.56413981663627,0.019404920629817822,8.3276879,ok,ffill,Forward fill
31,6,user_1,0.0002949443847936908,0.0023398628335719054,2.508714124229987,0.017173944939753674,7.849856600000294,ok,ffill,Forward fill
37,7,user_1,0.0003071738351325054,0.004067862530952581,5.38670633699201,0.017526375413430623,8.26676180000004,ok,ffill,Forward fill
43,8,user_1,0.0003522196702649072,0.00719681486873849,7.194513049666355,0.01876751635845583,7.970170499999767,ok,ffill,Forward fill
49,9,user_1,0.00033294146459551214,0.008545444058237647,12.967798455572794,0.01824668366020281,7.717071000000033,ok,ffill,Forward fill
55,10,user_1,0.000321641610500953,0.006514950499756136,7.496521909628244,0.01793436953173858,7.687885299999834,ok,ffill,Forward fill
61,11,user_1,0.00030617302498678415,0.005970002572275948,9.03960709080763,0.017497800575694767,7.792527199999768,ok,ffill,Forward fill
67,12,user_1,0.0002938413433016401,0.0023171559539508094,2.1306847054713867,0.01714180105186267,10.678616000000147,ok,ffill,Forward fill
73,13,user_1,0.0003264513135909386,0.007198597064482064,17.980866003647648,0.01806796373670643,11.354101299999911,ok,ffill,Forward fill
79,14,user_1,0.000306786864453632,0.004970880955828157,4.444372736216069,0.017515332267862692,11.649925200000325,ok,ffill,Forward fill
85,15,user_1,0.0003168851063271628,0.0056372017992955,8.5470056046831,0.017801266986570446,12.124152899999899,ok,ffill,Forward fill
91,16,user_1,0.000352779639257801,0.007678265296588303,10.970846778076325,0.018782429003134846,13.849922499999593,ok,ffill,Forward fill
97,17,user_1,0.00033016203347502104,0.007867621322025339,10.203570222986627,0.018170361401882492,12.668342499999653,ok,ffill,Forward fill
103,18,user_1,0.000315540955796303,0.005435015166932475,18.132635289562153,0.017763472515144752,11.81583099999989,ok,ffill,Forward fill
109,19,user_1,0.0003881340189063042,0.011755637705006925,19.997320831434937,0.01970111719944593,11.80457030000025,ok,ffill,Forward fill
115,20,user_1,0.0003351884962611501,0.008269203861491228,19.8835855715177,0.018308153819026923,11.294174099999964,ok,ffill,Forward fill
121,21,user_1,0.0003098852058422909,0.004933099233997444,13.046577702268387,0.017603556624792925,11.257962099999986,ok,ffill,Forward fill
127,22,user_1,0.0003922047495916834,0.01207813776462425,25.030353884820773,0.019804159906233926,11.234393499999896,ok,ffill,Forward fill
133,23,user_1,0.000336076829571326,0.008185063574218842,10.195864557916275,0.018332398358407064,11.450555800000075,ok,ffill,Forward fill
139,24,user_1,0.00030597736678074,0.005499150136763827,13.522059375095472,0.017492208745059613,11.198958999999377,ok,ffill,Forward fill
145,25,user_1,0.00030739915770594035,0.004586178194242668,11.599123823349023,0.017532802334650908,11.967073400000118,ok,ffill,Forward fill
151,26,user_1,0.00037121756777114116,0.01113863103190258,21.782984334106533,0.019267007234418664,13.332231699999284,ok,ffill,Forward fill
157,27,user_1,0.0003010744880674774,0.003999001301520385,6.390312344835525,0.017351498150519378,13.477096300000085,ok,ffill,Forward fill
163,28,user_1,0.0003135008379317021,0.004517741909633227,7.453664453615214,0.017705954872067817,12.689468799999304,ok,ffill,Forward fill
169,29,user_1,0.00034985862415018985,0.006916910378462077,6.34658588691087,0.018704508123716854,12.441684699999314,ok,ffill,Forward fill
175,30,user_1,0.0004583926601554346,0.014862207154682425,32.216324306819644,0.021410106495658415,12.855254999999488,ok,ffill,Forward fill
181,31,user_1,0.00031022677237616913,0.005723886172016552,12.803877498353902,0.017613255587090343,12.759946899999704,ok,ffill,Forward fill
187,32,user_1,0.0003693153801554734,0.010726895358947648,22.935074872966204,0.01921757997655983,13.01066979999996,ok,ffill,Forward fill
193,33,user_1,0.0003538926699873387,0.009908233812137908,20.139023715170605,0.018812035243092086,12.480692299999646,ok,ffill,Forward fill
199,34,user_1,0.0004049746753012059,0.012568043324633378,21.006432200214963,0.02012398259046171,12.081025899999986,ok,ffill,Forward fill
205,35,user_1,0.00034276337550929916,0.00924850345587171,19.608099337408678,0.018513869814528218,12.479773499999283,ok,ffill,Forward fill
211,36,user_1,0.00030570043638493855,0.0049175049124209,12.679968384761441,0.017484291131897187,10.626341000000139,ok,ffill,Forward fill
217,37,user_1,0.0003658966551891392,0.010613164103480179,19.80439257735702,0.01912842531911969,10.450496600000406,ok,ffill,Forward fill
223,38,user_1,0.00030728038632531934,0.0053348336979153884,5.353918741469865,0.017529414888276203,10.644539700000678,ok,ffill,Forward fill
229,39,user_1,0.0003064797712908792,0.005123885489409658,10.784226431896018,0.017506563663120162,10.42986860000019,ok,ffill,Forward fill
235,40,user_1,0.0003131582458511511,0.004632177833921962,10.323825101505665,0.017696277739998066,10.014543399999638,ok,ffill,Forward fill
241,41,user_1,0.00031529899788484386,0.004918735402315333,13.14031220244312,0.017756660662546993,10.721346600000288,ok,ffill,Forward fill
247,42,user_1,0.0003058127533477661,0.004167624935909911,8.613055412746025,0.017487502776204672,10.5135736000002,ok,ffill,Forward fill
253,43,user_1,0.00033659130986963675,0.006677392599429669,11.321586884175439,0.018346424988799227,10.548250899999402,ok,ffill,Forward fill
259,44,user_1,0.0003551002780651991,0.009472236018992048,18.489413934753436,0.01884410459706693,10.811488400000599,ok,ffill,Forward fill
265,45,user_1,0.00032803531709465616,0.006343099669675389,15.27371817251656,0.01811174528019473,10.409382399999231,ok,ffill,Forward fill
271,46,user_1,0.00030468632761873014,0.004343568632402288,10.405407961494518,0.017455266472292254,10.463377999999466,ok,ffill,Forward fill
277,47,user_1,0.0003007383776785873,0.003833767556953036,8.548723224371003,0.01734181010386711,10.459239199999502,ok,ffill,Forward fill
283,48,user_1,0.000363062608694972,0.010271228701330442,25.272292836144157,0.019054201864548724,10.562594799999715,ok,ffill,Forward fill
289,49,user_1,0.000310093123490953,0.005730768107026301,12.892815902828328,0.017609461192522415,10.393939299999147,ok,ffill,Forward fill
295,50,user_1,0.0004262221430628025,0.013625120089927317,25.219033757268384,0.020645148172459372,10.285847600000125,ok,ffill,Forward fill
301,51,user_1,0.0003183472128357759,0.005208455424364955,16.909134132008234,0.017842287208644968,10.167400299999827,ok,ffill,Forward fill
307,52,user_1,0.0003969942809954125,0.01224032445671304,27.72393298568041,0.0199247153303482,9.85011730000042,ok,ffill,Forward fill
313,53,user_1,0.0004494902509515658,0.014568452811895663,32.041394285506485,0.021201185130826198,10.05791760000011,ok,ffill,Forward fill
319,54,user_1,0.00032036806372902,0.007371945622734073,14.40077759046449,0.017898828557450903,9.88426999999956,ok,ffill,Forward fill
325,55,user_1,0.0002994590748861142,0.003326110363976787,5.870179363951712,0.017304885867468593,10.277421399999184,ok,ffill,Forward fill
331,56,user_1,0.00031230877639653064,0.0049437392114757535,8.711678466769305,0.01767226008173631,10.10514669999975,ok,ffill,Forward fill
337,57,user_1,0.00032320979657521234,0.005989460851594477,12.555409023832564,0.017978036505002775,10.323904599999878,ok,ffill,Forward fill
343,58,user_1,0.000316467207478228,0.004657940317469428,5.9077697769971405,0.017789525217897974,10.06537709999975,ok,ffill,Forward fill
349,59,user_1,0.0004183609170330123,0.011790205796674709,33.704565814434204,0.020453872910356424,10.530593299999964,ok,ffill,Forward fill
355,60,user_1,0.0003438177635178816,0.008038895942857813,23.115913746814048,0.01854232357386424,10.558890000000247,ok,ffill,Forward fill
361,61,user_1,0.0003513375498031333,0.008601210502754992,23.61006883127021,0.018744000368201376,10.819478100000197,ok,ffill,Forward fill
367,62,user_1,0.00030623850297426344,0.004578909285514458,10.91154652252297,0.017499671510467375,10.35727180000049,ok,ffill,Forward fill
373,63,user_1,0.00031678675164037337,0.005565427480958554,17.741640959121362,0.017798504196711962,10.512149299999692,ok,ffill,Forward fill
379,64,user_1,0.00030160610499400416,0.0041357461096339435,9.913474147635329,0.017366810443889925,10.615593200000148,ok,ffill,Forward fill
385,65,user_1,0.0004244236335735733,0.011206015596438523,36.7122821411652,0.020601544446316962,10.369036399999459,ok,ffill,Forward fill
391,66,user_1,0.0004015768458277058,0.01251537643867152,27.681644542733398,0.02003938237141319,10.573340500000086,ok,ffill,Forward fill
397,67,user_1,0.00032250218014924254,0.005886907986964032,16.23512271986925,0.0179583456963397,10.53506600000037,ok,ffill,Forward fill
403,68,user_1,0.0005099285947495612,0.016629481418228863,40.2478026037042,0.02258159858711427,10.051839499999915,ok,ffill,Forward fill
409,69,user_1,0.0003273472113684936,0.00619887799273862,19.49085807581471,0.018092739189202213,10.258697199999915,ok,ffill,Forward fill
415,70,user_1,0.0003573358328108857,0.009530852357844085,23.321988524314737,0.01890332861722733,10.162037499999315,ok,ffill,Forward fill
421,71,user_1,0.00032253761248774896,0.006105100014461783,13.865050568128618,0.01795933218379094,9.896801500000038,ok,ffill,Forward fill
427,72,user_1,0.0003364327534892094,0.007298410570916549,21.9900104854026,0.01834210330058168,9.883131200000207,ok,ffill,Forward fill
433,73,user_1,0.0003549639634980289,0.008938959284821406,24.265261081356275,0.018840487347678375,10.349185000000034,ok,ffill,Forward fill
439,74,user_1,0.0004749827451522626,0.015296774349558097,31.422871353950406,0.02179409886075271,10.120063700000173,ok,ffill,Forward fill
445,75,user_1,0.00045905036634661165,0.014695365029389847,31.954268925528538,0.021425460703252373,10.001261200000044,ok,ffill,Forward fill
451,76,user_1,0.0004590665736031434,0.014133212637224774,34.791892577563566,0.021425838924138848,10.160675699999956,ok,ffill,Forward fill
457,77,user_1,0.0004163536918228687,0.013399986170868546,23.473894797975174,0.02040474679634297,10.230827600000339,ok,ffill,Forward fill
463,78,user_1,0.00036440491709637744,0.008807281988317896,26.60147210349343,0.019089392790143364,10.329023600000255,ok,ffill,Forward fill
469,79,user_1,0.0003495532251284422,0.009028451071070033,20.188877799081595,0.018696342560202577,10.347272699999849,ok,ffill,Forward fill
475,80,user_1,0.0005067762974695385,0.016424812527934814,37.33397587460697,0.022511692461241968,10.634455499999603,ok,ffill,Forward fill
481,81,user_1,0.0003330387305183789,0.008169671130430812,17.097059056688586,0.018249348769706245,10.504676100000324,ok,ffill,Forward fill
487,82,user_1,0.00033468782056134426,0.006412743794355799,15.543083641318004,0.01829447513762951,10.431504799999857,ok,ffill,Forward fill
493,83,user_1,0.0003363970296134634,0.007258058748639757,18.087700968019114,0.01834112945304796,10.649631799999952,ok,ffill,Forward fill
499,84,user_1,0.00034384435044451113,0.008509565761735918,19.516456511718474,0.0185430404854358,10.565444999999272,ok,ffill,Forward fill
505,85,user_1,0.00033528424509502217,0.006251655793040133,19.1490821464964,0.018310768555552828,10.261544699999831,ok,ffill,Forward fill
511,86,user_1,0.0003401427249037732,0.007769284134500742,22.568249324909427,0.01844295868085631,10.30496519999997,ok,ffill,Forward fill
517,87,user_1,0.0004554742060978051,0.014561048745376462,34.829845097715705,0.021341841675399174,10.305489399999715,ok,ffill,Forward fill
523,88,user_1,0.00038947156633085766,0.012029480700833796,25.044934074238245,0.019735033983524265,9.798864299999877,ok,ffill,Forward fill
529,89,user_1,0.0003486910413366615,0.007770986516385874,19.0227743187839,0.018673270772327527,10.174265800000285,ok,ffill,Forward fill
535,90,user_1,0.00031811560898684457,0.005854685633316385,14.829488430158502,0.017835795720596393,10.077555400000165,ok,ffill,Forward fill
541,91,user_1,0.0004816191842718899,0.014771543356174961,36.92796025138508,0.021945823845822922,9.936380499999359,ok,ffill,Forward fill
547,92,user_1,0.0005067002746725988,0.016545620750627776,36.17237556321056,0.022510003879888576,10.118943899999977,ok,ffill,Forward fill
553,93,user_1,0.0005759596079115498,0.01863126232715416,42.475658276131675,0.02399915848340416,10.237975300000471,ok,ffill,Forward fill
559,94,user_1,0.00033091678003159585,0.007034624138943803,18.91522152632129,0.018191118163312443,9.92068190000009,ok,ffill,Forward fill
565,95,user_1,0.0003765056865046619,0.010882886404146449,23.291926120583433,0.019403754443526176,10.466131700000005,ok,ffill,Forward fill
571,96,user_1,0.00043305126725309465,0.01326651131209062,30.390546410007612,0.020809883883700423,10.518221400000584,ok,ffill,Forward fill
577,97,user_1,0.00045994311281142257,0.01367513374575688,33.99827188575337,0.021446284359101054,10.58444259999942,ok,ffill,Forward fill
583,98,user_1,0.00043704147149810704,0.013139160318276989,34.4968876220792,0.020905536862231188,10.623070999999982,ok,ffill,Forward fill
589,99,user_1,0.0004846600586281107,0.015383693231642131,37.18698734823053,0.022014996221396695,10.529805899999701,ok,ffill,Forward fill
595,100,user_1,0.0004962376695859949,0.01577700958745174,36.33239796247409,0.0222763926519981,10.425271500000235,ok,ffill,Forward fill
2,1,user_2,0.00036719091376975,0.005299359606364042,7.0599503069787115,0.019162226221651545,10.773662800000238,ok,ffill,Forward fill
8,2,user_2,0.00038523127064469956,0.005056269368654371,6.025085589476687,0.019627309307306988,11.024979000000258,ok,ffill,Forward fill
14,3,user_2,0.00037097611563820005,0.0049362738868677005,7.898799061758526,0.019260740267139267,11.32982630000015,ok,ffill,Forward fill
20,4,user_2,0.0003720585879008247,0.006025178034593534,9.96117905292889,0.019288820282765472,8.243493399999807,ok,ffill,Forward fill
26,5,user_2,0.0003695572418970277,0.0028911632048783196,2.7593003753556395,0.01922387166772156,8.548307200000181,ok,ffill,Forward fill
32,6,user_2,0.00045030550300607756,0.012117221522954769,15.813359363038803,0.02122040298877657,8.063225200000034,ok,ffill,Forward fill
38,7,user_2,0.00036740061536632917,0.003849781732722787,6.133728334137932,0.01916769718475146,8.016237400000136,ok,ffill,Forward fill
44,8,user_2,0.0003869924917099564,0.007606066192844427,8.694366769450571,0.01967212473806417,8.183700699999918,ok,ffill,Forward fill
50,9,user_2,0.00042338441229137385,0.01054752253682307,16.05181664065083,0.02057630706155441,8.080733000000237,ok,ffill,Forward fill
56,10,user_2,0.0003627763478631886,0.0032810827624669098,3.515300178474269,0.019046688632494327,7.5902265999998235,ok,ffill,Forward fill
62,11,user_2,0.0003698520930529352,0.0031550927071391874,2.3485102544590926,0.019231539019353993,9.733921399999872,ok,ffill,Forward fill
68,12,user_2,0.0003845618639002975,0.007425585389015741,8.053790881668123,0.019610248950492636,10.35646369999995,ok,ffill,Forward fill
74,13,user_2,0.00037023896394617104,0.005330977011212352,9.071031625275936,0.019241594631063483,11.377397000000201,ok,ffill,Forward fill
80,14,user_2,0.0003715875265817212,0.006141802330216533,8.05005349725782,0.019276605681024895,11.41106119999995,ok,ffill,Forward fill
86,15,user_2,0.00036095719182344143,0.0038125556717246113,4.407638772678195,0.01899887343563932,11.989747999999963,ok,ffill,Forward fill
92,16,user_2,0.00038285100355271354,0.007154187931583134,9.939332581651447,0.019566578739082456,12.547344000000066,ok,ffill,Forward fill
98,17,user_2,0.00037520549160813716,0.006025393395248826,9.126503428544023,0.01937022177488263,13.254226800000197,ok,ffill,Forward fill
104,18,user_2,0.0003627301797175909,0.0030033020692616197,4.180656606779147,0.01904547662090899,11.35844169999973,ok,ffill,Forward fill
110,19,user_2,0.0003838375743570084,0.007305808557956988,10.83814175763338,0.019591773129479843,11.758292699999856,ok,ffill,Forward fill
116,20,user_2,0.00037409050122616544,0.0038753921930428635,3.2885385031522913,0.019341419317779277,11.128874900000028,ok,ffill,Forward fill
122,21,user_2,0.0003917115951289565,0.006411274500950997,8.448832375335018,0.01979170521023786,12.171518299999661,ok,ffill,Forward fill
128,22,user_2,0.0003856944039778925,0.007703145596852702,9.705933475166367,0.019639103950483395,11.309150099999897,ok,ffill,Forward fill
134,23,user_2,0.00036893328825584356,0.003354474191234209,5.36751906407067,0.01920763619646737,10.88680499999964,ok,ffill,Forward fill
140,24,user_2,0.00036968475679932515,0.0051836214884019285,7.161897646923373,0.01922718795870382,11.342919599999732,ok,ffill,Forward fill
146,25,user_2,0.00038224568417832367,0.006352666662053198,11.136617222561096,0.0195511044234929,11.122757000000092,ok,ffill,Forward fill
152,26,user_2,0.00037595437389830496,0.005585443902936913,7.227018740055089,0.01938954290070565,13.160845000000336,ok,ffill,Forward fill
158,27,user_2,0.00039141080566237223,0.00805286932872442,9.353875163532136,0.01978410487392271,12.858078500000374,ok,ffill,Forward fill
164,28,user_2,0.00038630655674121704,0.0067363785471003254,10.924036408731661,0.01965468281965438,12.795136400000047,ok,ffill,Forward fill
170,29,user_2,0.0003707866814474074,0.005856505275248238,7.589904047495917,0.019255822014326147,13.159545100000287,ok,ffill,Forward fill
176,30,user_2,0.0003845274102856222,0.006794674521981525,9.234455266735896,0.0196093704714257,12.805562599999575,ok,ffill,Forward fill
182,31,user_2,0.0003925745325944005,0.0062033729570757255,9.266755159603669,0.019813493699860216,12.66900590000023,ok,ffill,Forward fill
188,32,user_2,0.00038936365339450814,0.0069494386992762615,11.14096618366731,0.0197322997492565,13.134990399999879,ok,ffill,Forward fill
194,33,user_2,0.00038167168032484473,0.0051635025424485136,6.210633602648437,0.019536419332232935,12.213290300000153,ok,ffill,Forward fill
200,34,user_2,0.0003729291148372528,0.004374405566063971,5.141125622383791,0.019311372681330884,12.486524199999621,ok,ffill,Forward fill
206,35,user_2,0.0003714737665536411,0.005055371691383112,8.634818380437634,0.019273654727467778,12.29731460000039,ok,ffill,Forward fill
212,36,user_2,0.0003914091166890472,0.006353323163462761,8.710218336829644,0.01978406218876819,10.680760299999747,ok,ffill,Forward fill
218,37,user_2,0.0003865687533748248,0.007033667050132268,9.339173103678904,0.01966135176875753,10.158173400000123,ok,ffill,Forward fill
224,38,user_2,0.00037742491143221606,0.006542630996217385,11.322653825879094,0.019427426783601993,10.319972999999663,ok,ffill,Forward fill
230,39,user_2,0.0003862804562806023,0.007026364280625856,9.754634560507228,0.019654018832813872,10.307743100000152,ok,ffill,Forward fill
236,40,user_2,0.0003707539099489037,0.005509726744899758,6.695778751866746,0.01925497104513283,10.035657800000081,ok,ffill,Forward fill
242,41,user_2,0.0003902891629359352,0.007997943622622303,12.558047093490575,0.01975573746879461,10.48649049999949,ok,ffill,Forward fill
248,42,user_2,0.00037461790587892834,0.005673578433046706,9.332728557326558,0.01935504858890642,10.518961799999488,ok,ffill,Forward fill
254,43,user_2,0.0003875341604211164,0.007325031598700111,10.851511689175295,0.019685887341471718,10.731129000000692,ok,ffill,Forward fill
260,44,user_2,0.0003718196975147753,0.005136681366845733,8.85922895805184,0.019282626831289746,10.420201300000372,ok,ffill,Forward fill
266,45,user_2,0.0003741541455253471,0.005960822445100913,9.136968165444712,0.019343064532936532,10.958663700000216,ok,ffill,Forward fill
272,46,user_2,0.0003756534886547101,0.0036409833354002392,3.183733385136366,0.01938178239106791,10.514467199999672,ok,ffill,Forward fill
278,47,user_2,0.00038629588747471247,0.006718224096747013,12.047339657278668,0.01965441139985404,10.44279700000061,ok,ffill,Forward fill
284,48,user_2,0.00039907351643811705,0.0059395284099981295,6.468269820793136,0.019976824483338613,10.507709800000157,ok,ffill,Forward fill
290,49,user_2,0.0003754627681953431,0.006368834013625941,8.354499160589551,0.019376861670439387,10.712149100000715,ok,ffill,Forward fill
296,50,user_2,0.00037028089537296236,0.004069283598817104,4.922758728494667,0.019242684203950405,9.991130699999303,ok,ffill,Forward fill
302,51,user_2,0.00038436742594418963,0.006109538869507436,12.052707697968591,0.01960529076408176,10.042675400000007,ok,ffill,Forward fill
308,52,user_2,0.0004107514986975911,0.009472270621270833,15.627143269185265,0.02026700517337456,9.934543200000007,ok,ffill,Forward fill
314,53,user_2,0.0003730295485317091,0.004231379728825222,5.239507094228264,0.019313972883166972,10.142689999999675,ok,ffill,Forward fill
320,54,user_2,0.0003755545503716229,0.00485308715668877,6.883872578654433,0.019379229870446938,9.814213499999823,ok,ffill,Forward fill
326,55,user_2,0.0003892331288353135,0.007188220046504068,14.264541083711467,0.019728992088682926,10.220634100000098,ok,ffill,Forward fill
332,56,user_2,0.00037437501199984917,0.005461776049941127,9.250785780511558,0.019348772880982638,10.11184299999968,ok,ffill,Forward fill
338,57,user_2,0.00037600130966317644,0.006476622400386271,10.745075901075474,0.01939075319999655,10.119282800000292,ok,ffill,Forward fill
344,58,user_2,0.0003790958169856369,0.004599416806325552,6.690185815447736,0.019470383072390664,9.811751599999297,ok,ffill,Forward fill
350,59,user_2,0.00037782913195423084,0.006687039416793678,11.557979094740595,0.019437827346548555,10.796838500000376,ok,ffill,Forward fill
356,60,user_2,0.0003963084975929809,0.005715121568673053,6.606642350167721,0.01990749852676074,10.3963033,ok,ffill,Forward fill
362,61,user_2,0.0003832327290879686,0.005519469866073114,9.021203428064007,0.019576330838233416,10.72058300000026,ok,ffill,Forward fill
368,62,user_2,0.00038748272775171336,0.005804349091305099,8.772428642658207,0.019684580964595445,10.613945899999635,ok,ffill,Forward fill
374,63,user_2,0.00040984987871513364,0.007155709250736191,9.002667304277535,0.020244749411023433,10.42837950000012,ok,ffill,Forward fill
380,64,user_2,0.0003740543819704195,0.005115551171736409,8.411518524004236,0.019340485567079735,10.363868099999308,ok,ffill,Forward fill
386,65,user_2,0.0003883127810536875,0.00700699020796561,12.644211770639458,0.01970565353023562,10.629166699999587,ok,ffill,Forward fill
392,66,user_2,0.0003910115954851913,0.0069759032787391805,14.283233390840117,0.019774013135557267,10.00554749999992,ok,ffill,Forward fill
398,67,user_2,0.00039349805426032545,0.007091310872828385,9.609164541953554,0.019836785381213494,10.335893599999508,ok,ffill,Forward fill
404,68,user_2,0.00039877987221317304,0.008191833584690368,12.868179966884014,0.019969473508662492,10.513054900000498,ok,ffill,Forward fill
410,69,user_2,0.0003787802238197299,0.0051533936620722495,9.661008159101629,0.019462276943351974,10.033902499999385,ok,ffill,Forward fill
416,70,user_2,0.00038429704783786157,0.007241903917958625,12.266029101400406,0.019603495806561174,9.839872499999728,ok,ffill,Forward fill
422,71,user_2,0.00038317865476516,0.007006395711032461,11.159278248683574,0.01957494967465204,9.969218799999908,ok,ffill,Forward fill
428,72,user_2,0.0003825887637258238,0.006369447631278411,9.110590066787585,0.01955987637296882,10.01268380000056,ok,ffill,Forward fill
434,73,user_2,0.00038260454604468753,0.004976612090258961,6.629334863074786,0.019560279804866992,9.928493000000344,ok,ffill,Forward fill
440,74,user_2,0.0004107809704111901,0.00779929927702962,15.85819962127039,0.02026773224638588,9.869378899999901,ok,ffill,Forward fill
446,75,user_2,0.00043716671349726204,0.009888684929583566,20.905466681903757,0.020908532074185936,10.368871100000433,ok,ffill,Forward fill
452,76,user_2,0.0003803817543399805,0.006038375189952823,10.516213053587869,0.019503378023818862,10.202304800000093,ok,ffill,Forward fill
458,77,user_2,0.0003886328582872445,0.007964724205496439,9.76221366917011,0.01971377331429081,10.130178800000067,ok,ffill,Forward fill
464,78,user_2,0.00045412972551409883,0.011968613514862727,18.858657063267298,0.02131031969525795,10.273829400000068,ok,ffill,Forward fill
470,79,user_2,0.0004145728867566306,0.010047139020350012,14.753028032503588,0.020361063006548323,10.998236099999303,ok,ffill,Forward fill
476,80,user_2,0.00038316169211724646,0.005100014784770963,6.139669040792548,0.019574516395488458,10.166969299999437,ok,ffill,Forward fill
482,81,user_2,0.00041795625853894306,0.008737042366403665,17.390052812143097,0.020443978539876798,10.642956499999855,ok,ffill,Forward fill
488,82,user_2,0.0004120807073203093,0.008658600452223766,13.78969477511026,0.02029977111497342,10.56708990000061,ok,ffill,Forward fill
494,83,user_2,0.00039661048166908096,0.006327063676330631,7.1192637071055245,0.01991508176405713,10.249313999999686,ok,ffill,Forward fill
500,84,user_2,0.00039390022457786117,0.007816209120968013,13.694932606540839,0.019846919775568732,10.620020099999238,ok,ffill,Forward fill
506,85,user_2,0.0003709791324403962,0.004935464260754785,8.272014910534995,0.01926081858178401,10.781658799999605,ok,ffill,Forward fill
512,86,user_2,0.0003970014583075445,0.0084284291173075,13.376127834487352,0.01992489544031648,10.0572959000001,ok,ffill,Forward fill
518,87,user_2,0.0004048732482046481,0.008401887749214092,14.793505898349865,0.020121462377388183,9.97695339999973,ok,ffill,Forward fill
524,88,user_2,0.00044134180694620993,0.010741315714357517,18.93728280641193,0.02100813668429949,10.078592200000458,ok,ffill,Forward fill
530,89,user_2,0.0004286595062041401,0.009811651940226008,18.52245117456363,0.020704093947916197,10.180620699999963,ok,ffill,Forward fill
536,90,user_2,0.00045763354555961527,0.0113421387074942,19.456560657938983,0.021392371200023977,10.413926500000343,ok,ffill,Forward fill
542,91,user_2,0.000454404262312287,0.01188777962212534,18.889241271092217,0.021316760127005393,10.301539500000217,ok,ffill,Forward fill
548,92,user_2,0.0004005306689644326,0.007423076756907343,12.951530789577617,0.02001326232687796,10.25117329999921,ok,ffill,Forward fill
554,93,user_2,0.0004120603893029426,0.008687972617037862,14.320969581715435,0.020299270659384357,10.16638839999996,ok,ffill,Forward fill
560,94,user_2,0.00038517999855571514,0.006738093101834992,11.448169854247697,0.019626003122279256,10.15215470000021,ok,ffill,Forward fill
566,95,user_2,0.00038769824169043244,0.006854720651906656,9.558158299660986,0.019690054385156797,10.504065600000104,ok,ffill,Forward fill
572,96,user_2,0.00039069767687119637,0.006494816736810682,12.555811663105764,0.01976607388611093,10.223661200000606,ok,ffill,Forward fill
578,97,user_2,0.0004056540731675348,0.007431211891001215,15.166787636884878,0.02014085582013671,10.386596199999985,ok,ffill,Forward fill
584,98,user_2,0.0004818978673421305,0.011860459768591132,18.739190627808192,0.021952172269325203,10.77667079999992,ok,ffill,Forward fill
590,99,user_2,0.00041782311981922177,0.008987678128262322,15.244950071180693,0.0204407220963258,10.454756299999644,ok,ffill,Forward fill
596,100,user_2,0.00041813605258534254,0.008867927306604852,15.093761712601886,0.020448375304296,10.63498570000047,ok,ffill,Forward fill
3,1,user_3,0.00040557979271281617,0.01251618564336946,9.979573561220302,0.02013901171142259,11.203618699999879,ok,ffill,Forward fill
9,2,user_3,0.0003054909965315709,0.0057778864513611675,4.303112755423974,0.017478300733525867,11.262077500000032,ok,ffill,Forward fill
15,3,user_3,0.00031818236108250864,0.0051967507970062995,3.7208186612615575,0.01783766691814007,11.283746600000086,ok,ffill,Forward fill
21,4,user_3,0.0003204085375357517,0.005166630766189747,4.0570934370310505,0.017899959148996728,8.34056260000034,ok,ffill,Forward fill
27,5,user_3,0.0003043551258363122,0.005887932623754175,4.642932673962057,0.017445776733533883,7.921403800000007,ok,ffill,Forward fill
33,6,user_3,0.00032386678974719485,0.005863339011365272,4.538933061295221,0.017996299334785328,8.035261900000023,ok,ffill,Forward fill
39,7,user_3,0.000413483135050823,0.013024699242124247,10.74317474427233,0.020334284719429472,8.257991599999968,ok,ffill,Forward fill
45,8,user_3,0.000310308676268166,0.004634085061184412,2.5583826738868787,0.01761558049762102,7.752584200000001,ok,ffill,Forward fill
51,9,user_3,0.0002999384878115643,0.003486175309705403,1.9425334616745065,0.01731873228072899,7.7526904000001196,ok,ffill,Forward fill
57,10,user_3,0.0002913054970044631,0.003399854927166637,2.5344160690521855,0.01706767403615569,7.852377599999727,ok,ffill,Forward fill
63,11,user_3,0.0003003152682203092,0.002901603630513626,2.3171797762413613,0.017329606695488192,10.723613499999828,ok,ffill,Forward fill
69,12,user_3,0.0003667785218998186,0.010124675768645609,7.230272490205744,0.019151462656930896,10.950730099999873,ok,ffill,Forward fill
75,13,user_3,0.0002988276082279012,0.005377451450444843,5.109031563112761,0.01728663091026997,11.318716500000392,ok,ffill,Forward fill
81,14,user_3,0.00029876855546103457,0.005195523142550978,5.4569118659230895,0.017284922778567295,11.50855189999993,ok,ffill,Forward fill
87,15,user_3,0.0002923280017083991,0.0025213519802657954,1.6912997242101058,0.017097602221025004,11.873417300000256,ok,ffill,Forward fill
93,16,user_3,0.0003020197219829176,0.0030867187266732364,2.4988747307196584,0.017378714624013986,12.381494000000203,ok,ffill,Forward fill
99,17,user_3,0.00029559142032378776,0.004415892625295706,3.9310176354519237,0.017192772328039122,12.267970599999899,ok,ffill,Forward fill
105,18,user_3,0.0003032051208317007,0.0047376041030951456,3.761008029409025,0.017412786130648384,11.487298199999714,ok,ffill,Forward fill
111,19,user_3,0.00030406110647628824,0.005906759313379646,5.402895769341594,0.017437348034500207,11.264104400000178,ok,ffill,Forward fill
117,20,user_3,0.00031447590324775956,0.006800718905622267,5.254557807320871,0.01773346844945341,11.058644599999752,ok,ffill,Forward fill
123,21,user_3,0.00030212747330890977,0.005132960011635557,3.5923135626353164,0.017381814442367912,11.94672270000001,ok,ffill,Forward fill
129,22,user_3,0.00029363379620100623,0.004170318596460364,3.7141761166478853,0.0171357461524442,11.190624699999717,ok,ffill,Forward fill
135,23,user_3,0.0002905782088810738,0.003598254851575744,3.2064055068476676,0.01704635470947011,11.142515200000162,ok,ffill,Forward fill
141,24,user_3,0.0002965415292934326,0.00418837838430727,3.031825575212326,0.017220381218005384,10.87026379999952,ok,ffill,Forward fill
147,25,user_3,0.0003147358847370302,0.004654607690268022,2.78872404881745,0.017740797184372246,11.550072200000614,ok,ffill,Forward fill
153,26,user_3,0.0002963626268707061,0.0027288362640197576,1.8531114314568478,0.017215185937732597,12.879877499999566,ok,ffill,Forward fill
159,27,user_3,0.0003063678657100368,0.006231234784068207,6.10205983690255,0.01750336726775842,13.076849699999912,ok,ffill,Forward fill
165,28,user_3,0.0002963485300280513,0.0036554167948849715,2.647101852336102,0.017214776502413594,12.93377270000019,ok,ffill,Forward fill
171,29,user_3,0.00029092811999482796,0.003321201009108746,3.1092047783420425,0.017056615138849443,12.6992850000006,ok,ffill,Forward fill
177,30,user_3,0.0003102971311014034,0.005876197309478978,4.35920424871493,0.017615252796976927,12.587412299999414,ok,ffill,Forward fill
183,31,user_3,0.0002977252764995321,0.004363418590229272,4.434500401137458,0.01725471751433596,12.2836427000002,ok,ffill,Forward fill
189,32,user_3,0.000313146153291186,0.006994367815225522,6.937449214496833,0.017695936067108346,12.681777400000101,ok,ffill,Forward fill
195,33,user_3,0.00031671753373322916,0.007438664847582804,7.108008879117576,0.017796559603845602,12.503192400000444,ok,ffill,Forward fill
201,34,user_3,0.00030372741219334917,0.0037028205310963573,2.4139669590460695,0.01742777702959701,12.330984600000193,ok,ffill,Forward fill
207,35,user_3,0.0003342905431541493,0.008788019809581857,8.624867644288997,0.01828361406161674,11.613683599999604,ok,ffill,Forward fill
213,36,user_3,0.0003091621633689649,0.006075585707941984,4.494074282047279,0.017583007802107264,10.691739400000188,ok,ffill,Forward fill
219,37,user_3,0.00030274545555502306,0.005818729809277569,5.377994436795756,0.017399582051159247,9.958796099999745,ok,ffill,Forward fill
225,38,user_3,0.0003147739137913127,0.004489204265019976,2.5601039294892622,0.01774186894865681,10.533812200000284,ok,ffill,Forward fill
231,39,user_3,0.0003366590583746752,0.007701044195096668,4.883134680051083,0.018348271263927705,10.39995270000054,ok,ffill,Forward fill
237,40,user_3,0.00030149261786043436,0.003917029135287805,2.528800616582629,0.017363542779641323,10.053210000000036,ok,ffill,Forward fill
243,41,user_3,0.0003640701559090312,0.010286931326407045,8.379883291980256,0.01908062252414819,10.807646000000204,ok,ffill,Forward fill
249,42,user_3,0.0002993246249995005,0.005047101295235207,5.099934232726115,0.017301000693587077,10.59467869999935,ok,ffill,Forward fill
255,43,user_3,0.0003280357947565092,0.005576324259414269,3.709208258561524,0.018111758466711873,10.407164499999453,ok,ffill,Forward fill
261,44,user_3,0.0003526406171313272,0.010013412526567272,10.09256283372958,0.018778727782555644,10.586618199999975,ok,ffill,Forward fill
267,45,user_3,0.00029720511235370147,0.004718526300364241,4.188200189044448,0.01723963782547944,10.546502099999998,ok,ffill,Forward fill
273,46,user_3,0.000300153948762074,0.003209277223376279,2.179511932671006,0.01732495162365754,10.17115190000004,ok,ffill,Forward fill
279,47,user_3,0.000295666396100791,0.0028457232266835618,1.763579104053473,0.017194952634444535,10.522125000000415,ok,ffill,Forward fill
285,48,user_3,0.00031341589799853674,0.004217921444211766,2.2543952415866126,0.01770355608341264,10.319025999999212,ok,ffill,Forward fill
291,49,user_3,0.0002967501163471733,0.004141592091496469,3.251017790251158,0.017226436553947344,9.974316799999542,ok,ffill,Forward fill
297,50,user_3,0.00030121818098276763,0.003364969879810948,2.1610886096460784,0.01735563830525307,10.136476600000606,ok,ffill,Forward fill
303,51,user_3,0.00029640929680345353,0.0031542142064506294,2.3088098423837313,0.017216541371699878,10.067758600000161,ok,ffill,Forward fill
309,52,user_3,0.0003022246407859537,0.0036909027750916777,2.3800515103150133,0.017384609307831846,9.75030229999993,ok,ffill,Forward fill
315,53,user_3,0.0003391912600345843,0.009259746285079761,9.08777452905015,0.018417145816726984,9.872844499999701,ok,ffill,Forward fill
321,54,user_3,0.00029597409788371026,0.004390618752952376,3.4842188579059505,0.017203897752652166,10.25683889999982,ok,ffill,Forward fill
327,55,user_3,0.00031684072164797004,0.005121039201269693,3.0102056098849204,0.01780002027099885,10.13601060000019,ok,ffill,Forward fill
333,56,user_3,0.0002933026056075224,0.0034295439203618854,2.6833199516961317,0.017126079691731043,10.165183300000535,ok,ffill,Forward fill
339,57,user_3,0.00029458999852073923,0.0032812806934397537,2.4643505680583613,0.017163624282788854,10.118252199999915,ok,ffill,Forward fill
345,58,user_3,0.00029358915546457407,0.003977956319647192,3.386469707138799,0.017134443541141745,10.08383159999994,ok,ffill,Forward fill
351,59,user_3,0.00029515385647582845,0.003295186225598504,2.097189433041497,0.017180042388650514,10.362945899999431,ok,ffill,Forward fill
357,60,user_3,0.00029173465524684234,0.004019343139770267,4.24483389403713,0.017080241662425107,10.69283919999998,ok,ffill,Forward fill
363,61,user_3,0.00032149167332943033,0.007772594883867894,6.859190814718915,0.017930188881588233,10.684192799999437,ok,ffill,Forward fill
369,62,user_3,0.0003510481476025488,0.010088411506089651,10.06420950428561,0.018736278915583767,10.706877099999474,ok,ffill,Forward fill
375,63,user_3,0.0002962788409687627,0.004902296566433663,4.876916552128089,0.017212752277563362,10.592243099999905,ok,ffill,Forward fill
381,64,user_3,0.0002966153668738681,0.0047575197990905324,4.534517795972702,0.01722252498543312,10.495366500000273,ok,ffill,Forward fill
387,65,user_3,0.0003699521505554998,0.011288115649702155,10.967289269563338,0.019234140234372313,10.248946400000023,ok,ffill,Forward fill
393,66,user_3,0.0003180726352414573,0.007571268327118638,7.118426098955669,0.01783459097488522,10.434688800000004,ok,ffill,Forward fill
399,67,user_3,0.0003592353420270844,0.010530882060745858,9.449552782994264,0.01895350474258216,10.497080000000096,ok,ffill,Forward fill
405,68,user_3,0.0003153784181421361,0.007482827477471512,7.52534484820081,0.017758896872895457,9.936647200000152,ok,ffill,Forward fill
411,69,user_3,0.00032209211875075,0.005659853518740694,3.3652353020485775,0.01794692505001205,9.972604300000057,ok,ffill,Forward fill
417,70,user_3,0.0003259666797503627,0.008199477388989612,8.410790018489767,0.018054547342715704,10.312015499999688,ok,ffill,Forward fill
423,71,user_3,0.00030798190506650826,0.006253913098927533,6.666728110520916,0.017549413239949314,10.326757900000302,ok,ffill,Forward fill
429,72,user_3,0.0003081195033283417,0.006202848687806739,5.887609287014832,0.017553333111644115,9.84582920000048,ok,ffill,Forward fill
435,73,user_3,0.00035123638441482695,0.009770641982869786,10.1928136852364,0.01874130156672228,9.93910120000055,ok,ffill,Forward fill
441,74,user_3,0.0003200014677798169,0.0072528642805214805,8.043608132547089,0.017888584845644356,10.165886699999646,ok,ffill,Forward fill
447,75,user_3,0.00029434460041933766,0.004249817370534239,4.381743239911788,0.0171564740089372,10.014470899999651,ok,ffill,Forward fill
453,76,user_3,0.0003161984467901745,0.0070273392455160386,7.504059947306328,0.017781969710641575,10.053389900000184,ok,ffill,Forward fill
459,77,user_3,0.0003066711778148142,0.0062478861546291205,6.402066958783938,0.01751202951730079,10.524903999999879,ok,ffill,Forward fill
465,78,user_3,0.0003153533193876354,0.007149769738895325,7.295832612315835,0.017758190205863757,10.310493799999676,ok,ffill,Forward fill
471,79,user_3,0.00032768442669425747,0.007794696228819991,8.349959160470679,0.018102055869272347,10.45007540000006,ok,ffill,Forward fill
477,80,user_3,0.00032118714402375057,0.0076324654376636,7.441597703857161,0.01792169478659177,10.57043109999995,ok,ffill,Forward fill
483,81,user_3,0.00030055859307746163,0.005403754024109446,5.406835410142763,0.017336625769666415,10.351056099999369,ok,ffill,Forward fill
489,82,user_3,0.00034042207176966476,0.009023269654536141,9.513530168284527,0.018450530392638168,10.220928899999308,ok,ffill,Forward fill
495,83,user_3,0.0002990074882532434,0.005216799866737312,5.036386266592525,0.01729183299286815,10.385412800000267,ok,ffill,Forward fill
501,84,user_3,0.0003560462828303454,0.009572864117238993,10.541676488065299,0.018869188716803525,10.379624100000001,ok,ffill,Forward fill
507,85,user_3,0.0004751604080382614,0.01582653370428284,14.73998426359879,0.02179817441985134,10.149932500000432,ok,ffill,Forward fill
513,86,user_3,0.00031030788019694724,0.004862288993542113,3.2686481488381345,0.017615557901949835,10.237272200000007,ok,ffill,Forward fill
519,87,user_3,0.00033667346790293255,0.008193327649886223,9.393415070790812,0.018348663926916656,10.154310500000065,ok,ffill,Forward fill
525,88,user_3,0.0003025197237115018,0.005662868146127664,5.134409604573596,0.017393094138522386,9.891399500000261,ok,ffill,Forward fill
531,89,user_3,0.00042393741124956125,0.013250611467835698,13.836618816699264,0.020589740436672853,9.959139200000209,ok,ffill,Forward fill
537,90,user_3,0.00033232506438456643,0.008477373525334493,8.711863872268092,0.018229785088820068,10.058034700000462,ok,ffill,Forward fill
543,91,user_3,0.00036394894115277356,0.00977035092505177,10.430876534459356,0.01907744587602789,10.288746500000343,ok,ffill,Forward fill
549,92,user_3,0.00032278352407285536,0.00726431031066857,8.1834845505961,0.01796617722479814,10.053545900000245,ok,ffill,Forward fill
555,93,user_3,0.0003859207675127976,0.011806944983394074,11.359216917357944,0.019644866187195006,10.409609199999977,ok,ffill,Forward fill
561,94,user_3,0.0003442306133854555,0.008798080988733614,9.754150821334072,0.018553452869626598,10.068335599999955,ok,ffill,Forward fill
567,95,user_3,0.0003326968148128741,0.008132195351585199,8.694349438052244,0.018239978476217403,10.372981099999379,ok,ffill,Forward fill
573,96,user_3,0.0004893101011907634,0.015720969082094142,16.776962702108815,0.022120354906528136,10.537681200000407,ok,ffill,Forward fill
579,97,user_3,0.00032228478955135647,0.007345261706313693,8.076294795550467,0.017952292041724268,10.79231660000005,ok,ffill,Forward fill
585,98,user_3,0.00032065758340574853,0.007628680866813198,7.700069471809838,0.017906914402145015,10.440531799999007,ok,ffill,Forward fill
591,99,user_3,0.0003292381787769296,0.007879782636937657,8.660493500680339,0.0181449215698754,10.64703709999958,ok,ffill,Forward fill
597,100,user_3,0.00032086086040998286,0.007192769815075431,7.895948169951613,0.017912589438994656,10.421467199999825,ok,ffill,Forward fill
4,1,user_4,0.0008325579527467072,0.009828969037888659,3.8884882582011864,0.028854080348309618,11.304503400000158,ok,ffill,Forward fill
10,2,user_4,0.0007272170394488097,0.004660572255158829,1.309473679994615,0.026966961998875768,11.38419070000009,ok,ffill,Forward fill
16,3,user_4,0.0008432353618000573,0.01040547195757473,2.9676860546615798,0.029038515144546515,11.853940100000273,ok,ffill,Forward fill
22,4,user_4,0.0007819609633978972,0.012218471916422462,4.046513748693699,0.027963564926487775,8.29816830000027,ok,ffill,Forward fill
28,5,user_4,0.000771376683750919,0.011824101909647396,3.898125797718392,0.027773668892512544,8.260703100000228,ok,ffill,Forward fill
34,6,user_4,0.0008455593808887521,0.011024058035371914,3.6884961101646527,0.029078503759456954,8.022422600000027,ok,ffill,Forward fill
40,7,user_4,0.0007818305021504539,0.008660585003082318,2.6931224434303846,0.0279612321286179,8.306067700000312,ok,ffill,Forward fill
46,8,user_4,0.0007845651155973923,0.007875586004316155,2.5434286176556347,0.02801008953212025,7.827774899999895,ok,ffill,Forward fill
52,9,user_4,0.0007925945390333341,0.013599550160495103,4.84386428352002,0.02815305558963954,7.4936367999998765,ok,ffill,Forward fill
58,10,user_4,0.0007347908933388513,0.006822010165769766,2.1608707972783208,0.027107026641423646,7.5659254000001965,ok,ffill,Forward fill
64,11,user_4,0.000840349200770953,0.008636124760472437,2.0556094097544055,0.028988777152045463,10.713065899999947,ok,ffill,Forward fill
70,12,user_4,0.0007245628865704127,0.00686449842817263,1.9770745602424076,0.02691770581922636,10.930311099999926,ok,ffill,Forward fill
76,13,user_4,0.0007590784500589284,0.010095105156522571,3.9864248372445266,0.027551378369492306,11.635858199999802,ok,ffill,Forward fill
82,14,user_4,0.0007308795779679353,0.005826644161614536,1.8485699815616472,0.02703478459259358,11.18546860000015,ok,ffill,Forward fill
88,15,user_4,0.0008223465842571184,0.00822056584096505,2.048034340866235,0.028676585993753133,12.11606729999994,ok,ffill,Forward fill
94,16,user_4,0.0007876827842695484,0.0071386900257025074,1.7246450822629944,0.02806568695524035,12.9536935000001,ok,ffill,Forward fill
100,17,user_4,0.0007748203391978317,0.008040194354134453,2.4088991922727176,0.027835594823855152,11.84982489999993,ok,ffill,Forward fill
106,18,user_4,0.0007895847318501358,0.013285943955933091,5.00749136572,0.028099550385195415,11.861738699999933,ok,ffill,Forward fill
112,19,user_4,0.0008024617265600209,0.007775829621013026,1.8681566485024017,0.02832775540984532,11.151558699999896,ok,ffill,Forward fill
118,20,user_4,0.0007420612502666718,0.005582954157895501,1.7248946229617363,0.02724080120456577,10.876105599999846,ok,ffill,Forward fill
124,21,user_4,0.0008028059843651126,0.008509126999965437,2.3207337083003545,0.028333831092266937,11.278146000000106,ok,ffill,Forward fill
130,22,user_4,0.0008626762867171126,0.010121763985440823,2.515611778861572,0.029371351462217612,11.057874800000263,ok,ffill,Forward fill
136,23,user_4,0.0007804192665701148,0.01065015488460723,4.136635146622927,0.027935985154816267,11.012948800000231,ok,ffill,Forward fill
142,24,user_4,0.0008332287641068904,0.008599893472412062,2.0071476967768276,0.02886570221052816,11.336730500000158,ok,ffill,Forward fill
148,25,user_4,0.000799140580907413,0.008574115788035916,2.386950931308615,0.02826907463832895,11.278975399999581,ok,ffill,Forward fill
154,26,user_4,0.0008136231044269359,0.012607821019724484,4.862806095705401,0.028524079379130467,13.164662399999543,ok,ffill,Forward fill
160,27,user_4,0.0008389176817059313,0.010342657152186706,3.0476955477191634,0.02896407570950489,12.705145699999775,ok,ffill,Forward fill
166,28,user_4,0.0008449906690281793,0.008163277532165981,1.8408933858709773,0.02906872320945967,12.574244999999792,ok,ffill,Forward fill
172,29,user_4,0.0007665796425753301,0.007592504116455592,2.285202544374817,0.02768717469470892,12.93042559999958,ok,ffill,Forward fill
178,30,user_4,0.0008023791101660338,0.00947878773852508,2.9813058222980224,0.028326297148869174,13.242874100000336,ok,ffill,Forward fill
184,31,user_4,0.0008373149248461324,0.010431766637523593,3.166002748426413,0.028936394468664067,12.577939599999809,ok,ffill,Forward fill
190,32,user_4,0.0008721318182794464,0.012768194019694281,4.40894274746799,0.029531878001228543,12.749014199999692,ok,ffill,Forward fill
196,33,user_4,0.0008628885728262897,0.009322624945363187,2.198217876111153,0.029374965069362886,12.108657300000232,ok,ffill,Forward fill
202,34,user_4,0.0008201667602134705,0.010616324689755898,3.6165660913177744,0.028638553738159867,12.231456999999864,ok,ffill,Forward fill
208,35,user_4,0.0008579718563013128,0.01047770705355675,3.124662407679907,0.029291156622798506,11.203894399999626,ok,ffill,Forward fill
214,36,user_4,0.0008542427035084229,0.009920016322286153,2.7661618896566917,0.02922743066895246,10.549876399999448,ok,ffill,Forward fill
220,37,user_4,0.0008191711580560899,0.008745193218590764,2.2831912519509587,0.028621166259537537,10.37355799999932,ok,ffill,Forward fill
226,38,user_4,0.0008187727764903114,0.008454458710034068,2.2160803454480176,0.028614205851120723,10.250847000000249,ok,ffill,Forward fill
232,39,user_4,0.0007721621956699911,0.009504531175470527,3.349509476726468,0.027787806600557574,10.037111200000254,ok,ffill,Forward fill
238,40,user_4,0.0010913484528674146,0.01420195290754283,3.3771393966862946,0.033035563456181805,10.60255959999995,ok,ffill,Forward fill
244,41,user_4,0.0009195801097425227,0.011351534907512959,2.7501485800182497,0.030324579300338574,10.348356000000422,ok,ffill,Forward fill
250,42,user_4,0.0008049390472545253,0.00906456312458942,2.6204470781305202,0.028371447746890276,10.498836200000369,ok,ffill,Forward fill
256,43,user_4,0.000785111259290751,0.008474124948211825,2.5556955725734136,0.028019836889081832,10.97668639999938,ok,ffill,Forward fill
262,44,user_4,0.0007743315477902604,0.010061413982299618,3.5011824364550472,0.02782681346813286,10.427284000000327,ok,ffill,Forward fill
268,45,user_4,0.0008771414435079127,0.00992010367651259,2.2911043640690636,0.02961657379758693,10.48379660000046,ok,ffill,Forward fill
274,46,user_4,0.0007781245708774451,0.007495496551248903,2.011320912521553,0.02789488431374909,10.41896590000033,ok,ffill,Forward fill
280,47,user_4,0.0008149903274775527,0.010714068823310106,3.7451964110355367,0.028548035439895907,10.544662399999652,ok,ffill,Forward fill
286,48,user_4,0.0008007842327759529,0.0077200031445583284,2.015106490465305,0.02829813125943042,10.259613100000024,ok,ffill,Forward fill
292,49,user_4,0.0007660206741749187,0.008963008869971829,3.130278572407616,0.02767707849782774,10.011163499999384,ok,ffill,Forward fill
298,50,user_4,0.0008073012801285691,0.012362915792408056,5.006688137743694,0.02841304770925796,9.862241499999982,ok,ffill,Forward fill
304,51,user_4,0.0008388024324508361,0.011371679532929864,3.6188256089874695,0.028962086120492704,10.121583799999826,ok,ffill,Forward fill
310,52,user_4,0.0008760650543020865,0.010528371856278234,2.652901433144355,0.02959839614408332,10.14205899999979,ok,ffill,Forward fill
316,53,user_4,0.0008372499095967731,0.01055379902420571,3.5021887449077553,0.02893527103029749,10.099749699999848,ok,ffill,Forward fill
322,54,user_4,0.0010683022206316008,0.015051501135138883,3.7585192784765837,0.03268489285023894,9.890035099999295,ok,ffill,Forward fill
328,55,user_4,0.000797288787036727,0.008693034991088205,2.5838075828663962,0.028236302644587288,9.948670400000083,ok,ffill,Forward fill
334,56,user_4,0.0008535352828087009,0.009472230353279031,2.4587186040327365,0.029215326162969683,10.030959799999437,ok,ffill,Forward fill
340,57,user_4,0.0007923387695838194,0.00790286842216598,2.326627250882271,0.02814851274195174,9.893426100000397,ok,ffill,Forward fill
346,58,user_4,0.0008761776816440589,0.010379530744651234,2.6818766331317714,0.029600298674913043,10.471302799999648,ok,ffill,Forward fill
352,59,user_4,0.0008228989862386801,0.010269178483909252,3.1261452989793117,0.028686215962351675,10.548225300000013,ok,ffill,Forward fill
358,60,user_4,0.0008526393413603673,0.01070283569430242,3.25294860352435,0.029199988721921918,10.43303830000059,ok,ffill,Forward fill
364,61,user_4,0.0007708825037738303,0.01206330293420829,4.913371535517168,0.027764770911603617,10.363529900000685,ok,ffill,Forward fill
370,62,user_4,0.0008793417126932221,0.010757357691224377,2.9502334518819535,0.02965369644231933,10.41616840000006,ok,ffill,Forward fill
376,63,user_4,0.0008969254411963407,0.010956577605364932,2.872418032946209,0.029948713514879745,10.387141000000156,ok,ffill,Forward fill
382,64,user_4,0.0008181187549322483,0.010992394227524493,3.783235874832849,0.028602775301222925,9.9322659999998,ok,ffill,Forward fill
388,65,user_4,0.0008354622557098301,0.009936043730573094,2.9619787193978837,0.02890436395615427,10.465455399999883,ok,ffill,Forward fill
394,66,user_4,0.0008343805018735249,0.009465754538611267,2.525575857331253,0.02888564525631243,10.38816820000011,ok,ffill,Forward fill
400,67,user_4,0.0008459450969085414,0.011103447011078856,3.5327343866480883,0.02908513532560131,9.944982099999834,ok,ffill,Forward fill
406,68,user_4,0.0007799398200749983,0.007842936975745668,2.343240235248464,0.027927402673270537,10.093030400000316,ok,ffill,Forward fill
412,69,user_4,0.0007781554134283816,0.010818635720015332,4.120784567675652,0.027895437143525492,9.867660500000056,ok,ffill,Forward fill
418,70,user_4,0.0007510133114510841,0.008372186155673507,2.868210677810633,0.02740462208188765,10.175748200000271,ok,ffill,Forward fill
424,71,user_4,0.0010568020263938486,0.01495530781886063,3.8128745738974152,0.03250849160440774,9.977609699999448,ok,ffill,Forward fill
430,72,user_4,0.0009181242345440909,0.011679541061682668,3.151097864845584,0.03030056492120388,10.151382600000034,ok,ffill,Forward fill
436,73,user_4,0.0007879912586877224,0.010117518712134817,3.6265418034579477,0.028071181996626407,10.209804499999336,ok,ffill,Forward fill
442,74,user_4,0.0008704598376828501,0.012195569307562291,3.9547997532412587,0.029503556356528446,10.031397699999616,ok,ffill,Forward fill
448,75,user_4,0.0008496791405684746,0.009678570758932092,2.6345679980026517,0.02914925626098331,10.07641220000005,ok,ffill,Forward fill
454,76,user_4,0.0008594627458490559,0.01076709477394752,3.2089834552898884,0.029316595058926198,10.011120199999823,ok,ffill,Forward fill
460,77,user_4,0.0009399066104667434,0.012232238801434177,3.05647183546753,0.030657896380324977,10.750753700000132,ok,ffill,Forward fill
466,78,user_4,0.0007898998836572696,0.012976722277990481,4.825353702915399,0.028105157598869102,10.543982899999719,ok,ffill,Forward fill
472,79,user_4,0.0008466936759756734,0.00824791964611267,1.9711240976125115,0.029098001236780396,10.73123459999988,ok,ffill,Forward fill
478,80,user_4,0.0007699835613963529,0.010839424221818219,4.1180594415635365,0.0277485776463651,10.575713000000178,ok,ffill,Forward fill
484,81,user_4,0.0007960768822646044,0.008479934745062152,2.6776768013466317,0.02821483443624301,10.234751199999664,ok,ffill,Forward fill
490,82,user_4,0.0008852397901551654,0.013835070456827095,4.946886044395,0.029752979517271298,10.544561599999724,ok,ffill,Forward fill
496,83,user_4,0.0007833441037597739,0.009335054172345864,3.1200296485672934,0.02798828511645138,10.535847499999363,ok,ffill,Forward fill
502,84,user_4,0.0007902778142607251,0.01407681588658827,5.428736122188623,0.028111880304610096,10.412478000000192,ok,ffill,Forward fill
508,85,user_4,0.0008546375586318,0.013800741036920718,5.372767850377982,0.029234184760854886,10.539707900000394,ok,ffill,Forward fill
514,86,user_4,0.0007799316097791456,0.009588850050295342,3.4426940100153063,0.027927255679338518,10.249849200000426,ok,ffill,Forward fill
520,87,user_4,0.0007773017032489979,0.011044435817619278,4.169967753862457,0.02788013097618083,9.856133500000396,ok,ffill,Forward fill
526,88,user_4,0.0008611415572687281,0.01011138233369735,2.75217337100263,0.029345213532512047,10.256864900000437,ok,ffill,Forward fill
532,89,user_4,0.0008591930493422281,0.01166708799356162,3.785975652026876,0.02931199497376847,10.157074499999908,ok,ffill,Forward fill
538,90,user_4,0.0008475068468302282,0.009739780743595402,2.6833824455246464,0.02911197085101296,10.329640299999483,ok,ffill,Forward fill
544,91,user_4,0.0008257387705842985,0.010049997543940224,2.99410130518273,0.028735670700095004,9.905382800000552,ok,ffill,Forward fill
550,92,user_4,0.0008039638000926515,0.012372238522513871,4.9299103040589465,0.028354255414181687,10.2448488,ok,ffill,Forward fill
556,93,user_4,0.0007520161518529308,0.009845314812643514,3.730765153472108,0.027422912898759148,9.956338099999812,ok,ffill,Forward fill
562,94,user_4,0.0008706505081055106,0.010313540997214711,2.611064296750795,0.02950678749212646,10.065824499999508,ok,ffill,Forward fill
568,95,user_4,0.0007470042577992869,0.008739096778563259,3.022627784502823,0.027331378629686556,10.517353500000354,ok,ffill,Forward fill
574,96,user_4,0.0007871393755680536,0.011093642640678273,4.56045190123494,0.02805600426946171,10.387824200000068,ok,ffill,Forward fill
580,97,user_4,0.0008127658881823752,0.008216494389953222,1.9522152033676676,0.02850904923322374,10.332603599998947,ok,ffill,Forward fill
586,98,user_4,0.0008179260668467567,0.009487297389535916,2.920982166788078,0.028599406756902437,10.337539599999218,ok,ffill,Forward fill
592,99,user_4,0.0008576837104860018,0.010264497047997777,2.7237188340095124,0.029286237561113954,10.638808900001095,ok,ffill,Forward fill
598,100,user_4,0.0008095196078982015,0.008712392101664794,2.476160718260301,0.0284520580608539,10.324337100000776,ok,ffill,Forward fill
2405,1,global_aggregated,0.0007167764112890071,0.0162858297080224,21.306292489828824,0.026772680315743643,1.7676621999999043,ok,predictive_imputer,Predictive (RandomForest)
2411,2,global_aggregated,0.0005912959857613322,0.005386495905099204,8.177779801638485,0.02431657841394081,1.6598169000026246,ok,predictive_imputer,Predictive (RandomForest)
2417,3,global_aggregated,0.0006087097992110013,0.00881771785336385,8.331322112091835,0.024672044893178216,1.5341492000006838,ok,predictive_imputer,Predictive (RandomForest)
2423,4,global_aggregated,0.0006227215439566551,0.006930147832921571,5.182576784911463,0.02495438927236359,2.0151838999991014,ok,predictive_imputer,Predictive (RandomForest)
2429,5,global_aggregated,0.0006509478770935914,0.0074268810489254945,6.102649517198362,0.025513680195016777,1.6399128000011842,ok,predictive_imputer,Predictive (RandomForest)
2435,6,global_aggregated,0.0006800479125264931,0.00900077255392658,7.293107855324855,0.026077728285387382,1.9584753999988607,ok,predictive_imputer,Predictive (RandomForest)
2441,7,global_aggregated,0.0007078985849276396,0.008209834029741191,4.170977423935093,0.026606363617143167,1.7901277000019036,ok,predictive_imputer,Predictive (RandomForest)
2447,8,global_aggregated,0.0007199200470583638,0.008830921795622702,6.651132493997506,0.02683132585353105,2.0926713999979256,ok,predictive_imputer,Predictive (RandomForest)
2453,9,global_aggregated,0.0007706954161304151,0.01117982102797205,6.985956762052776,0.02776140155198248,1.6039478999991843,ok,predictive_imputer,Predictive (RandomForest)
2459,10,global_aggregated,0.0008360092496521614,0.013053780294804359,7.984739610417803,0.028913824542114133,1.7310165999988385,ok,predictive_imputer,Predictive (RandomForest)
2465,11,global_aggregated,0.0006283485128055989,0.007809863389049868,7.643206618700171,0.025066880795296387,1.6480295000001206,ok,predictive_imputer,Predictive (RandomForest)
2471,12,global_aggregated,0.0006665969136274563,0.006949560249970558,5.5466710399390395,0.025818538177585816,1.68534119999822,ok,predictive_imputer,Predictive (RandomForest)
2477,13,global_aggregated,0.0006511511744769432,0.007066305921298388,5.830471917733295,0.02551766396982575,2.295480700002372,ok,predictive_imputer,Predictive (RandomForest)
2483,14,global_aggregated,0.0006618182110296973,0.008585291089680437,8.038185196257515,0.02572582770349085,1.5110903999993752,ok,predictive_imputer,Predictive (RandomForest)
2489,15,global_aggregated,0.0006765837650199038,0.01092684733455636,12.521517841237662,0.02601122382779987,1.7031628000004275,ok,predictive_imputer,Predictive (RandomForest)
2495,16,global_aggregated,0.0006783346957535934,0.010466633998633996,12.616596403260413,0.02604485929609898,1.545148600001994,ok,predictive_imputer,Predictive (RandomForest)
2501,17,global_aggregated,0.0007237429374001955,0.0094295065155787,6.9712338221203405,0.02690247084191702,1.7828040000022156,ok,predictive_imputer,Predictive (RandomForest)
2507,18,global_aggregated,0.0006608896581076482,0.010399741395046675,12.658565372483357,0.025707774273702657,1.811623800000234,ok,predictive_imputer,Predictive (RandomForest)
2513,19,global_aggregated,0.0007035889067531096,0.00872537591235282,7.748294931599467,0.026525250361742293,1.6467616000009002,ok,predictive_imputer,Predictive (RandomForest)
2519,20,global_aggregated,0.0007497141383343418,0.01061678208659112,11.185926458932464,0.02738090828176344,1.864906199996767,ok,predictive_imputer,Predictive (RandomForest)
2525,21,global_aggregated,0.0006957526870680639,0.011799559351289063,16.093630365039058,0.026377124313845583,1.52848559999984,ok,predictive_imputer,Predictive (RandomForest)
2531,22,global_aggregated,0.0006617758361728281,0.010936105628379978,14.27112795508217,0.02572500410442782,1.7037865999991482,ok,predictive_imputer,Predictive (RandomForest)
2537,23,global_aggregated,0.000665122476169562,0.008638409460826887,10.586479748283868,0.02578996851819641,1.9016360999994504,ok,predictive_imputer,Predictive (RandomForest)
2543,24,global_aggregated,0.0006703022063633179,0.011256974663327058,16.97740740489295,0.025890195178161903,2.0860955999996804,ok,predictive_imputer,Predictive (RandomForest)
2549,25,global_aggregated,0.0006927314380181908,0.011512939263445007,15.331786020300257,0.026319791754840897,1.790366000001086,ok,predictive_imputer,Predictive (RandomForest)
2555,26,global_aggregated,0.0006937513992107953,0.010975796306901866,18.31464866427525,0.026339160943560737,2.0241755999995803,ok,predictive_imputer,Predictive (RandomForest)
2561,27,global_aggregated,0.0007353800720188792,0.014962742148075869,22.21097357481948,0.02711789210132084,1.9973128999990877,ok,predictive_imputer,Predictive (RandomForest)
2567,28,global_aggregated,0.0008242371878708929,0.014638318200766099,24.331386180199363,0.02870953130705712,1.6538594999983616,ok,predictive_imputer,Predictive (RandomForest)
2573,29,global_aggregated,0.0007325867230227261,0.01258006033914468,19.43069209804226,0.02706633929852218,1.6848185999988345,ok,predictive_imputer,Predictive (RandomForest)
2579,30,global_aggregated,0.0007742038181412043,0.01461541097801235,24.814486483978328,0.02782451829126974,1.6550788999993529,ok,predictive_imputer,Predictive (RandomForest)
2585,31,global_aggregated,0.0008370941341722433,0.016125614238047564,23.163905395651703,0.028932579113729963,1.669811199997639,ok,predictive_imputer,Predictive (RandomForest)
2591,32,global_aggregated,0.0008570100288322029,0.01632587284047637,27.113133968627746,0.029274733625298845,1.6127199000002292,ok,predictive_imputer,Predictive (RandomForest)
2597,33,global_aggregated,0.000765753533376141,0.013576286156809711,22.417385910564295,0.027672252047423625,1.6072491999984777,ok,predictive_imputer,Predictive (RandomForest)
2603,34,global_aggregated,0.0008158495125782112,0.015522985772376298,27.4217164100197,0.028563079535971102,1.7242475999992166,ok,predictive_imputer,Predictive (RandomForest)
2609,35,global_aggregated,0.000945743088032158,0.0193412826446778,32.90414488685025,0.03075293625057871,1.7048959999992803,ok,predictive_imputer,Predictive (RandomForest)
2615,36,global_aggregated,0.0008461299838426816,0.0158679573819557,26.986014971422197,0.02908831352695927,1.5233525999974518,ok,predictive_imputer,Predictive (RandomForest)
2621,37,global_aggregated,0.0009126016853273543,0.017326820343005648,29.721073341961418,0.03020929799461342,2.138861299998098,ok,predictive_imputer,Predictive (RandomForest)
2627,38,global_aggregated,0.0008253756193350384,0.015703241260118784,28.626910221190606,0.02872935118193654,1.6010908000025665,ok,predictive_imputer,Predictive (RandomForest)
2633,39,global_aggregated,0.0008929652987485739,0.01663171708836408,29.62318467629798,0.029882524972775874,1.6167487999991863,ok,predictive_imputer,Predictive (RandomForest)
2639,40,global_aggregated,0.0010047308978581517,0.01990209000150439,34.29284385098226,0.03169749040315576,2.10981769999853,ok,predictive_imputer,Predictive (RandomForest)
2645,41,global_aggregated,0.0009166748729108271,0.017564887055693118,30.967450307351598,0.03027663906233364,1.8506047999981092,ok,predictive_imputer,Predictive (RandomForest)
2651,42,global_aggregated,0.0008730479930936706,0.015780072067979982,28.923218373549126,0.029547385554286706,1.8689823000022443,ok,predictive_imputer,Predictive (RandomForest)
2657,43,global_aggregated,0.0007910284606681614,0.013834137422411998,22.332626977834963,0.028125228188730513,1.6402510000007169,ok,predictive_imputer,Predictive (RandomForest)
2663,44,global_aggregated,0.000894113796822608,0.017357208705779448,30.318491595383385,0.029901735682441713,1.739658899998176,ok,predictive_imputer,Predictive (RandomForest)
2669,45,global_aggregated,0.0008212299858963845,0.014942937150855031,26.275525791337767,0.028657110564332625,2.16227969999818,ok,predictive_imputer,Predictive (RandomForest)
2675,46,global_aggregated,0.0009908213652365218,0.018636927069958488,30.628003734211863,0.031477315089386546,1.8536725000012666,ok,predictive_imputer,Predictive (RandomForest)
2681,47,global_aggregated,0.000767630041054289,0.013995799649233072,22.44854511917873,0.027706137245279955,1.7953721999983827,ok,predictive_imputer,Predictive (RandomForest)
2687,48,global_aggregated,0.0008258674777459078,0.016387161914251328,27.734599217342907,0.028737910114444785,1.8430819999994128,ok,predictive_imputer,Predictive (RandomForest)
2693,49,global_aggregated,0.0008840268490183045,0.01698483408723763,27.985588786859957,0.029732589006312662,1.5101178000004438,ok,predictive_imputer,Predictive (RandomForest)
2699,50,global_aggregated,0.0008692306986327958,0.018021303036218655,29.36668276135711,0.02948271864385637,1.719150400000217,ok,predictive_imputer,Predictive (RandomForest)
2705,51,global_aggregated,0.0009914895599261212,0.021234707919729253,33.76787875575419,0.03148792720910859,1.7175559000024805,ok,predictive_imputer,Predictive (RandomForest)
2711,52,global_aggregated,0.0008769190785159367,0.0169248636351112,28.386588390675037,0.029612819496223873,1.6970121000013023,ok,predictive_imputer,Predictive (RandomForest)
2717,53,global_aggregated,0.0008194269973296397,0.014891171804308198,26.180935473229134,0.028625635317484917,1.7613125999996555,ok,predictive_imputer,Predictive (RandomForest)
2723,54,global_aggregated,0.0009270402150022692,0.01815296052871579,30.252835107030435,0.030447335105100237,1.6217771000010544,ok,predictive_imputer,Predictive (RandomForest)
2729,55,global_aggregated,0.0010980796398123225,0.02206771074325146,36.856039103160676,0.03313728473807597,1.899771199998213,ok,predictive_imputer,Predictive (RandomForest)
2735,56,global_aggregated,0.000978594561993161,0.019975602755312117,34.011235612718714,0.031282496095950546,1.5534557999999379,ok,predictive_imputer,Predictive (RandomForest)
2741,57,global_aggregated,0.0009240135712886401,0.018767974118944812,31.87713955883476,0.030397591537630744,1.6121228999982122,ok,predictive_imputer,Predictive (RandomForest)
2747,58,global_aggregated,0.0008883612964354485,0.016630050454513053,30.58067561980605,0.02980539039226711,1.7326706000021659,ok,predictive_imputer,Predictive (RandomForest)
2753,59,global_aggregated,0.0009186821033475156,0.017500595360326998,30.24448535475588,0.030309769107459656,1.8335197999986121,ok,predictive_imputer,Predictive (RandomForest)
2759,60,global_aggregated,0.001060703853762688,0.020730743756540073,36.09250849684994,0.03256844874664263,2.0476673000011942,ok,predictive_imputer,Predictive (RandomForest)
2765,61,global_aggregated,0.0010215501916292077,0.02022128688225502,35.90476993982094,0.031961698822640945,1.790286700001161,ok,predictive_imputer,Predictive (RandomForest)
2771,62,global_aggregated,0.0009558348081428075,0.018376298963119653,31.421280248754464,0.030916578208831706,1.818557200000214,ok,predictive_imputer,Predictive (RandomForest)
2777,63,global_aggregated,0.0009552998755792855,0.018619612021535017,33.43979958154666,0.030907925772838355,2.141939299999649,ok,predictive_imputer,Predictive (RandomForest)
2783,64,global_aggregated,0.0009268376474773237,0.018888131633599016,32.302798234487035,0.0304440084002965,1.66713339999842,ok,predictive_imputer,Predictive (RandomForest)
2789,65,global_aggregated,0.0008720770930876329,0.015902549569925078,29.534733139897597,0.029530951442302583,1.8874735999997938,ok,predictive_imputer,Predictive (RandomForest)
2795,66,global_aggregated,0.0009925217230907176,0.019204636425413958,32.195014932617475,0.03150431276969421,1.7850670000007085,ok,predictive_imputer,Predictive (RandomForest)
2801,67,global_aggregated,0.000903266841512936,0.017229645757246316,31.1511045648526,0.030054398039437356,1.7121873000032792,ok,predictive_imputer,Predictive (RandomForest)
2807,68,global_aggregated,0.0011709759902357305,0.023428999094226823,40.05694087249559,0.034219526446690206,1.5128695999992487,ok,predictive_imputer,Predictive (RandomForest)
2813,69,global_aggregated,0.0010547031476982158,0.0209323214314064,36.226824733133476,0.03247619355309695,1.7853649000026053,ok,predictive_imputer,Predictive (RandomForest)
2819,70,global_aggregated,0.0010583634344603359,0.020090999406637687,36.94732822006934,0.03253249812818462,1.4815787999978056,ok,predictive_imputer,Predictive (RandomForest)
2825,71,global_aggregated,0.0011747736529474785,0.024237866881279223,39.1858757818919,0.03427497123189863,1.4872216999974626,ok,predictive_imputer,Predictive (RandomForest)
2831,72,global_aggregated,0.0013005484573205151,0.02587411353930854,43.10968060838096,0.03606311768719553,1.5677365999981703,ok,predictive_imputer,Predictive (RandomForest)
2837,73,global_aggregated,0.0012256813077829735,0.024772669649874048,41.14585429797414,0.03500973161540907,1.680243300001166,ok,predictive_imputer,Predictive (RandomForest)
2843,74,global_aggregated,0.0011310027672771956,0.022246327194342413,39.02960079968488,0.03363038458414051,1.6459650000033434,ok,predictive_imputer,Predictive (RandomForest)
2849,75,global_aggregated,0.0010544212920092578,0.020143388754917717,36.8956500545009,0.03247185384312478,1.7031152000017755,ok,predictive_imputer,Predictive (RandomForest)
2855,76,global_aggregated,0.0009425966960679024,0.017616647047963466,32.00824608874816,0.03070173767179803,1.939377800001239,ok,predictive_imputer,Predictive (RandomForest)
2861,77,global_aggregated,0.0010732778608005039,0.021822906815950827,37.66038242513615,0.03276091971847713,1.7759043999976711,ok,predictive_imputer,Predictive (RandomForest)
2867,78,global_aggregated,0.0010214730622006918,0.02096548547982592,35.78190428120803,0.03196049220836081,1.9236631999992824,ok,predictive_imputer,Predictive (RandomForest)
2873,79,global_aggregated,0.0010724760425822391,0.023083191096766712,36.84206964806131,0.03274868001282249,1.5170599000011862,ok,predictive_imputer,Predictive (RandomForest)
2879,80,global_aggregated,0.0009864015704611716,0.018946114687747304,34.163446009616315,0.031407030589681216,1.6482991999982914,ok,predictive_imputer,Predictive (RandomForest)
2885,81,global_aggregated,0.0011123434578663293,0.02289756751294671,38.623135293482655,0.033351813411962014,1.6045104000004358,ok,predictive_imputer,Predictive (RandomForest)
2891,82,global_aggregated,0.0010620571859872015,0.020649108602864605,36.94764109791149,0.03258921886126149,1.7951842000002216,ok,predictive_imputer,Predictive (RandomForest)
2897,83,global_aggregated,0.001055598409142362,0.020355919781625154,36.39157557879813,0.032489973978788625,1.7274692999999388,ok,predictive_imputer,Predictive (RandomForest)
2903,84,global_aggregated,0.0010147923911627897,0.019735882380242386,35.560920181152895,0.03185580623940932,1.637717599998723,ok,predictive_imputer,Predictive (RandomForest)
2909,85,global_aggregated,0.0009606883242828023,0.018688300435182034,32.293462591502056,0.030994972564640257,1.8446287999977358,ok,predictive_imputer,Predictive (RandomForest)
2915,86,global_aggregated,0.0011362810374281865,0.0215769733400797,39.12059645866856,0.0337087679606981,1.9197363999992376,ok,predictive_imputer,Predictive (RandomForest)
2921,87,global_aggregated,0.0012159527493855612,0.025208904259762722,41.71447853061543,0.034870514039594555,1.5428683999998611,ok,predictive_imputer,Predictive (RandomForest)
2927,88,global_aggregated,0.000993320917066854,0.01946638721980219,35.11859474086711,0.03151699409948312,1.5158387000010407,ok,predictive_imputer,Predictive (RandomForest)
2933,89,global_aggregated,0.001062444531583559,0.02030175218740795,37.62527759988231,0.03259516116824028,1.8099464000006265,ok,predictive_imputer,Predictive (RandomForest)
2939,90,global_aggregated,0.0011463819473678883,0.021744449229662066,39.274996101935564,0.0338582626159094,1.8208080000003974,ok,predictive_imputer,Predictive (RandomForest)
2945,91,global_aggregated,0.001276954344550173,0.024586342027536325,43.15156152802296,0.035734497961356235,1.7255264000013995,ok,predictive_imputer,Predictive (RandomForest)
2951,92,global_aggregated,0.0010918934165926367,0.022284200496648022,38.111600032291946,0.03304381056404719,1.583185699997557,ok,predictive_imputer,Predictive (RandomForest)
2957,93,global_aggregated,0.0011593654125763326,0.022534460321550463,40.117266818331075,0.03404945539324135,1.5961344999996072,ok,predictive_imputer,Predictive (RandomForest)
2963,94,global_aggregated,0.0011462841001971783,0.021750479367290104,40.47988104888268,0.03385681763245297,1.6112630999996327,ok,predictive_imputer,Predictive (RandomForest)
2969,95,global_aggregated,0.0012539335814387182,0.024224971884244082,42.86013338234231,0.035410924605815054,1.715851200002362,ok,predictive_imputer,Predictive (RandomForest)
2975,96,global_aggregated,0.0011469941068319555,0.022344141509923792,39.9098589166721,0.03386730144006096,1.9903880999991088,ok,predictive_imputer,Predictive (RandomForest)
2981,97,global_aggregated,0.001133006889381245,0.021851724399926553,39.113930668075966,0.03366016769686754,2.0387769999979355,ok,predictive_imputer,Predictive (RandomForest)
2987,98,global_aggregated,0.0010412658725509527,0.02018757597255489,35.151933548788044,0.0322686515452839,1.7825255999996443,ok,predictive_imputer,Predictive (RandomForest)
2993,99,global_aggregated,0.0011551490883987279,0.0222816124265959,40.109262518523835,0.03398748429052565,1.9771798000001581,ok,predictive_imputer,Predictive (RandomForest)
2999,100,global_aggregated,0.0010837678771840802,0.019853004155612135,36.0009838771164,0.03292062996335399,2.0332775999995647,ok,predictive_imputer,Predictive (RandomForest)
2400,1,user_0,0.0009015303363128227,0.006927707131889092,1.3292800439417864,0.030025494772156925,10.500872100001288,ok,predictive_imputer,Predictive (RandomForest)
2406,2,user_0,0.0009509661965342608,0.00911174555629126,1.9852355661908392,0.030837739809108266,10.501261599998543,ok,predictive_imputer,Predictive (RandomForest)
2412,3,user_0,0.0011003354632866987,0.014494368860801743,3.6478017050746914,0.03317130481736735,10.20178500000111,ok,predictive_imputer,Predictive (RandomForest)
2418,4,user_0,0.000914114371588299,0.012062507396287692,3.3120088281988957,0.030234324394441146,10.489824599997519,ok,predictive_imputer,Predictive (RandomForest)
2424,5,user_0,0.001043019185572307,0.00998253219329397,2.171430868639324,0.03229580755411307,10.531172700000752,ok,predictive_imputer,Predictive (RandomForest)
2430,6,user_0,0.0013449412361045826,0.016018116311982734,3.2002760218140516,0.036673440472698805,10.241312799997104,ok,predictive_imputer,Predictive (RandomForest)
2436,7,user_0,0.001099899420858651,0.010294784407224256,2.2046079864495187,0.03316473158128452,10.653721699996822,ok,predictive_imputer,Predictive (RandomForest)
2442,8,user_0,0.0016610937071529321,0.018311868752873592,3.62804045139826,0.04075651735799971,10.520498999998381,ok,predictive_imputer,Predictive (RandomForest)
2448,9,user_0,0.001253383517406453,0.014573960153814312,3.2187008570873816,0.035403156884753276,10.548787899999297,ok,predictive_imputer,Predictive (RandomForest)
2454,10,user_0,0.0015086433970107976,0.020154979340398383,4.580273930805809,0.03884125895244382,10.772075699998823,ok,predictive_imputer,Predictive (RandomForest)
2460,11,user_0,0.001258975155696347,0.012164467771878731,2.5072043010982346,0.03548203990325735,10.494214999998803,ok,predictive_imputer,Predictive (RandomForest)
2466,12,user_0,0.0012034403148103974,0.014503137287994518,2.973972642766655,0.03469063727881627,10.049499100001412,ok,predictive_imputer,Predictive (RandomForest)
2472,13,user_0,0.0013209970919776338,0.01654771245494694,3.928521581110595,0.036345523685560426,10.166212299998733,ok,predictive_imputer,Predictive (RandomForest)
2478,14,user_0,0.0011044157636503178,0.012089830799171666,2.7713074115074328,0.033232751370452576,10.175776700001734,ok,predictive_imputer,Predictive (RandomForest)
2484,15,user_0,0.0015068939604100694,0.019286190736059916,4.218183947684052,0.03881873208143292,9.930138600000646,ok,predictive_imputer,Predictive (RandomForest)
2490,16,user_0,0.0015718096110865713,0.02076672294099887,4.428669436670562,0.03964605416793166,10.254603900000802,ok,predictive_imputer,Predictive (RandomForest)
2496,17,user_0,0.0010586193364610203,0.0105173736669324,2.696781493141943,0.03253643091153392,10.169731099998899,ok,predictive_imputer,Predictive (RandomForest)
2502,18,user_0,0.0010803414920586586,0.011157985820300942,2.463455205683825,0.03286854867587948,10.148249699999724,ok,predictive_imputer,Predictive (RandomForest)
2508,19,user_0,0.0018714549665143126,0.02519051595601781,5.698092169089197,0.04326031630159808,10.521289100001013,ok,predictive_imputer,Predictive (RandomForest)
2514,20,user_0,0.001074119458988224,0.014703031352291777,3.612211864631228,0.03277376174607096,10.151732400001492,ok,predictive_imputer,Predictive (RandomForest)
2520,21,user_0,0.0010111987228627979,0.012766189890459244,3.657643192806769,0.03179935098178574,10.268371899997874,ok,predictive_imputer,Predictive (RandomForest)
2526,22,user_0,0.0014010819263309592,0.013919382945603322,2.9477252414480652,0.03743102892428899,10.144674999999552,ok,predictive_imputer,Predictive (RandomForest)
2532,23,user_0,0.0009486921268030329,0.010618582074046937,3.1587018832653224,0.030800846202710615,10.544494000001578,ok,predictive_imputer,Predictive (RandomForest)
2538,24,user_0,0.0012489133067245723,0.014786268126174864,3.3977256353341465,0.0353399675540962,10.463973499998247,ok,predictive_imputer,Predictive (RandomForest)
2544,25,user_0,0.0009924416751729106,0.008722396296584856,2.0590359001217857,0.031503042316146396,10.417787799997313,ok,predictive_imputer,Predictive (RandomForest)
2550,26,user_0,0.0011555446196054805,0.012509895704018845,2.931829943738055,0.03399330256985161,10.575546100000793,ok,predictive_imputer,Predictive (RandomForest)
2556,27,user_0,0.0012000494670233435,0.011411026473377113,2.2284419234256134,0.03464173013900061,10.494372699999076,ok,predictive_imputer,Predictive (RandomForest)
2562,28,user_0,0.0009981932383313229,0.010666908113277312,2.658390089694879,0.031594196276077714,10.603378400002839,ok,predictive_imputer,Predictive (RandomForest)
2568,29,user_0,0.0017208186218997754,0.025733337144588732,6.2526583995309695,0.04148275089600225,10.453791200001433,ok,predictive_imputer,Predictive (RandomForest)
2574,30,user_0,0.0012821664377309751,0.0163182790113397,3.5501429563650424,0.03580735172741731,10.244355200000427,ok,predictive_imputer,Predictive (RandomForest)
2580,31,user_0,0.0011016846091288065,0.013722661837348377,3.235407409299371,0.033191634625742775,10.018462800002453,ok,predictive_imputer,Predictive (RandomForest)
2586,32,user_0,0.0010986516785611025,0.012308663249145804,3.1517197319543007,0.03314591496038543,10.351971400003094,ok,predictive_imputer,Predictive (RandomForest)
2592,33,user_0,0.0015547900620609364,0.01796498938195168,3.9407915910549733,0.03943082629188661,9.963728500002617,ok,predictive_imputer,Predictive (RandomForest)
2598,34,user_0,0.000994717223041088,0.009524142408413355,2.1370186605816475,0.0315391379565309,10.051598599999124,ok,predictive_imputer,Predictive (RandomForest)
2604,35,user_0,0.0011147555818033096,0.011553087485996826,2.7990806653665503,0.0333879556397709,10.16759280000042,ok,predictive_imputer,Predictive (RandomForest)
2610,36,user_0,0.0012508844374602137,0.014200789723454182,3.033236057247411,0.03536784468214332,10.480310400002054,ok,predictive_imputer,Predictive (RandomForest)
2616,37,user_0,0.0016553239467509678,0.019996467380952284,4.486741228096475,0.04068567249967693,10.475256400000944,ok,predictive_imputer,Predictive (RandomForest)
2622,38,user_0,0.0011161056819161868,0.013338433944244402,3.074836647869886,0.03340816789224137,10.040022299999691,ok,predictive_imputer,Predictive (RandomForest)
2628,39,user_0,0.0010138519924163098,0.013319653206308624,4.066573518963171,0.03184104257740801,10.284977300001628,ok,predictive_imputer,Predictive (RandomForest)
2634,40,user_0,0.0010218428806238905,0.011758032257136484,3.152507103841601,0.031966277240615466,10.280946499999118,ok,predictive_imputer,Predictive (RandomForest)
2640,41,user_0,0.0011328733142650855,0.014249062012075937,3.5018870831223494,0.0336581834665076,10.339673300000868,ok,predictive_imputer,Predictive (RandomForest)
2646,42,user_0,0.00108712183173591,0.012888953639272227,3.436965236637621,0.032971530624705765,10.513666299997567,ok,predictive_imputer,Predictive (RandomForest)
2652,43,user_0,0.0011718232690417047,0.012766794704791789,2.7650823718573063,0.03423190425672672,10.370009700000082,ok,predictive_imputer,Predictive (RandomForest)
2658,44,user_0,0.0011428837162126948,0.014460715545718102,3.440804497320307,0.03380656321208494,10.488939599999867,ok,predictive_imputer,Predictive (RandomForest)
2664,45,user_0,0.001167409433316031,0.014331134597526272,3.260587051514304,0.0341673738135671,10.620508199997857,ok,predictive_imputer,Predictive (RandomForest)
2670,46,user_0,0.0013600778618949585,0.017378130448610696,4.12019094365587,0.036879233477594926,11.240414399999281,ok,predictive_imputer,Predictive (RandomForest)
2676,47,user_0,0.001261785645395834,0.016416352865318028,3.7813637386365695,0.035521622223595506,10.497335800002475,ok,predictive_imputer,Predictive (RandomForest)
2682,48,user_0,0.0009840491262408722,0.009232622061606221,2.2724668319814736,0.03136955731662263,9.898548099998152,ok,predictive_imputer,Predictive (RandomForest)
2688,49,user_0,0.0014245204728814639,0.019465125914332474,4.425219801835339,0.03774282015008237,9.98187759999928,ok,predictive_imputer,Predictive (RandomForest)
2694,50,user_0,0.0010260578510993019,0.01006626943761503,2.338286967736705,0.03203213778534461,10.395528100001684,ok,predictive_imputer,Predictive (RandomForest)
2700,51,user_0,0.000984371476228565,0.011464154917905787,3.6939681400158326,0.03137469483881182,10.12527190000037,ok,predictive_imputer,Predictive (RandomForest)
2706,52,user_0,0.0010160621660440126,0.010636156787670792,2.6498564531627378,0.031875730047232056,10.038914900000236,ok,predictive_imputer,Predictive (RandomForest)
2712,53,user_0,0.0010607207696275434,0.01179906478229646,3.2413161949142566,0.03256870844272986,10.464884199998778,ok,predictive_imputer,Predictive (RandomForest)
2718,54,user_0,0.0010626656098569754,0.01194986140664595,3.0484123789114577,0.03259855226627366,10.447026599998935,ok,predictive_imputer,Predictive (RandomForest)
2724,55,user_0,0.0009841150814482418,0.01123975935916297,3.1491111453051857,0.0313706085603745,10.08906140000181,ok,predictive_imputer,Predictive (RandomForest)
2730,56,user_0,0.0011222201566615632,0.014135440481827865,3.4095700509177735,0.033499554574077,9.96510169999965,ok,predictive_imputer,Predictive (RandomForest)
2736,57,user_0,0.001077493411693662,0.012273638969342152,2.933015549352033,0.03282519477007961,10.403345599999739,ok,predictive_imputer,Predictive (RandomForest)
2742,58,user_0,0.0009903013893401086,0.010569674576023962,2.7753723128329946,0.03146905447165689,10.709246299997176,ok,predictive_imputer,Predictive (RandomForest)
2748,59,user_0,0.001102981954810737,0.011806764667329949,3.1610196001206807,0.033211172138464744,10.500558499999897,ok,predictive_imputer,Predictive (RandomForest)
2754,60,user_0,0.001045476746349939,0.011460684555169949,3.2128812213003197,0.03233383284347742,10.402474099999381,ok,predictive_imputer,Predictive (RandomForest)
2760,61,user_0,0.0011948691569410486,0.011987265689193245,3.23443497692816,0.0345668794793665,10.34469639999952,ok,predictive_imputer,Predictive (RandomForest)
2766,62,user_0,0.0009587653106812537,0.010277904067835821,3.0045558372752783,0.030963935645864752,10.398233799998707,ok,predictive_imputer,Predictive (RandomForest)
2772,63,user_0,0.0016848844691658364,0.01611208949804871,4.619759310719052,0.04104734424010689,10.674063000002207,ok,predictive_imputer,Predictive (RandomForest)
2778,64,user_0,0.0011949082124863286,0.009643137511632283,2.6285823452815045,0.034567444402013994,10.335850200001005,ok,predictive_imputer,Predictive (RandomForest)
2784,65,user_0,0.0009118964202657277,0.009021702196786425,2.4511143832854723,0.030197622758517395,10.654455699997925,ok,predictive_imputer,Predictive (RandomForest)
2790,66,user_0,0.0010696212086150681,0.01042736465516949,2.9246704461475606,0.03270506395980702,10.075434999998834,ok,predictive_imputer,Predictive (RandomForest)
2796,67,user_0,0.0010904972145341096,0.010645084049054185,3.0450589206807397,0.033022677276897304,10.289074899999832,ok,predictive_imputer,Predictive (RandomForest)
2802,68,user_0,0.001256501631027182,0.01252131012052654,3.443297216317513,0.0354471667559931,10.388839500003087,ok,predictive_imputer,Predictive (RandomForest)
2808,69,user_0,0.0013518960842433714,0.020116175702120747,4.914571891256248,0.036768139526543515,10.104043200000888,ok,predictive_imputer,Predictive (RandomForest)
2814,70,user_0,0.0010561451448546809,0.01055503908134992,2.671826740416945,0.032498386803881216,10.295233900000312,ok,predictive_imputer,Predictive (RandomForest)
2820,71,user_0,0.0014157528408642007,0.015737991533759627,3.6983163275793123,0.0376264912111693,10.042560299996694,ok,predictive_imputer,Predictive (RandomForest)
2826,72,user_0,0.0012639105805488876,0.014409118707741801,3.8062361270883525,0.03555152008773869,9.9964525999967,ok,predictive_imputer,Predictive (RandomForest)
2832,73,user_0,0.001075772270247946,0.012998705850606163,3.448545109466078,0.032798967518017176,10.323204099997383,ok,predictive_imputer,Predictive (RandomForest)
2838,74,user_0,0.0011645051807038901,0.012132913202039831,3.3672395674119384,0.03412484696967724,10.011155899999721,ok,predictive_imputer,Predictive (RandomForest)
2844,75,user_0,0.0012091402860653485,0.016028065613840254,3.9200436711561677,0.03477269454709181,10.445687999999791,ok,predictive_imputer,Predictive (RandomForest)
2850,76,user_0,0.0014168404395299876,0.018414378788545935,4.361889412703248,0.03764094100218521,10.599809800001822,ok,predictive_imputer,Predictive (RandomForest)
2856,77,user_0,0.0009311634591842602,0.009444296863276,2.933322556533483,0.030514971066416895,10.561978099998669,ok,predictive_imputer,Predictive (RandomForest)
2862,78,user_0,0.0008976692722219565,0.009864317371013199,2.9629769716050376,0.02996112935491512,10.580574399999023,ok,predictive_imputer,Predictive (RandomForest)
2868,79,user_0,0.011027565099268045,0.028318911019792288,6.417175034344619,0.10501221404802417,10.298698800001148,ok,predictive_imputer,Predictive (RandomForest)
2874,80,user_0,0.0009265665448826651,0.010885769438132882,3.251144619659927,0.030439555596011338,10.54339919999984,ok,predictive_imputer,Predictive (RandomForest)
2880,81,user_0,0.0009948464249194377,0.011699048426938674,3.1752327455025284,0.03154118616855488,10.495285199998762,ok,predictive_imputer,Predictive (RandomForest)
2886,82,user_0,0.000978790843056865,0.012196637776309617,3.5875280300470136,0.03128563317334116,10.357335000000603,ok,predictive_imputer,Predictive (RandomForest)
2892,83,user_0,0.0011115142541678626,0.01648522503494627,4.585086934875946,0.033339379930764496,10.574862500001473,ok,predictive_imputer,Predictive (RandomForest)
2898,84,user_0,0.0009681212620159935,0.010960622143608045,3.226490504696163,0.031114647065586226,10.238630599997123,ok,predictive_imputer,Predictive (RandomForest)
2904,85,user_0,0.001011805281155199,0.012111673242288594,3.6043011301345573,0.03180888682672185,10.149166700000933,ok,predictive_imputer,Predictive (RandomForest)
2910,86,user_0,0.0010657201428919127,0.01448993798478707,4.204174600927088,0.03264536939432471,10.079094199998508,ok,predictive_imputer,Predictive (RandomForest)
2916,87,user_0,0.0011379093524033145,0.017181415197214327,5.617126960436018,0.03373291200598185,10.110298499999772,ok,predictive_imputer,Predictive (RandomForest)
2922,88,user_0,0.0009215015362621126,0.009874324360828683,3.0451254989721583,0.030356243777221723,9.792337200000475,ok,predictive_imputer,Predictive (RandomForest)
2928,89,user_0,0.0009690316630671749,0.011452838232257687,3.1387335589704723,0.031129273410524294,9.932353000000148,ok,predictive_imputer,Predictive (RandomForest)
2934,90,user_0,0.0009529252790431991,0.010883995006677728,3.059417380643858,0.030869487832537797,10.347493699999177,ok,predictive_imputer,Predictive (RandomForest)
2940,91,user_0,0.00133850407496303,0.014068524632942472,4.080848848713588,0.03658557195074351,9.881289999997534,ok,predictive_imputer,Predictive (RandomForest)
2946,92,user_0,0.001011549387522322,0.012250836848338916,3.305722506583457,0.031804864211663,10.199822399998084,ok,predictive_imputer,Predictive (RandomForest)
2952,93,user_0,0.0011462542496203842,0.01495993426318109,3.829908717195468,0.033856376794045524,10.663776900000812,ok,predictive_imputer,Predictive (RandomForest)
2958,94,user_0,0.001017954734757652,0.013052108682561441,4.297769342524321,0.031905402908561614,10.696939600002224,ok,predictive_imputer,Predictive (RandomForest)
2964,95,user_0,0.001041685038526211,0.013263924638752705,3.6035676036605437,0.032275145832764425,10.501955100000487,ok,predictive_imputer,Predictive (RandomForest)
2970,96,user_0,0.0013353813968005246,0.016144608162798214,4.012223356495699,0.03654287066994771,10.567113099998096,ok,predictive_imputer,Predictive (RandomForest)
2976,97,user_0,0.000956511942469948,0.013022670600496989,4.383341671389722,0.03092752726083914,10.844599899999594,ok,predictive_imputer,Predictive (RandomForest)
2982,98,user_0,0.0009629086562855169,0.010814501236909897,3.0594996183705616,0.03103076950843335,10.405388700000913,ok,predictive_imputer,Predictive (RandomForest)
2988,99,user_0,0.000899670384451419,0.008917599437779368,2.8361365393535056,0.029994505904438883,10.314892400001554,ok,predictive_imputer,Predictive (RandomForest)
2994,100,user_0,0.0016109883082735129,0.01731995974697557,4.314325718263444,0.04013711883373684,10.257802399999491,ok,predictive_imputer,Predictive (RandomForest)
2401,1,user_1,0.0004185876694634842,0.013473897564675336,29.312077209826885,0.020459415178921518,10.18128340000112,ok,predictive_imputer,Predictive (RandomForest)
2407,2,user_1,0.0003000388409818908,0.003955144508490665,9.465417875886288,0.017321629281966833,10.251324199998635,ok,predictive_imputer,Predictive (RandomForest)
2413,3,user_1,0.0003082985879313567,0.004148396681129885,4.9072568957472384,0.017558433527264234,10.633422700000665,ok,predictive_imputer,Predictive (RandomForest)
2419,4,user_1,0.00029667805735655194,0.0029688115022310836,5.093773717360643,0.017224344903552992,10.208989599999768,ok,predictive_imputer,Predictive (RandomForest)
2425,5,user_1,0.0002942733084866112,0.003701264292466797,4.3340462612198,0.017154396185427547,10.317341000001761,ok,predictive_imputer,Predictive (RandomForest)
2431,6,user_1,0.00029722777050106606,0.003093247554793514,5.731194580965545,0.017240294965605026,10.478618500001176,ok,predictive_imputer,Predictive (RandomForest)
2437,7,user_1,0.0003107605080130075,0.0057229717420535,8.279406686074987,0.01762840060847857,10.478722399999242,ok,predictive_imputer,Predictive (RandomForest)
2443,8,user_1,0.0003082652722296541,0.0040644919708616,3.6378432979974007,0.017557484792237586,10.462359999997716,ok,predictive_imputer,Predictive (RandomForest)
2449,9,user_1,0.00030386681706471734,0.004824456676852568,7.699590720958736,0.017431776073157816,10.609276900002442,ok,predictive_imputer,Predictive (RandomForest)
2455,10,user_1,0.0003836056175549741,0.011633754427513236,23.318214048767388,0.01958585248476497,10.643305099998543,ok,predictive_imputer,Predictive (RandomForest)
2461,11,user_1,0.0003247438190062141,0.005782714591623822,20.252899899130067,0.018020649794228124,10.87196010000116,ok,predictive_imputer,Predictive (RandomForest)
2467,12,user_1,0.0004135080880560666,0.012952810034717226,25.694282205465335,0.020334898279953766,10.169925900001545,ok,predictive_imputer,Predictive (RandomForest)
2473,13,user_1,0.00035722858631032154,0.01022720742858986,24.01884411567451,0.018900491694935385,9.850756899999396,ok,predictive_imputer,Predictive (RandomForest)
2479,14,user_1,0.00036265191424088614,0.00780961420709766,10.671925684992308,0.01904342181019173,9.892586499998288,ok,predictive_imputer,Predictive (RandomForest)
2485,15,user_1,0.0003904826996582757,0.010649989711505716,33.313418806005764,0.01976063510260426,10.179054000000178,ok,predictive_imputer,Predictive (RandomForest)
2491,16,user_1,0.0003082241339409311,0.005619995325291363,15.335622732817244,0.017556313221770998,10.31716729999971,ok,predictive_imputer,Predictive (RandomForest)
2497,17,user_1,0.0003367775375733164,0.006729152225658588,24.027473225563416,0.01835149960012305,9.757926199999929,ok,predictive_imputer,Predictive (RandomForest)
2503,18,user_1,0.0003282488603459009,0.00691048482782284,20.88369453802709,0.018117639480514588,10.087153899999976,ok,predictive_imputer,Predictive (RandomForest)
2509,19,user_1,0.00032474332056937156,0.006354482065722465,15.135753512896297,0.018020635964620436,10.14097380000021,ok,predictive_imputer,Predictive (RandomForest)
2515,20,user_1,0.0003438439941061954,0.007215390411687053,24.326656402495452,0.01854303087702211,10.289449500000046,ok,predictive_imputer,Predictive (RandomForest)
2521,21,user_1,0.0004103210161737747,0.009727661366996265,35.399382351125645,0.02025638210969014,10.402361200001906,ok,predictive_imputer,Predictive (RandomForest)
2527,22,user_1,0.00039938609481238066,0.009754631157005847,33.43483340531068,0.019984646477042838,10.451713099999324,ok,predictive_imputer,Predictive (RandomForest)
2533,23,user_1,0.00041629806919238165,0.011065081605116066,35.705050011395436,0.020403383768198394,10.410916500000894,ok,predictive_imputer,Predictive (RandomForest)
2539,24,user_1,0.0004067457825230769,0.010770955023037607,34.396272744385385,0.020167939471425356,10.349211699998705,ok,predictive_imputer,Predictive (RandomForest)
2545,25,user_1,0.0005956670097469634,0.01676648870556821,53.00041105912734,0.02440629037250363,10.844358099999226,ok,predictive_imputer,Predictive (RandomForest)
2551,26,user_1,0.000483261796399744,0.012494849163824517,43.76690283623368,0.021983216243301254,10.381151100002171,ok,predictive_imputer,Predictive (RandomForest)
2557,27,user_1,0.0005256743416020781,0.014465835015089806,47.626608382988636,0.022927589092664718,10.585819300002186,ok,predictive_imputer,Predictive (RandomForest)
2563,28,user_1,0.0006549611255524113,0.016333067227071597,58.9843508884076,0.02559220829769114,10.671275400000013,ok,predictive_imputer,Predictive (RandomForest)
2569,29,user_1,0.0006363198219616118,0.0173117872100792,56.29247965025341,0.025225380511730875,10.589950400000816,ok,predictive_imputer,Predictive (RandomForest)
2575,30,user_1,0.0005160452760615122,0.013492126601439842,46.67402995684786,0.02271662994507575,10.054330100003426,ok,predictive_imputer,Predictive (RandomForest)
2581,31,user_1,0.0006969055990392512,0.017601504075275293,61.812069879923925,0.026398969658667573,9.988634400000592,ok,predictive_imputer,Predictive (RandomForest)
2587,32,user_1,0.0005061310748041731,0.013952816450791486,45.106504845768555,0.022497357062645672,10.102807299997949,ok,predictive_imputer,Predictive (RandomForest)
2593,33,user_1,0.0005296776571698711,0.013425260290748973,48.26930473480677,0.023014726962748682,9.968710799999826,ok,predictive_imputer,Predictive (RandomForest)
2599,34,user_1,0.0008792473888998877,0.023519358502332475,70.21448638973321,0.02965210597748308,10.362016200000653,ok,predictive_imputer,Predictive (RandomForest)
2605,35,user_1,0.000698008010086432,0.0169870590181628,61.836738645550525,0.026419841219932266,9.859575700000278,ok,predictive_imputer,Predictive (RandomForest)
2611,36,user_1,0.0007489045589411389,0.019990560725726404,63.36708700578417,0.02736612064106162,10.080693799998699,ok,predictive_imputer,Predictive (RandomForest)
2617,37,user_1,0.0008228375445901473,0.02210421115719049,66.68206019061633,0.028685145016020874,10.27116659999956,ok,predictive_imputer,Predictive (RandomForest)
2623,38,user_1,0.000853472732721049,0.020396267493757825,71.39539436584232,0.029214255642084207,10.33300539999982,ok,predictive_imputer,Predictive (RandomForest)
2629,39,user_1,0.0006997887131264514,0.018239354950359728,61.020010276546124,0.026453519862703553,10.174351300000126,ok,predictive_imputer,Predictive (RandomForest)
2635,40,user_1,0.0006156421281617046,0.015997419368037342,54.82752535304372,0.024812136710926462,10.232157300000836,ok,predictive_imputer,Predictive (RandomForest)
2641,41,user_1,0.0006667891851038321,0.016824303536328165,58.59597801282778,0.025822261425054005,10.683020300002681,ok,predictive_imputer,Predictive (RandomForest)
2647,42,user_1,0.0007264923771370367,0.01800567557881502,63.332300520926644,0.026953522536711908,10.224353800000245,ok,predictive_imputer,Predictive (RandomForest)
2653,43,user_1,0.0007083131071168979,0.01837449552495198,61.48124297579125,0.026614152383964775,10.576062200001616,ok,predictive_imputer,Predictive (RandomForest)
2659,44,user_1,0.0006940652828097266,0.01865824063703362,60.824465348418,0.026345118766286226,10.7487781000018,ok,predictive_imputer,Predictive (RandomForest)
2665,45,user_1,0.0005885446824526183,0.015142443675476213,53.48821011217601,0.024259939869105577,10.53087880000021,ok,predictive_imputer,Predictive (RandomForest)
2671,46,user_1,0.000722919268446495,0.01873850897812178,61.71506541269361,0.026887158058197504,10.798418499998661,ok,predictive_imputer,Predictive (RandomForest)
2677,47,user_1,0.0009215931002847147,0.0246830942366313,71.39300317508346,0.030357751897739642,11.100888299999497,ok,predictive_imputer,Predictive (RandomForest)
2683,48,user_1,0.0007420752186996807,0.01888131353046514,63.50647967932596,0.02724105759143137,10.102168000001257,ok,predictive_imputer,Predictive (RandomForest)
2689,49,user_1,0.000841315290086901,0.02183837243746714,68.80285592798603,0.029005435526585376,10.131775400001061,ok,predictive_imputer,Predictive (RandomForest)
2695,50,user_1,0.0008213848548915069,0.0223894930958606,66.2067417657928,0.028659812541108966,10.226491100002022,ok,predictive_imputer,Predictive (RandomForest)
2701,51,user_1,0.000658427947710724,0.016829489806110876,57.2277952077215,0.02565985089026676,10.042721100002382,ok,predictive_imputer,Predictive (RandomForest)
2707,52,user_1,0.0008469530296379402,0.02165486524598402,69.18904855725994,0.02910245745015256,9.750426699996751,ok,predictive_imputer,Predictive (RandomForest)
2713,53,user_1,0.0008860957894879035,0.02227902249209991,71.36349430376394,0.029767361144177752,10.599260299997695,ok,predictive_imputer,Predictive (RandomForest)
2719,54,user_1,0.0005477628678895789,0.015480961466812876,47.54666032535992,0.023404334382536474,9.937868199998775,ok,predictive_imputer,Predictive (RandomForest)
2725,55,user_1,0.001152524044212314,0.026383806675088887,84.63228016221034,0.03394884451954608,10.260257599999022,ok,predictive_imputer,Predictive (RandomForest)
2731,56,user_1,0.0007377459652282073,0.018651282211127076,62.66794197878037,0.027161479437398238,10.263669299998583,ok,predictive_imputer,Predictive (RandomForest)
2737,57,user_1,0.0011088286837792629,0.027438789966518246,80.70285815755332,0.03329907932329756,10.36490430000049,ok,predictive_imputer,Predictive (RandomForest)
2743,58,user_1,0.0008182652613929223,0.022255830175804698,65.90879737469402,0.028605336239815853,10.435800900002505,ok,predictive_imputer,Predictive (RandomForest)
2749,59,user_1,0.0006569451617316399,0.016542103078405118,57.573726349444044,0.025630941491323334,10.548192399997788,ok,predictive_imputer,Predictive (RandomForest)
2755,60,user_1,0.0012818321791699524,0.028996185183156636,89.13001202427864,0.03580268396600948,10.192007099998591,ok,predictive_imputer,Predictive (RandomForest)
2761,61,user_1,0.0009131263642488966,0.02168745092885062,73.23315945112483,0.03021798081025429,10.354855900000985,ok,predictive_imputer,Predictive (RandomForest)
2767,62,user_1,0.0009279075746853951,0.023674678444866527,72.62099760701427,0.030461575380885918,10.565348600001016,ok,predictive_imputer,Predictive (RandomForest)
2773,63,user_1,0.001033128657292079,0.024119177028540956,79.68215787697223,0.032142318791463675,10.401001899997937,ok,predictive_imputer,Predictive (RandomForest)
2779,64,user_1,0.0008957029916208745,0.023083296414468872,70.4112286199257,0.029928297506221006,10.189221200002066,ok,predictive_imputer,Predictive (RandomForest)
2785,65,user_1,0.0008965918105360366,0.021831471910929406,72.72199072553484,0.029943142963557393,10.461419400002342,ok,predictive_imputer,Predictive (RandomForest)
2791,66,user_1,0.000725065443297147,0.018630517621279655,61.36931038631674,0.026927039259769112,10.214946500000224,ok,predictive_imputer,Predictive (RandomForest)
2797,67,user_1,0.000953187529885286,0.022069074661233302,74.81276136370658,0.030873735275882736,10.000163099997735,ok,predictive_imputer,Predictive (RandomForest)
2803,68,user_1,0.001001803801994973,0.025148572790728237,74.32171938002071,0.03165128436564578,10.143456799996784,ok,predictive_imputer,Predictive (RandomForest)
2809,69,user_1,0.0007522244203891305,0.01865478364932997,63.507468415953774,0.02742670998113209,10.12389080000139,ok,predictive_imputer,Predictive (RandomForest)
2815,70,user_1,0.0009774740482501444,0.023855121667250657,74.68576151364124,0.031264581370140626,9.898847699998441,ok,predictive_imputer,Predictive (RandomForest)
2821,71,user_1,0.0010807211218695168,0.02494883300772445,80.76699835154463,0.032874323139336525,10.084675699999934,ok,predictive_imputer,Predictive (RandomForest)
2827,72,user_1,0.001099437390470689,0.026651030187614274,80.10281011613382,0.033157765160979846,9.995621900001424,ok,predictive_imputer,Predictive (RandomForest)
2833,73,user_1,0.0010912194049672503,0.02591319931725011,80.66158777201883,0.033033610232114353,10.212265399997705,ok,predictive_imputer,Predictive (RandomForest)
2839,74,user_1,0.0010564735130256285,0.02565703168988974,79.11693999591368,0.032503438480038206,9.988779299997987,ok,predictive_imputer,Predictive (RandomForest)
2845,75,user_1,0.0008135201157335658,0.019615794671237377,67.96400174877535,0.0285222740280919,11.065277900001092,ok,predictive_imputer,Predictive (RandomForest)
2851,76,user_1,0.001324568977722649,0.029212973388451795,90.88174796803588,0.03639462841852695,10.976855599998089,ok,predictive_imputer,Predictive (RandomForest)
2857,77,user_1,0.0009007665019346877,0.022789816627462666,71.51731202547333,0.030012772313378313,10.541302900001028,ok,predictive_imputer,Predictive (RandomForest)
2863,78,user_1,0.0011982192045024067,0.027473128018866286,85.5350872351105,0.034615303039297614,10.634589399996912,ok,predictive_imputer,Predictive (RandomForest)
2869,79,user_1,0.0010382246010019046,0.02548980025041254,77.95603461307117,0.03222149284254075,10.28129689999696,ok,predictive_imputer,Predictive (RandomForest)
2875,80,user_1,0.0010136982865953613,0.024020783117207945,76.89099518557472,0.031838628842890855,10.188193000001775,ok,predictive_imputer,Predictive (RandomForest)
2881,81,user_1,0.0008856899848115286,0.021819960416012908,70.72123722059386,0.029760544094682286,10.339236299998447,ok,predictive_imputer,Predictive (RandomForest)
2887,82,user_1,0.0010895709601244816,0.025647036191615916,80.8574948136773,0.03300864977736111,10.258747600000788,ok,predictive_imputer,Predictive (RandomForest)
2893,83,user_1,0.0011580776259716163,0.02606548279599619,84.61666324013697,0.034030539607411696,10.652211199998419,ok,predictive_imputer,Predictive (RandomForest)
2899,84,user_1,0.0012806639196795777,0.029284357249550395,88.01033486776372,0.03578636499673553,10.103047700002207,ok,predictive_imputer,Predictive (RandomForest)
2905,85,user_1,0.0008413319451517038,0.020689226044592546,69.01035223551403,0.029005722627642012,10.077590199998667,ok,predictive_imputer,Predictive (RandomForest)
2911,86,user_1,0.0018582823244521617,0.03664558690749517,109.49385581148698,0.04310779888201393,10.03164839999954,ok,predictive_imputer,Predictive (RandomForest)
2917,87,user_1,0.001775866624456628,0.03590981247237405,105.80957595315542,0.042141032550907294,9.838395499999024,ok,predictive_imputer,Predictive (RandomForest)
2923,88,user_1,0.0013749654075934595,0.029530997396725652,94.01480869680881,0.03708052598862993,10.140791300000274,ok,predictive_imputer,Predictive (RandomForest)
2929,89,user_1,0.0013685121409393866,0.031172247900530355,90.2725678012449,0.03699340672254161,9.906952199999068,ok,predictive_imputer,Predictive (RandomForest)
2935,90,user_1,0.0010551685084226915,0.025866351737969837,78.66857818886587,0.03248335740687362,9.866460000001098,ok,predictive_imputer,Predictive (RandomForest)
2941,91,user_1,0.0015786216856819141,0.03454659046939096,96.64451929832273,0.03973187241600771,10.224229199997353,ok,predictive_imputer,Predictive (RandomForest)
2947,92,user_1,0.0006623971512707173,0.017140621600257814,58.64110222425638,0.025737077364586625,10.068229000000429,ok,predictive_imputer,Predictive (RandomForest)
2953,93,user_1,0.001482745522386212,0.031703176536205864,97.15322644928928,0.03850643481791338,10.487206800000422,ok,predictive_imputer,Predictive (RandomForest)
2959,94,user_1,0.0012735994739736876,0.029362696116601302,89.26663969571796,0.035687525467222966,10.493549599999824,ok,predictive_imputer,Predictive (RandomForest)
2965,95,user_1,0.0024066970224242853,0.04136999246424069,129.2657775874712,0.04905809843873166,10.199660999998741,ok,predictive_imputer,Predictive (RandomForest)
2971,96,user_1,0.0013312957449621336,0.029889436623230646,90.66278891960927,0.036486925671562594,10.506138100001408,ok,predictive_imputer,Predictive (RandomForest)
2977,97,user_1,0.0015909159448770833,0.03284288513102054,100.83619648547271,0.03988628767981652,10.475832199997967,ok,predictive_imputer,Predictive (RandomForest)
2983,98,user_1,0.0017573914364411808,0.0373503133073475,102.88547233693888,0.041921252801427354,10.433947699999408,ok,predictive_imputer,Predictive (RandomForest)
2989,99,user_1,0.0011233222167554278,0.025669203635242478,82.55585367689406,0.033515999414539734,10.443204300001526,ok,predictive_imputer,Predictive (RandomForest)
2995,100,user_1,0.001111362766797412,0.0247814511843238,84.38090105754344,0.03333710795491133,10.280816300000879,ok,predictive_imputer,Predictive (RandomForest)
2402,1,user_2,0.00047459066510123347,0.010463660280077376,9.375707841016212,0.021785101907065604,10.077276800002437,ok,predictive_imputer,Predictive (RandomForest)
2408,2,user_2,0.00036406395542595127,0.004265961403735236,4.323282910587317,0.019080460042303782,10.362626400001318,ok,predictive_imputer,Predictive (RandomForest)
2414,3,user_2,0.0003709953003594186,0.002979559207900352,2.517320886975247,0.019261238287280977,10.414070300001185,ok,predictive_imputer,Predictive (RandomForest)
2420,4,user_2,0.0003991317499483758,0.005373177192897935,4.03962414966119,0.019978281956874466,10.318477900000289,ok,predictive_imputer,Predictive (RandomForest)
2426,5,user_2,0.0003784580209290466,0.004725616007971231,5.503949454473428,0.019453997556518984,10.433174800000415,ok,predictive_imputer,Predictive (RandomForest)
2432,6,user_2,0.00037161220212878735,0.005185894135539616,8.64586738908054,0.01927724570909411,10.370882600000186,ok,predictive_imputer,Predictive (RandomForest)
2438,7,user_2,0.00044412519639201704,0.008752980962072839,8.410055311336208,0.02107427807522756,10.677589400002034,ok,predictive_imputer,Predictive (RandomForest)
2444,8,user_2,0.00037427867657026804,0.003965151419380583,5.603592841639752,0.019346283275354675,10.495492099998955,ok,predictive_imputer,Predictive (RandomForest)
2450,9,user_2,0.0003982511241785254,0.005342560344862044,5.515377938675611,0.019956230209599343,10.360892199998489,ok,predictive_imputer,Predictive (RandomForest)
2456,10,user_2,0.0004756480746126078,0.01014299213493659,8.89436027264572,0.021809357501141748,10.700149399999646,ok,predictive_imputer,Predictive (RandomForest)
2462,11,user_2,0.0003761430493996446,0.005710735134945624,11.3317004314778,0.01939440768365058,10.61902149999878,ok,predictive_imputer,Predictive (RandomForest)
2468,12,user_2,0.0003671832888634471,0.004966446622821646,8.786601624827606,0.019162027263926098,10.045816099998774,ok,predictive_imputer,Predictive (RandomForest)
2474,13,user_2,0.00037287292972894623,0.005588237925306485,8.309352612722062,0.019309917910984145,10.05099970000083,ok,predictive_imputer,Predictive (RandomForest)
2480,14,user_2,0.0003959736618234986,0.008160389915190065,13.921294257134043,0.019899086959544114,10.231664099999762,ok,predictive_imputer,Predictive (RandomForest)
2486,15,user_2,0.0003934465307126352,0.006799983858644223,12.025943467580221,0.01983548665177225,10.128030399999261,ok,predictive_imputer,Predictive (RandomForest)
2492,16,user_2,0.0004133147186448563,0.009086978750484,17.308829625767757,0.02033014310438705,10.327925400000822,ok,predictive_imputer,Predictive (RandomForest)
2498,17,user_2,0.00038405481503481583,0.006683105207936158,11.673670204107138,0.01959731652637207,10.16890290000083,ok,predictive_imputer,Predictive (RandomForest)
2504,18,user_2,0.0004201206082843083,0.007299846191385153,9.27162949615654,0.020496843861538983,10.132972100000188,ok,predictive_imputer,Predictive (RandomForest)
2510,19,user_2,0.00040078798737871167,0.005816353878136358,9.47609803687276,0.020019689992073094,10.098853299998154,ok,predictive_imputer,Predictive (RandomForest)
2516,20,user_2,0.0004160753698070024,0.007948398789062401,17.6636374399815,0.020397925625097332,10.4438255999994,ok,predictive_imputer,Predictive (RandomForest)
2522,21,user_2,0.0004106736758902086,0.008733269554491805,17.45441560670094,0.02026508514391708,10.275794000001042,ok,predictive_imputer,Predictive (RandomForest)
2528,22,user_2,0.00040082630775937697,0.0077164582034826845,16.661034897679237,0.02002064703648154,10.146386799999163,ok,predictive_imputer,Predictive (RandomForest)
2534,23,user_2,0.00043068955671051357,0.009030182633904973,18.885554874126008,0.02075306138164954,10.615389900001901,ok,predictive_imputer,Predictive (RandomForest)
2540,24,user_2,0.0004931354386967475,0.011410074158524559,27.16133469625919,0.022206653027792088,10.530911300000298,ok,predictive_imputer,Predictive (RandomForest)
2546,25,user_2,0.00043763013935093855,0.009216760432839243,21.694230145118986,0.020919611357550084,10.48214630000075,ok,predictive_imputer,Predictive (RandomForest)
2552,26,user_2,0.0004618067744489983,0.010058196300978723,23.361709883431182,0.021489689957023536,10.605611000002682,ok,predictive_imputer,Predictive (RandomForest)
2558,27,user_2,0.0005202586744653696,0.013945094107737747,28.77333853015413,0.022809179609652112,11.034001400003035,ok,predictive_imputer,Predictive (RandomForest)
2564,28,user_2,0.0007912947231465492,0.019793931919530258,44.37916774517109,0.028129961307235194,10.387009099998977,ok,predictive_imputer,Predictive (RandomForest)
2570,29,user_2,0.00044173137878984693,0.009983803487564627,22.560255094207555,0.02101740656669721,10.717957299999398,ok,predictive_imputer,Predictive (RandomForest)
2576,30,user_2,0.0005391357786717385,0.012945413432297668,30.188633102679844,0.023219297549059024,10.382509300001402,ok,predictive_imputer,Predictive (RandomForest)
2582,31,user_2,0.000598347026733105,0.014171034291456597,34.62104999837351,0.024461132981387128,9.829119499998342,ok,predictive_imputer,Predictive (RandomForest)
2588,32,user_2,0.0005642824006996705,0.013706977923293775,32.15311886754608,0.023754629037298615,10.028891400001157,ok,predictive_imputer,Predictive (RandomForest)
2594,33,user_2,0.0005370210258656965,0.012806799706231588,29.999213617174686,0.02317371411461047,9.999465000000782,ok,predictive_imputer,Predictive (RandomForest)
2600,34,user_2,0.0005209687383911388,0.012636772402033416,29.172484334555175,0.022824739612778474,9.994054200000392,ok,predictive_imputer,Predictive (RandomForest)
2606,35,user_2,0.0007514605113264935,0.01736369744312302,43.05349475149547,0.027412780072923897,10.318560299998353,ok,predictive_imputer,Predictive (RandomForest)
2612,36,user_2,0.0005464278008046418,0.01303634358726143,30.799749876871797,0.02337579519085162,10.433441299999686,ok,predictive_imputer,Predictive (RandomForest)
2618,37,user_2,0.0005599248921613071,0.013256474013451145,32.1972232841145,0.023662732136448386,10.335300999999163,ok,predictive_imputer,Predictive (RandomForest)
2624,38,user_2,0.0005900331658775908,0.013622191278323058,34.433451138132526,0.024290598302174254,10.104759499998181,ok,predictive_imputer,Predictive (RandomForest)
2630,39,user_2,0.0006510865479601277,0.015472779070238266,37.74899022269932,0.02551639762897827,10.381151099998533,ok,predictive_imputer,Predictive (RandomForest)
2636,40,user_2,0.0008200009603374575,0.020600061907954575,45.194819083710996,0.02863565889476716,10.536776899996767,ok,predictive_imputer,Predictive (RandomForest)
2642,41,user_2,0.0006101282738405297,0.014883735425603369,34.86338810853538,0.02470077476194886,10.594453800000338,ok,predictive_imputer,Predictive (RandomForest)
2648,42,user_2,0.0005126400417534441,0.011536363057537215,28.563977526221386,0.02264155563898921,10.323753199998464,ok,predictive_imputer,Predictive (RandomForest)
2654,43,user_2,0.0005359705672163508,0.013583974274858752,30.210909012425656,0.023151038145542216,10.55055960000027,ok,predictive_imputer,Predictive (RandomForest)
2660,44,user_2,0.0005703859762539763,0.013526782654782332,32.670526034363675,0.023882754787795654,10.642711299999064,ok,predictive_imputer,Predictive (RandomForest)
2666,45,user_2,0.0006912472007240955,0.017852229275349404,39.689321478736076,0.026291580415108096,10.472341799999413,ok,predictive_imputer,Predictive (RandomForest)
2672,46,user_2,0.000630558537646419,0.015307927937406478,35.71621827370461,0.025110924667292103,10.471389399997861,ok,predictive_imputer,Predictive (RandomForest)
2678,47,user_2,0.0006588992174683742,0.016875708940394717,37.089902354205506,0.025669032265910885,10.667719699998997,ok,predictive_imputer,Predictive (RandomForest)
2684,48,user_2,0.0005096448380699111,0.011341289912988444,28.912512874442726,0.022575314794480963,10.189981100000296,ok,predictive_imputer,Predictive (RandomForest)
2690,49,user_2,0.0004932568500561482,0.011911813857542013,22.927051426440233,0.022209386530387284,10.328685399999813,ok,predictive_imputer,Predictive (RandomForest)
2696,50,user_2,0.0006189422471834426,0.014698546030460488,35.626765947912574,0.02487854994133385,9.920839200000046,ok,predictive_imputer,Predictive (RandomForest)
2702,51,user_2,0.000532148251094057,0.01234291769606963,30.20224928972316,0.023068338715522125,10.36360109999805,ok,predictive_imputer,Predictive (RandomForest)
2708,52,user_2,0.0006771377970000794,0.016582860633308657,38.76244344435394,0.0260218715122506,10.324464399996941,ok,predictive_imputer,Predictive (RandomForest)
2714,53,user_2,0.0005299430558503274,0.0126048596741447,29.34785301570052,0.02302049208532101,10.384998400000768,ok,predictive_imputer,Predictive (RandomForest)
2720,54,user_2,0.0006719549092949775,0.01737545475025627,37.42105375316248,0.025922093073187154,9.92167690000133,ok,predictive_imputer,Predictive (RandomForest)
2726,55,user_2,0.000759538386120628,0.019022473443301914,42.656115963007885,0.02755972398484114,10.465034600001673,ok,predictive_imputer,Predictive (RandomForest)
2732,56,user_2,0.0007846799410152816,0.019244487324166712,43.908784272539236,0.028012139172424542,10.207555199998751,ok,predictive_imputer,Predictive (RandomForest)
2738,57,user_2,0.0006945979736531974,0.016969313164252632,39.75946827610862,0.026355226685672757,10.547235199999704,ok,predictive_imputer,Predictive (RandomForest)
2744,58,user_2,0.0007315473952439478,0.017851137762182435,41.224436471930424,0.0270471328470126,10.656826899998123,ok,predictive_imputer,Predictive (RandomForest)
2750,59,user_2,0.0007813052185517234,0.019299707323023666,43.6191187595092,0.02795183748077617,10.20480039999893,ok,predictive_imputer,Predictive (RandomForest)
2756,60,user_2,0.0007487649474288349,0.018273891650999442,41.48847717004718,0.02736356971282868,10.297251599997253,ok,predictive_imputer,Predictive (RandomForest)
2762,61,user_2,0.0007016023775265752,0.0171951802446414,39.6310912104166,0.02648777788955833,10.699785999997403,ok,predictive_imputer,Predictive (RandomForest)
2768,62,user_2,0.0009361021486808456,0.023693944498034716,49.48134438278301,0.030595786453053393,10.828849400000763,ok,predictive_imputer,Predictive (RandomForest)
2774,63,user_2,0.0006962954785631491,0.01657478680680787,39.578660476406455,0.02638741136533004,10.22003770000083,ok,predictive_imputer,Predictive (RandomForest)
2780,64,user_2,0.0007797881084768173,0.01967876249865891,43.652697890098295,0.02792468636308772,10.480019800001173,ok,predictive_imputer,Predictive (RandomForest)
2786,65,user_2,0.0009301199997830614,0.022901917499734994,48.91843044421525,0.030497868774441623,10.522082399998908,ok,predictive_imputer,Predictive (RandomForest)
2792,66,user_2,0.0006980684060379103,0.01725804924498264,39.567949972375736,0.026420984198888397,10.167353400000138,ok,predictive_imputer,Predictive (RandomForest)
2798,67,user_2,0.0007898302557489753,0.019640221632114544,43.88906456322498,0.028103918868175225,10.089840799999365,ok,predictive_imputer,Predictive (RandomForest)
2804,68,user_2,0.0006775999954955532,0.016218654454152697,39.04012595399087,0.026030750959116663,10.088096899999073,ok,predictive_imputer,Predictive (RandomForest)
2810,69,user_2,0.0007072602701623997,0.01739708934179369,40.21290296909755,0.026594365383712387,10.146464400000696,ok,predictive_imputer,Predictive (RandomForest)
2816,70,user_2,0.0009574788818175435,0.021990724046982275,50.62060264774617,0.030943155653836332,9.941922999998496,ok,predictive_imputer,Predictive (RandomForest)
2822,71,user_2,0.0008347271358482794,0.020103815528807294,45.29773061226557,0.028891644741140636,10.03889419999905,ok,predictive_imputer,Predictive (RandomForest)
2828,72,user_2,0.000930781322126843,0.021842245289341148,49.10300695701876,0.03050870895542522,9.85899789999894,ok,predictive_imputer,Predictive (RandomForest)
2834,73,user_2,0.0007485988098611266,0.01870363472863336,42.07772667080274,0.027360533800734346,9.956957200000033,ok,predictive_imputer,Predictive (RandomForest)
2840,74,user_2,0.0007638119668544361,0.01817539043072633,43.09887840659155,0.02763714831263233,10.210398399998667,ok,predictive_imputer,Predictive (RandomForest)
2846,75,user_2,0.0007887091838310848,0.018605011591233307,44.47869640830402,0.028083966668387226,10.79047459999856,ok,predictive_imputer,Predictive (RandomForest)
2852,76,user_2,0.0007803115423289091,0.02051342802525941,42.906230861658486,0.027934057033107616,10.585379699998157,ok,predictive_imputer,Predictive (RandomForest)
2858,77,user_2,0.0011588649516883426,0.026370366990239445,56.43899500020482,0.03404210557072436,10.413439899999503,ok,predictive_imputer,Predictive (RandomForest)
2864,78,user_2,0.000773121754936473,0.018870985273455095,42.83918807794082,0.027805067073043952,10.444024700002046,ok,predictive_imputer,Predictive (RandomForest)
2870,79,user_2,0.0006841770741124664,0.016625028881690193,38.70733373647268,0.02615677874113069,10.264288499998656,ok,predictive_imputer,Predictive (RandomForest)
2876,80,user_2,0.001034829252827148,0.023753857412768805,52.86170069533821,0.03216876206550616,10.564496199996938,ok,predictive_imputer,Predictive (RandomForest)
2882,81,user_2,0.0008812762379605074,0.02205914097382168,47.22928100152121,0.02968629714128233,10.141324600001099,ok,predictive_imputer,Predictive (RandomForest)
2888,82,user_2,0.0009284068196391003,0.023233817885143414,48.758534258523305,0.030469768946270338,10.169756600000255,ok,predictive_imputer,Predictive (RandomForest)
2894,83,user_2,0.0009061121095450198,0.020906155713445295,48.78399144010267,0.030101696124056197,10.331895300001634,ok,predictive_imputer,Predictive (RandomForest)
2900,84,user_2,0.0009532757672487035,0.02199576990934395,50.443879267134676,0.030875164246505694,10.159433000000718,ok,predictive_imputer,Predictive (RandomForest)
2906,85,user_2,0.0007866578886852044,0.0191415406654892,43.86679414407643,0.028047422139747608,9.722419699999591,ok,predictive_imputer,Predictive (RandomForest)
2912,86,user_2,0.0010516973004121321,0.02391583748183149,53.86685750666872,0.032429882830687685,10.415179399999033,ok,predictive_imputer,Predictive (RandomForest)
2918,87,user_2,0.0008932389244242368,0.02141398271641186,48.202541811572665,0.029887102978111424,10.121189699999377,ok,predictive_imputer,Predictive (RandomForest)
2924,88,user_2,0.000730354817067776,0.017352054416246647,41.30900261208993,0.02702507755895949,10.124636399999872,ok,predictive_imputer,Predictive (RandomForest)
2930,89,user_2,0.0008342974806872641,0.01944837426466534,46.068338858258244,0.028884208154063427,10.205366099999083,ok,predictive_imputer,Predictive (RandomForest)
2936,90,user_2,0.0009381958865142862,0.02201376884430885,49.59542792482246,0.030629983455991064,10.052579300001526,ok,predictive_imputer,Predictive (RandomForest)
2942,91,user_2,0.0009872930784504633,0.023524293867333138,51.21347247558881,0.03142122019353264,10.08395400000154,ok,predictive_imputer,Predictive (RandomForest)
2948,92,user_2,0.0006922833045475374,0.01752394995974607,38.36477888980303,0.026311277136382746,10.068144600001688,ok,predictive_imputer,Predictive (RandomForest)
2954,93,user_2,0.0010114659105019109,0.02433540377659435,52.03001852883568,0.03180355185355734,10.498068500000954,ok,predictive_imputer,Predictive (RandomForest)
2960,94,user_2,0.0008519163721306896,0.020678774566635763,46.24214779415763,0.02918760648170195,10.553326900000684,ok,predictive_imputer,Predictive (RandomForest)
2966,95,user_2,0.001087279653409253,0.024803908624931214,55.22012491895944,0.0329739238400475,10.165261300000566,ok,predictive_imputer,Predictive (RandomForest)
2972,96,user_2,0.0009755875987248618,0.022540011770029112,50.90520659758968,0.031234397684681895,10.929069899997558,ok,predictive_imputer,Predictive (RandomForest)
2978,97,user_2,0.0010248799887272208,0.023928773574108848,52.598199136074,0.03201374687110556,10.488988999997673,ok,predictive_imputer,Predictive (RandomForest)
2984,98,user_2,0.0009330372549787874,0.022453344980724446,48.75138429852099,0.030545658529139413,10.364705699998012,ok,predictive_imputer,Predictive (RandomForest)
2990,99,user_2,0.0011062617301615695,0.024736094250159563,55.43617903489946,0.03326051307724476,10.217094999999972,ok,predictive_imputer,Predictive (RandomForest)
2996,100,user_2,0.0009512324095881411,0.021948118561281014,50.161894437428046,0.03084205585865088,10.247325699998328,ok,predictive_imputer,Predictive (RandomForest)
2403,1,user_3,0.0003160678414280253,0.005018278042165069,4.323335580604511,0.017778296921472127,9.879679099998611,ok,predictive_imputer,Predictive (RandomForest)
2409,2,user_3,0.00030468103123810244,0.003481055180969202,2.6059866514101637,0.017455114758663216,10.348132399998576,ok,predictive_imputer,Predictive (RandomForest)
2415,3,user_3,0.00031325684185874627,0.004167875597223492,3.47082846324776,0.017699063304557852,10.51115209999989,ok,predictive_imputer,Predictive (RandomForest)
2421,4,user_3,0.000342642261118736,0.005810927560944857,3.2382833145016185,0.018510598615893978,10.132346000002144,ok,predictive_imputer,Predictive (RandomForest)
2427,5,user_3,0.00032371517142758786,0.005740317957943339,3.5360095527110196,0.01799208635560612,10.198670400000992,ok,predictive_imputer,Predictive (RandomForest)
2433,6,user_3,0.0003181821575828857,0.007030519487864873,5.842811436903373,0.0178376612139284,10.390471599999728,ok,predictive_imputer,Predictive (RandomForest)
2439,7,user_3,0.0003258777002961129,0.00760372661362966,6.191249514513975,0.018052082990505914,10.631647199999861,ok,predictive_imputer,Predictive (RandomForest)
2445,8,user_3,0.00033106360030097444,0.005902084964612559,4.025919541812154,0.018195153209054724,10.359025900001143,ok,predictive_imputer,Predictive (RandomForest)
2451,9,user_3,0.0002984927480903151,0.0030000800570396304,2.124726906816784,0.01727694267196355,10.567859400001907,ok,predictive_imputer,Predictive (RandomForest)
2457,10,user_3,0.0003253760201454398,0.005364732277124964,4.299786441724318,0.01803818228495986,10.470948900001531,ok,predictive_imputer,Predictive (RandomForest)
2463,11,user_3,0.00029985911511822493,0.0032837184990601852,1.8932686763069564,0.01731644060187384,10.770315200003097,ok,predictive_imputer,Predictive (RandomForest)
2469,12,user_3,0.00029988250496874375,0.0035792501562753078,2.2404018786471447,0.017317115954128843,9.74145309999949,ok,predictive_imputer,Predictive (RandomForest)
2475,13,user_3,0.0003089589552871169,0.00472605977987193,3.0842970637226,0.01757722831640748,9.894642499999463,ok,predictive_imputer,Predictive (RandomForest)
2481,14,user_3,0.0002968892739711869,0.0034016556616065508,2.370628890744242,0.017230475152217564,10.114801300002,ok,predictive_imputer,Predictive (RandomForest)
2487,15,user_3,0.00036717740452402544,0.007531800010006501,4.3531563071979775,0.01916187372163864,10.103755000000092,ok,predictive_imputer,Predictive (RandomForest)
2493,16,user_3,0.0003453406760250517,0.009128887627316869,9.805847911766403,0.018583344048503533,10.254507099998591,ok,predictive_imputer,Predictive (RandomForest)
2499,17,user_3,0.00030843888260426985,0.004666205982653093,3.4168929224649625,0.017562428152287764,10.082799700001488,ok,predictive_imputer,Predictive (RandomForest)
2505,18,user_3,0.00030437064919700544,0.0051704389325035825,4.112787039145691,0.01744622163097229,10.413504300002387,ok,predictive_imputer,Predictive (RandomForest)
2511,19,user_3,0.00029744722528850633,0.004140032486532545,3.2544453439168564,0.017246658380350274,10.472950999999739,ok,predictive_imputer,Predictive (RandomForest)
2517,20,user_3,0.00029484556289794046,0.004542736932354208,4.848164548911994,0.01717106761089538,10.148836199998186,ok,predictive_imputer,Predictive (RandomForest)
2523,21,user_3,0.0003418737294099541,0.00897324425787003,10.117503126789279,0.018489827727968536,10.132692499999393,ok,predictive_imputer,Predictive (RandomForest)
2529,22,user_3,0.00036889566697249416,0.010778680974065423,11.759448182254335,0.019206656840077458,10.541822699997283,ok,predictive_imputer,Predictive (RandomForest)
2535,23,user_3,0.0003614845559814136,0.010373358451952287,11.134529462364702,0.019012747197115244,10.463756600001943,ok,predictive_imputer,Predictive (RandomForest)
2541,24,user_3,0.0003455868506722834,0.008492269357848492,10.50755435076211,0.01858996639782556,10.314548800000921,ok,predictive_imputer,Predictive (RandomForest)
2547,25,user_3,0.000344503876490888,0.008383040945868628,10.304022443347376,0.018560815620303112,10.65434539999842,ok,predictive_imputer,Predictive (RandomForest)
2553,26,user_3,0.00038726749680126555,0.01010848290041364,12.86746858779665,0.019679113211759965,10.579140099998767,ok,predictive_imputer,Predictive (RandomForest)
2559,27,user_3,0.00046064616138414367,0.012650710526711881,16.466303338531638,0.02146266901818466,10.84618490000139,ok,predictive_imputer,Predictive (RandomForest)
2565,28,user_3,0.00041637925510912803,0.01146258344419555,14.51804815467117,0.02040537319210624,11.103222999998252,ok,predictive_imputer,Predictive (RandomForest)
2571,29,user_3,0.0003949067608587693,0.010913770208706817,13.523201219547653,0.019872261090745795,10.663230099999055,ok,predictive_imputer,Predictive (RandomForest)
2577,30,user_3,0.00035057467592420114,0.008185826792723892,10.859456107413342,0.01872363949461218,9.978025100001105,ok,predictive_imputer,Predictive (RandomForest)
2583,31,user_3,0.0004907527160250296,0.014504088386015935,17.845695325611764,0.022152939218646125,10.033513799997309,ok,predictive_imputer,Predictive (RandomForest)
2589,32,user_3,0.00043911958479655745,0.012564026254272317,15.60461710635233,0.02095518038091196,9.882910200001788,ok,predictive_imputer,Predictive (RandomForest)
2595,33,user_3,0.0004001215603737704,0.0109777606843604,13.851071777131798,0.02000303877848989,10.172592899998563,ok,predictive_imputer,Predictive (RandomForest)
2601,34,user_3,0.0006453016781040533,0.018887665202561077,22.645364554138595,0.025402788785959175,9.998824599999352,ok,predictive_imputer,Predictive (RandomForest)
2607,35,user_3,0.0006126293150020833,0.017570329161235968,21.79269520992034,0.024751349761216727,10.260159099998418,ok,predictive_imputer,Predictive (RandomForest)
2613,36,user_3,0.0005812004715194723,0.017000159685303474,20.59114673495674,0.02410809970776362,10.108958100001473,ok,predictive_imputer,Predictive (RandomForest)
2619,37,user_3,0.0005641629419866334,0.016157434155937542,20.142521056770025,0.02375211447401333,10.377274700000271,ok,predictive_imputer,Predictive (RandomForest)
2625,38,user_3,0.0004563917674875351,0.012748607001298545,16.357651310391688,0.02136332763142332,10.276225200002955,ok,predictive_imputer,Predictive (RandomForest)
2631,39,user_3,0.00047660543205497064,0.013292700821711287,17.114436450008746,0.021831294786497906,10.433893800000078,ok,predictive_imputer,Predictive (RandomForest)
2637,40,user_3,0.0005982273504145429,0.01694027747178417,21.372129481654277,0.02445868660444675,10.427042999999685,ok,predictive_imputer,Predictive (RandomForest)
2643,41,user_3,0.0005328412431263336,0.014880755818404819,19.11284124430383,0.023083354243400883,10.484936500000913,ok,predictive_imputer,Predictive (RandomForest)
2649,42,user_3,0.0006265491844063538,0.017592785621159714,22.173777710635676,0.025030964512106877,10.421454600000288,ok,predictive_imputer,Predictive (RandomForest)
2655,43,user_3,0.0003729879091606388,0.010510483287982302,12.036884987439143,0.019312894893325515,10.656114599998546,ok,predictive_imputer,Predictive (RandomForest)
2661,44,user_3,0.00048573354150901153,0.014498330113106233,17.33470902472513,0.02203936345516838,10.60061879999921,ok,predictive_imputer,Predictive (RandomForest)
2667,45,user_3,0.00044017356294486333,0.012580518325484964,15.642971727486756,0.02098031369986787,10.87737240000206,ok,predictive_imputer,Predictive (RandomForest)
2673,46,user_3,0.0005528036936492187,0.015783749773732248,19.676399803372284,0.023511777764542153,10.535486699998728,ok,predictive_imputer,Predictive (RandomForest)
2679,47,user_3,0.0004461084345703577,0.012375526194808,15.538869871223831,0.021121279188779207,10.441369000000122,ok,predictive_imputer,Predictive (RandomForest)
2685,48,user_3,0.00041099552726615916,0.011245332604456822,14.285987628821212,0.02027302462056807,10.174193800001376,ok,predictive_imputer,Predictive (RandomForest)
2691,49,user_3,0.0005470941782167661,0.015385322022991015,19.528436075835728,0.02339004442528415,9.891168900001503,ok,predictive_imputer,Predictive (RandomForest)
2697,50,user_3,0.0006187339693030461,0.017192827427488136,21.895580633554335,0.024874363696445505,10.210577099998773,ok,predictive_imputer,Predictive (RandomForest)
2703,51,user_3,0.0005968029897267415,0.01808507243621799,21.098131177979113,0.024429551566222854,10.165835600000719,ok,predictive_imputer,Predictive (RandomForest)
2709,52,user_3,0.0004285965380143021,0.012554569588236723,15.105384760127324,0.020702573222049044,10.32274150000012,ok,predictive_imputer,Predictive (RandomForest)
2715,53,user_3,0.0006381478173760915,0.018149884579852903,22.33069212569233,0.02526158778414555,10.110673300001508,ok,predictive_imputer,Predictive (RandomForest)
2721,54,user_3,0.0009573552351658827,0.02677020585838159,29.458124460594316,0.03094115762485112,10.316093599998567,ok,predictive_imputer,Predictive (RandomForest)
2727,55,user_3,0.0006459906826129185,0.018488651600198566,22.503553771737486,0.025416346759770933,10.02159489999758,ok,predictive_imputer,Predictive (RandomForest)
2733,56,user_3,0.0006622183545100693,0.019857698871972168,23.005738221128937,0.025733603605209848,10.080060899999808,ok,predictive_imputer,Predictive (RandomForest)
2739,57,user_3,0.0007854777112792019,0.022299864717977246,26.24405620133709,0.028026375278997494,10.597830999999132,ok,predictive_imputer,Predictive (RandomForest)
2745,58,user_3,0.0005962994471788824,0.016896438592540183,21.00443198471752,0.024419243378509547,10.779858300000342,ok,predictive_imputer,Predictive (RandomForest)
2751,59,user_3,0.0005831278207105086,0.016752619238541974,20.710660165511513,0.024148039686701456,10.402069799998571,ok,predictive_imputer,Predictive (RandomForest)
2757,60,user_3,0.0006325726748342023,0.017529410551897457,22.33279964254158,0.025150997491833246,10.3679618999995,ok,predictive_imputer,Predictive (RandomForest)
2763,61,user_3,0.0009973071303611579,0.025376493902070515,30.749872455613197,0.031580169891264956,10.428579600000376,ok,predictive_imputer,Predictive (RandomForest)
2769,62,user_3,0.0005711500231760363,0.01584476917898562,20.327333829672625,0.023898745221790123,10.440774200000305,ok,predictive_imputer,Predictive (RandomForest)
2775,63,user_3,0.0004853006712491371,0.013825087173169487,17.372887148526498,0.022029540876948323,10.212488999997731,ok,predictive_imputer,Predictive (RandomForest)
2781,64,user_3,0.0006283378549562988,0.018684609038946278,22.039523834095007,0.0250666682061318,10.329847099998005,ok,predictive_imputer,Predictive (RandomForest)
2787,65,user_3,0.0005277323583047578,0.014714066978244306,18.953200115244673,0.022972426043079513,10.594384200001514,ok,predictive_imputer,Predictive (RandomForest)
2793,66,user_3,0.0006487611967860376,0.018047565831285278,22.527035758170932,0.02547079105143846,10.268129499996576,ok,predictive_imputer,Predictive (RandomForest)
2799,67,user_3,0.000629374011266457,0.017490829638702455,21.96427113517568,0.0250873277027757,10.368127099998674,ok,predictive_imputer,Predictive (RandomForest)
2805,68,user_3,0.0007738998251512435,0.021740292224319776,25.839444546042778,0.027819055072939546,10.212104099999124,ok,predictive_imputer,Predictive (RandomForest)
2811,69,user_3,0.0007580801532428848,0.020221995222441454,25.485651173068437,0.027533255405833956,10.260523900000408,ok,predictive_imputer,Predictive (RandomForest)
2817,70,user_3,0.0009061103843878556,0.023666565620121868,28.726967120058944,0.030101667468561532,10.02868160000071,ok,predictive_imputer,Predictive (RandomForest)
2823,71,user_3,0.0007414807403461365,0.020448690387669242,24.99507887117776,0.027230143964844116,10.155362500001502,ok,predictive_imputer,Predictive (RandomForest)
2829,72,user_3,0.0007763071454068619,0.02129814389460729,25.955058247450395,0.02786228894773116,10.121305100001337,ok,predictive_imputer,Predictive (RandomForest)
2835,73,user_3,0.0009502791054647792,0.025271307450937232,29.82742782371124,0.03082659737085459,10.053116200000659,ok,predictive_imputer,Predictive (RandomForest)
2841,74,user_3,0.0007610757537490337,0.020304385551704423,25.59099341494287,0.027587601449727987,9.968625500001508,ok,predictive_imputer,Predictive (RandomForest)
2847,75,user_3,0.001019983194890822,0.02635747768207395,31.123545374456597,0.031937175750069415,10.737418000000616,ok,predictive_imputer,Predictive (RandomForest)
2853,76,user_3,0.0005490836261428981,0.015686757178304377,19.43348932527112,0.02343253349817083,10.632269099998666,ok,predictive_imputer,Predictive (RandomForest)
2859,77,user_3,0.0008301814890614923,0.022369980456227543,27.18611170824716,0.02881287019825502,10.463952300000528,ok,predictive_imputer,Predictive (RandomForest)
2865,78,user_3,0.0008307345958280074,0.023499959611551963,27.17887000383951,0.028822466858823993,10.579284899999038,ok,predictive_imputer,Predictive (RandomForest)
2871,79,user_3,0.0007732114816859123,0.02100825794660378,25.9278167084427,0.02780668052259946,10.605108299998392,ok,predictive_imputer,Predictive (RandomForest)
2877,80,user_3,0.0010774796055608336,0.027373281165244182,32.360161293794064,0.0328249844716008,10.456326500003343,ok,predictive_imputer,Predictive (RandomForest)
2883,81,user_3,0.000809061406817974,0.022355984690988852,26.7220499553968,0.028444004760546183,10.58397640000112,ok,predictive_imputer,Predictive (RandomForest)
2889,82,user_3,0.001020167513596002,0.025779757311496242,31.26779623150012,0.03194006126475029,10.561541600000055,ok,predictive_imputer,Predictive (RandomForest)
2895,83,user_3,0.0006490291508033727,0.01833037272172305,22.691785716699044,0.02547605053385184,10.35943319999933,ok,predictive_imputer,Predictive (RandomForest)
2901,84,user_3,0.0009254486594093767,0.024676303711937866,29.347814476844242,0.030421187672564274,10.229143199998362,ok,predictive_imputer,Predictive (RandomForest)
2907,85,user_3,0.0006812325179378726,0.018986146477603737,23.516978739583525,0.02610043137455534,10.0657312000003,ok,predictive_imputer,Predictive (RandomForest)
2913,86,user_3,0.0007998666920981845,0.021246718894444266,26.53203164878629,0.02828191457624792,10.081400300001405,ok,predictive_imputer,Predictive (RandomForest)
2919,87,user_3,0.0009624839597735398,0.025552278820234173,29.940938476965083,0.031023925602243502,10.03855140000087,ok,predictive_imputer,Predictive (RandomForest)
2925,88,user_3,0.0006641469401777963,0.01828835676957456,22.95127263352088,0.025771048488134825,10.097828099998878,ok,predictive_imputer,Predictive (RandomForest)
2931,89,user_3,0.0006844545547385286,0.01877727308086202,23.631244733616313,0.026162082385363147,10.063226800000848,ok,predictive_imputer,Predictive (RandomForest)
2937,90,user_3,0.0009125021376016009,0.023498571280903782,28.827182993820728,0.030207650315799157,9.968804299998737,ok,predictive_imputer,Predictive (RandomForest)
2943,91,user_3,0.0009903418767351147,0.025188328900084773,30.570716390480158,0.03146969775411125,10.156759599998622,ok,predictive_imputer,Predictive (RandomForest)
2949,92,user_3,0.0010715508673251287,0.02677075308409809,32.28207801733801,0.03273455158277151,10.070579999999609,ok,predictive_imputer,Predictive (RandomForest)
2955,93,user_3,0.000960621455854142,0.024568612794308994,29.892606810901682,0.030993893847887876,10.398001000001386,ok,predictive_imputer,Predictive (RandomForest)
2961,94,user_3,0.0010504307282555463,0.0258325401449524,31.853424965760937,0.03241034909184945,10.441925600000104,ok,predictive_imputer,Predictive (RandomForest)
2967,95,user_3,0.0009878154564768157,0.02567347236571192,30.46531992239539,0.031429531598113514,10.720883399997547,ok,predictive_imputer,Predictive (RandomForest)
2973,96,user_3,0.0008180803761273037,0.02231590751300951,26.805552702052328,0.02860210440032872,10.422109200000705,ok,predictive_imputer,Predictive (RandomForest)
2979,97,user_3,0.0007993099339572203,0.021433115800540508,26.471575036568098,0.028272069856259557,10.342769300001237,ok,predictive_imputer,Predictive (RandomForest)
2985,98,user_3,0.001095558925899079,0.02782081736845254,32.482408821442405,0.03309922847890988,10.337986099999398,ok,predictive_imputer,Predictive (RandomForest)
2991,99,user_3,0.0008026876668195817,0.021216087333356403,26.508138257791547,0.028331743095326517,10.390470199999982,ok,predictive_imputer,Predictive (RandomForest)
2997,100,user_3,0.0005637797501352785,0.016206619701304152,20.185552772697065,0.02374404662510749,10.313666699999885,ok,predictive_imputer,Predictive (RandomForest)
2404,1,user_4,0.0008416454502847533,0.016202965625095763,6.688118972751124,0.02901112631878937,10.104149499999039,ok,predictive_imputer,Predictive (RandomForest)
2410,2,user_4,0.0008832201049890335,0.016061278848502274,6.6668441577534585,0.029719019246755664,10.222249799997371,ok,predictive_imputer,Predictive (RandomForest)
2416,3,user_4,0.0008229502740973963,0.00895845017265233,2.2589193168930084,0.02868710989446996,10.349723900002573,ok,predictive_imputer,Predictive (RandomForest)
2422,4,user_4,0.0007569587663401217,0.007074299777250426,2.1456469614531377,0.02751288364276129,10.320937000000413,ok,predictive_imputer,Predictive (RandomForest)
2428,5,user_4,0.0009037502477030895,0.011769191169270062,3.0963522962725514,0.030062439150925355,10.33450780000203,ok,predictive_imputer,Predictive (RandomForest)
2434,6,user_4,0.000868323826476001,0.015817971684252852,6.359982527737268,0.02946733490623136,10.506184199999552,ok,predictive_imputer,Predictive (RandomForest)
2440,7,user_4,0.0008428976955978384,0.011496726299516303,3.7673714363689137,0.02903270045307254,10.586780099998577,ok,predictive_imputer,Predictive (RandomForest)
2446,8,user_4,0.0008039544812246439,0.007631263995427489,1.8238792583253312,0.02835409108443866,10.405317600001581,ok,predictive_imputer,Predictive (RandomForest)
2452,9,user_4,0.0007629169573931242,0.008804204118598386,3.083846794587454,0.02762095142085305,10.47022460000153,ok,predictive_imputer,Predictive (RandomForest)
2458,10,user_4,0.0009121223002711634,0.011529910780732644,2.8413762247544656,0.030201362556533166,10.776104399999895,ok,predictive_imputer,Predictive (RandomForest)
2464,11,user_4,0.0009465279570471097,0.013032720764197871,3.437217414247393,0.03076569448341951,10.426988200000778,ok,predictive_imputer,Predictive (RandomForest)
2470,12,user_4,0.0008012268886062909,0.007848493786395065,1.941666984836163,0.028305951469722597,10.043632699998852,ok,predictive_imputer,Predictive (RandomForest)
2476,13,user_4,0.0008030389530998447,0.008383590342756564,2.1705988919933326,0.02833794193479556,9.822672799997235,ok,predictive_imputer,Predictive (RandomForest)
2482,14,user_4,0.0007407803892042545,0.0060210994802143755,1.7981199212091614,0.027217281076629504,10.126357099998131,ok,predictive_imputer,Predictive (RandomForest)
2488,15,user_4,0.0007460200319392495,0.007132245602680237,2.361959813429161,0.02731336727573606,10.115571399997862,ok,predictive_imputer,Predictive (RandomForest)
2494,16,user_4,0.000900980196405493,0.01136382955247059,2.8540099947417694,0.030016332161100112,9.99643020000076,ok,predictive_imputer,Predictive (RandomForest)
2500,17,user_4,0.0008417503435100493,0.009413766843508696,2.4213577540335542,0.02901293407275537,9.981345399999555,ok,predictive_imputer,Predictive (RandomForest)
2506,18,user_4,0.0007776608138316965,0.008806950242988,2.725357045914269,0.02788657049247355,10.732442900000024,ok,predictive_imputer,Predictive (RandomForest)
2512,19,user_4,0.0008508667023429559,0.009498538097929854,2.2791223170403914,0.02916961950973917,10.00525920000291,ok,predictive_imputer,Predictive (RandomForest)
2518,20,user_4,0.0007818676600531975,0.010320777444255334,3.660605368896399,0.027961896574681726,10.201535700001841,ok,predictive_imputer,Predictive (RandomForest)
2524,21,user_4,0.0007381359508103942,0.006913064513040794,2.203638338452172,0.02716865750843045,10.539868300002126,ok,predictive_imputer,Predictive (RandomForest)
2530,22,user_4,0.0007451706718024267,0.00883584597142185,3.592881940302654,0.02729781441438905,10.528097500002332,ok,predictive_imputer,Predictive (RandomForest)
2536,23,user_4,0.0009686810659093481,0.014229028981907381,4.11195050525096,0.03112364159139075,10.295378300001175,ok,predictive_imputer,Predictive (RandomForest)
2542,24,user_4,0.0007573939247894481,0.00925392494097333,3.417724115243728,0.02752079077333077,10.449354499996844,ok,predictive_imputer,Predictive (RandomForest)
2548,25,user_4,0.000765772412582634,0.008513533033611622,2.7758767392847723,0.02767259316693385,10.797565500000928,ok,predictive_imputer,Predictive (RandomForest)
2554,26,user_4,0.0009359556818137767,0.012651800616341202,3.253486294376794,0.030593392780366428,10.530302799998026,ok,predictive_imputer,Predictive (RandomForest)
2560,27,user_4,0.0007493503746864031,0.007989033751023914,2.7646814020946273,0.02737426482458302,10.60387680000349,ok,predictive_imputer,Predictive (RandomForest)
2566,28,user_4,0.0010061126338083977,0.014164486329708799,3.8310921864331444,0.03171927858272312,11.09286559999964,ok,predictive_imputer,Predictive (RandomForest)
2572,29,user_4,0.0007981520610955855,0.009964908102240582,3.2089768414545845,0.028251585107664057,10.041701199999807,ok,predictive_imputer,Predictive (RandomForest)
2578,30,user_4,0.0008095975565822152,0.011198704309366685,3.931196777460443,0.028453427852935666,10.036714400001074,ok,predictive_imputer,Predictive (RandomForest)
2584,31,user_4,0.000773487031583264,0.009557525685604156,3.620474525985282,0.027811634823995228,10.149678500001755,ok,predictive_imputer,Predictive (RandomForest)
2590,32,user_4,0.0007968722735380746,0.011906382976581373,4.588393103145811,0.02822892618464391,10.10266910000064,ok,predictive_imputer,Predictive (RandomForest)
2596,33,user_4,0.0008992472633000286,0.012539210478696945,3.5936287179450117,0.029987451764030046,9.955172400001175,ok,predictive_imputer,Predictive (RandomForest)
2602,34,user_4,0.0008129586804546122,0.011639351014915629,4.374452381934304,0.028512430279697524,10.127770399998553,ok,predictive_imputer,Predictive (RandomForest)
2608,35,user_4,0.0008082667338816938,0.013252337393999416,5.52346029301736,0.02843003225256162,10.154388599999947,ok,predictive_imputer,Predictive (RandomForest)
2614,36,user_4,0.0007577886295881336,0.008712661012498762,3.3353470742574975,0.027527960868690103,9.993185499999527,ok,predictive_imputer,Predictive (RandomForest)
2620,37,user_4,0.0008185601233247244,0.010953985797529655,3.8763415266282406,0.028610489742832514,10.150316199997178,ok,predictive_imputer,Predictive (RandomForest)
2626,38,user_4,0.0008178665351084527,0.011679623303489197,4.39243009225519,0.02859836595171921,10.070093700000143,ok,predictive_imputer,Predictive (RandomForest)
2632,39,user_4,0.0008081327823589499,0.010376507437531718,3.5245618485649293,0.028427676344698838,10.484466600002634,ok,predictive_imputer,Predictive (RandomForest)
2638,40,user_4,0.0008225023122209753,0.01194827516958108,4.8380727338839655,0.0286793011110971,10.337852600001497,ok,predictive_imputer,Predictive (RandomForest)
2644,41,user_4,0.0008101713607911873,0.010769102420688704,3.7971854899341615,0.028463509284541624,10.234355500000675,ok,predictive_imputer,Predictive (RandomForest)
2650,42,user_4,0.0007772192300628682,0.009656884940145178,3.7483763761462474,0.027878651869537526,10.512811699998565,ok,predictive_imputer,Predictive (RandomForest)
2656,43,user_4,0.000783179892704165,0.011482230050208726,5.017075627590447,0.027985351395045318,10.567137300000468,ok,predictive_imputer,Predictive (RandomForest)
2662,44,user_4,0.0008320437980061913,0.01351900213201271,6.259391039479628,0.028845169405052752,10.50846939999974,ok,predictive_imputer,Predictive (RandomForest)
2668,45,user_4,0.0008324967749461336,0.012114622017865444,4.860467025164606,0.028853020204930604,10.780870099999447,ok,predictive_imputer,Predictive (RandomForest)
2674,46,user_4,0.0007656416960961773,0.009688083413824919,3.961637446831829,0.027670231225925403,10.38999789999798,ok,predictive_imputer,Predictive (RandomForest)
2680,47,user_4,0.0008747538172082423,0.011014185229189248,2.981207158806372,0.029576237374085337,10.223258800000622,ok,predictive_imputer,Predictive (RandomForest)
2686,48,user_4,0.0007744148083746416,0.010847154912890082,4.869456221015511,0.027828309477484284,10.022953699997743,ok,predictive_imputer,Predictive (RandomForest)
2692,49,user_4,0.0007533720749769811,0.009363265403894377,3.8928368962558255,0.027447624213708936,10.055589400002646,ok,predictive_imputer,Predictive (RandomForest)
2698,50,user_4,0.0008035634180828958,0.011319402979688302,4.690660613819604,0.028347194183603,10.091243400001986,ok,predictive_imputer,Predictive (RandomForest)
2704,51,user_4,0.0008379491470424789,0.012867580941661296,5.248072528846055,0.028947351295800432,10.233143299999938,ok,predictive_imputer,Predictive (RandomForest)
2710,52,user_4,0.0007964676790203623,0.011121332639989743,4.589950388857338,0.02822175896396896,10.525617499999498,ok,predictive_imputer,Predictive (RandomForest)
2716,53,user_4,0.0008776561077845998,0.012984093693361945,4.393201092600801,0.029625261311667782,10.205579500001477,ok,predictive_imputer,Predictive (RandomForest)
2722,54,user_4,0.0008329069420187925,0.013072608356270825,5.469412543310752,0.028860127200322463,10.190295400003379,ok,predictive_imputer,Predictive (RandomForest)
2728,55,user_4,0.0010002377153831691,0.017736472595846,7.025251926307751,0.03162653498856884,10.36759979999988,ok,predictive_imputer,Predictive (RandomForest)
2734,56,user_4,0.000784104499140508,0.01139305600083278,5.097967284179373,0.02800186599390312,10.312973399999464,ok,predictive_imputer,Predictive (RandomForest)
2740,57,user_4,0.0008533357600977023,0.014231783820381235,5.956231749110901,0.02921191127087891,10.494685900001059,ok,predictive_imputer,Predictive (RandomForest)
2746,58,user_4,0.0008499880799821709,0.012511082266411264,4.268821009467234,0.029154555046890546,10.6052466000001,ok,predictive_imputer,Predictive (RandomForest)
2752,59,user_4,0.0008182509505226998,0.012464878388523786,5.507565661024184,0.028605086095355486,11.121761499998684,ok,predictive_imputer,Predictive (RandomForest)
2758,60,user_4,0.0008430669000229499,0.012793028668260785,5.91193069048569,0.02903561433865228,10.469666100001632,ok,predictive_imputer,Predictive (RandomForest)
2764,61,user_4,0.0008126603514018976,0.012907398617971052,5.9831426052484264,0.028507198238373017,10.514018199999555,ok,predictive_imputer,Predictive (RandomForest)
2770,62,user_4,0.0008522083141240165,0.013109444200069507,4.987776164999401,0.029192607182710086,10.2512252000015,ok,predictive_imputer,Predictive (RandomForest)
2776,63,user_4,0.0008414380492774521,0.013428723862599053,6.123029661907909,0.02900755159053332,10.682710799999768,ok,predictive_imputer,Predictive (RandomForest)
2782,64,user_4,0.0007878812289603945,0.010963696571527156,4.773065595438164,0.028069222093966097,10.624499400000786,ok,predictive_imputer,Predictive (RandomForest)
2788,65,user_4,0.000777420860511319,0.00935798684479928,3.614550447323677,0.027882267850935637,10.23608830000012,ok,predictive_imputer,Predictive (RandomForest)
2794,66,user_4,0.000801076552273571,0.011780538278125741,5.243219102848986,0.02830329578465326,10.029995400000189,ok,predictive_imputer,Predictive (RandomForest)
2800,67,user_4,0.0007706042045976157,0.009845589652915094,4.477406651622477,0.027759758727294727,10.447373599999992,ok,predictive_imputer,Predictive (RandomForest)
2806,68,user_4,0.0008662712022990666,0.013856343711014019,5.844788019484879,0.029432485493057946,10.165997299998708,ok,predictive_imputer,Predictive (RandomForest)
2812,69,user_4,0.0008846902029900177,0.014085729083731886,5.546105010267198,0.029743742249253333,10.068293100001029,ok,predictive_imputer,Predictive (RandomForest)
2818,70,user_4,0.0008461306195873422,0.012977141749819539,5.446143085098885,0.02908832445479358,9.937953799999377,ok,predictive_imputer,Predictive (RandomForest)
2824,71,user_4,0.0007523563136010319,0.008636668959788311,3.991661621688246,0.027429114342264714,10.079854600000544,ok,predictive_imputer,Predictive (RandomForest)
2830,72,user_4,0.0007901145528849715,0.010807108628595406,4.560948877343682,0.028108976375616587,10.24060610000015,ok,predictive_imputer,Predictive (RandomForest)
2836,73,user_4,0.000769649990117687,0.00962343940281628,4.089567545148046,0.02774256639385922,10.028592099999514,ok,predictive_imputer,Predictive (RandomForest)
2842,74,user_4,0.0007872235094820268,0.010618059408306305,4.370060673166888,0.02805750362170567,10.176151900002878,ok,predictive_imputer,Predictive (RandomForest)
2848,75,user_4,0.000877098787306902,0.013395623629970172,5.054165438790193,0.029615853648120662,10.66044519999923,ok,predictive_imputer,Predictive (RandomForest)
2854,76,user_4,0.0007971215100869994,0.01096854184205633,4.816064062824388,0.02823334039902114,10.17253509999864,ok,predictive_imputer,Predictive (RandomForest)
2860,77,user_4,0.0008251601552435341,0.012157010933748057,5.448784542000136,0.028725601042337377,10.487722900001245,ok,predictive_imputer,Predictive (RandomForest)
2866,78,user_4,0.0008364853088218023,0.012782816872042701,5.6919755762559054,0.02892205575027132,10.564895800001977,ok,predictive_imputer,Predictive (RandomForest)
2872,79,user_4,0.000842843761023141,0.01343028821954155,5.843697589990525,0.02903177157913621,10.19974700000239,ok,predictive_imputer,Predictive (RandomForest)
2878,80,user_4,0.0008738550236484967,0.014127129600418932,5.270657727660284,0.02956103894737965,10.61187069999869,ok,predictive_imputer,Predictive (RandomForest)
2884,81,user_4,0.0008431265500520064,0.014006306329169771,6.6605029836813125,0.029036641507791606,10.260276500001055,ok,predictive_imputer,Predictive (RandomForest)
2890,82,user_4,0.000874712537777712,0.013469168330287573,5.273401027946319,0.02957553951794814,10.243384700002935,ok,predictive_imputer,Predictive (RandomForest)
2896,83,user_4,0.0008444245197589435,0.01326112023066916,5.91735630827583,0.0290589834605229,10.347093699998368,ok,predictive_imputer,Predictive (RandomForest)
2902,84,user_4,0.0008042748812210982,0.010938777669014575,4.457792556293779,0.028359740499889947,10.20012399999905,ok,predictive_imputer,Predictive (RandomForest)
2908,85,user_4,0.000882836675529373,0.014287609607380418,5.411238882245624,0.029712567636092525,9.907753700001194,ok,predictive_imputer,Predictive (RandomForest)
2914,86,user_4,0.0008344318242810084,0.01247206948501407,5.793943706553245,0.028886533614835275,10.309413200000563,ok,predictive_imputer,Predictive (RandomForest)
2920,87,user_4,0.0008682268337265414,0.014039636737867072,6.822675631686213,0.0294656890930204,10.092622399999527,ok,predictive_imputer,Predictive (RandomForest)
2926,88,user_4,0.0008475261493646886,0.013589189847644107,6.544793096971128,0.029112302371414885,9.929764199998317,ok,predictive_imputer,Predictive (RandomForest)
2932,89,user_4,0.00084710618649749,0.013952061048981466,6.560756731238036,0.029105088670153368,9.916764800000237,ok,predictive_imputer,Predictive (RandomForest)
2938,90,user_4,0.0008830285984996838,0.014469697009932529,6.342677188790906,0.029715797120381676,10.079553600000509,ok,predictive_imputer,Predictive (RandomForest)
2944,91,user_4,0.0008398209182007208,0.01432025522708108,6.778031487618959,0.028979663873149406,10.272489700000733,ok,predictive_imputer,Predictive (RandomForest)
2950,92,user_4,0.0009027596778408771,0.016135063491866962,7.379864212120438,0.03004595942620034,10.020969400000467,ok,predictive_imputer,Predictive (RandomForest)
2956,93,user_4,0.0008623000145428436,0.014728926911154063,7.166103019337598,0.029364945335260604,10.4235477000002,ok,predictive_imputer,Predictive (RandomForest)
2962,94,user_4,0.0008353594648570367,0.012758752650657155,5.557180007010412,0.028902585781501223,10.584489400000166,ok,predictive_imputer,Predictive (RandomForest)
2968,95,user_4,0.0008470132714330359,0.013138175470146724,5.578802931689921,0.029103492426735246,10.436320700002398,ok,predictive_imputer,Predictive (RandomForest)
2974,96,user_4,0.0009037179595323061,0.01516996072623918,7.261305684410874,0.030061902127648314,10.71264919999885,ok,predictive_imputer,Predictive (RandomForest)
2980,97,user_4,0.0008386100991844811,0.012752970218491946,5.396325860992247,0.028958765498281882,10.62153440000111,ok,predictive_imputer,Predictive (RandomForest)
2986,98,user_4,0.0008940426266806883,0.01463088399773952,5.684803187037028,0.029900545591689264,10.261156799999299,ok,predictive_imputer,Predictive (RandomForest)
2992,99,user_4,0.0008872436461462009,0.014296910446888727,5.938621200766143,0.02978663536128579,10.203879000000597,ok,predictive_imputer,Predictive (RandomForest)
2998,100,user_4,0.0008506104322411067,0.013652114378861989,5.930382341085364,0.029165226421907078,10.456870800000615,ok,predictive_imputer,Predictive (RandomForest)
1805,1,global_aggregated,0.0007242180172392028,0.013614170420733256,14.93951056934254,0.026911299062646582,1.8728688000010152,ok,window_mean,Rolling window mean
1811,2,global_aggregated,0.0005700825889863927,0.007028447471370049,7.691312356906035,0.023876402345964786,1.7356538999993063,ok,window_mean,Rolling window mean
1817,3,global_aggregated,0.0005932581499121959,0.007632159954674633,6.319674757246201,0.02435689122019056,1.6152347000024747,ok,window_mean,Rolling window mean
1823,4,global_aggregated,0.0005881065220890283,0.008442005696986062,6.713245449566864,0.024250907654952386,1.6399870999994164,ok,window_mean,Rolling window mean
1829,5,global_aggregated,0.0006166559113226769,0.00848967903185135,8.396134041281716,0.02483255748654731,1.799253499997576,ok,window_mean,Rolling window mean
1835,6,global_aggregated,0.0005983529261398954,0.007648395002593404,6.2552052458260485,0.0244612535684477,1.6225924999998824,ok,window_mean,Rolling window mean
1841,7,global_aggregated,0.0007402440599081157,0.010190747369787125,8.213067000063647,0.027207426557984415,1.6457534000001033,ok,window_mean,Rolling window mean
1847,8,global_aggregated,0.0005840600086468281,0.005673715400736303,5.911002335609211,0.024167333503033142,1.4975722999988648,ok,window_mean,Rolling window mean
1853,9,global_aggregated,0.0006105856458324101,0.007985349625629173,6.774923555860089,0.024710031279470492,1.6634966999990866,ok,window_mean,Rolling window mean
1859,10,global_aggregated,0.0006582529103693122,0.00985185997503569,10.356325286364184,0.025656439939502756,1.504116600000998,ok,window_mean,Rolling window mean
1865,11,global_aggregated,0.0006067801291626045,0.00692535615469511,6.544714291032751,0.02463290744436402,1.7607554999995045,ok,window_mean,Rolling window mean
1871,12,global_aggregated,0.0006341011903441698,0.006207827244133019,4.776395579805179,0.02518136593483701,2.015351300000475,ok,window_mean,Rolling window mean
1877,13,global_aggregated,0.0006370824606074885,0.006227924831039625,5.195620637071977,0.02524049247949589,1.6540507999998226,ok,window_mean,Rolling window mean
1883,14,global_aggregated,0.0006052885826822187,0.008989210598885395,8.444836381114337,0.024602613330339904,1.7711566999969364,ok,window_mean,Rolling window mean
1889,15,global_aggregated,0.0006776798328546209,0.00773234156731281,5.9682179380310725,0.026032284434037305,1.5140199000015855,ok,window_mean,Rolling window mean
1895,16,global_aggregated,0.0007235076430371066,0.009180808520878167,5.388726190322246,0.026898097386936246,1.6908541999982845,ok,window_mean,Rolling window mean
1901,17,global_aggregated,0.0006345178555619628,0.007246919595555262,6.796497638062353,0.02518963786087372,2.155691799998749,ok,window_mean,Rolling window mean
1907,18,global_aggregated,0.0006802758717339406,0.008308225370568918,5.500296761359984,0.026082098683463735,1.767183500000101,ok,window_mean,Rolling window mean
1913,19,global_aggregated,0.000841399603915563,0.012616634742907347,8.830970829555561,0.029006888904457902,1.6164121000001614,ok,window_mean,Rolling window mean
1919,20,global_aggregated,0.0007483625923653507,0.012125946566770018,9.395139683143913,0.027356216704167092,1.9074725000027684,ok,window_mean,Rolling window mean
1925,21,global_aggregated,0.0009363880557126733,0.014838397341830572,8.4731237018725,0.030600458423243816,1.4880281000005198,ok,window_mean,Rolling window mean
1931,22,global_aggregated,0.0009613808435816155,0.0172491325323288,9.429140571886528,0.03100614202995296,1.4977562999993097,ok,window_mean,Rolling window mean
1937,23,global_aggregated,0.0009348696461867405,0.015773893134585864,7.634839361168313,0.030575638115773487,1.5992168000011588,ok,window_mean,Rolling window mean
1943,24,global_aggregated,0.0006175380481912155,0.006044455268604747,4.153601779410887,0.024850312838900348,1.8402511999993294,ok,window_mean,Rolling window mean
1949,25,global_aggregated,0.0008345164186457605,0.012951806928871932,6.304384755582893,0.028887997830340552,1.701764199999161,ok,window_mean,Rolling window mean
1955,26,global_aggregated,0.0010247390741636735,0.018843711185423193,9.795044752469577,0.032011545950854564,1.5939734000021417,ok,window_mean,Rolling window mean
1961,27,global_aggregated,0.000818006198765956,0.013773412119057199,7.173755570953927,0.028600807659329413,1.6117517999991833,ok,window_mean,Rolling window mean
1967,28,global_aggregated,0.0006398526368547972,0.006983589169417478,4.097224635614212,0.025295308593784684,1.6902378000013414,ok,window_mean,Rolling window mean
1973,29,global_aggregated,0.0006380742338306038,0.0067430918624477145,4.4058162346356395,0.025260131310636605,1.5041569000022719,ok,window_mean,Rolling window mean
1979,30,global_aggregated,0.0005870410657722205,0.005341641139061762,4.8607631507767195,0.024228930347256778,1.5315967999995337,ok,window_mean,Rolling window mean
1985,31,global_aggregated,0.000833427018565331,0.013193142893276192,5.86404498321045,0.028869136089695012,1.616668300001038,ok,window_mean,Rolling window mean
1991,32,global_aggregated,0.0007703541941412347,0.012922713687383786,8.249856507710211,0.027755255252676646,1.7623053999996046,ok,window_mean,Rolling window mean
1997,33,global_aggregated,0.0008858528087557217,0.015319216209421612,7.417498722796102,0.029763279536296428,1.8045281999984581,ok,window_mean,Rolling window mean
2003,34,global_aggregated,0.000774900017500628,0.01210614975666688,6.568489222638628,0.027837026017529746,1.7547346000028483,ok,window_mean,Rolling window mean
2009,35,global_aggregated,0.0007243511840764183,0.010183095498256921,5.961306215796099,0.026913773129689903,1.485147200000938,ok,window_mean,Rolling window mean
2015,36,global_aggregated,0.0008226782226469981,0.013005366297343923,6.619268189286679,0.028682367800566922,1.541028700001334,ok,window_mean,Rolling window mean
2021,37,global_aggregated,0.0008082362587211809,0.013403453939423807,7.317885802906115,0.028429496279765158,1.679674300001352,ok,window_mean,Rolling window mean
2027,38,global_aggregated,0.0007878822439181477,0.012376423628873088,7.0572011716594645,0.028069240173509286,1.5679282999990392,ok,window_mean,Rolling window mean
2033,39,global_aggregated,0.000766198831785718,0.011926596482203617,7.586334932722716,0.027680296815347158,1.6425148000016634,ok,window_mean,Rolling window mean
2039,40,global_aggregated,0.0006779658999287505,0.009446372928772933,7.711766710817532,0.02603777832167619,1.6357963000009477,ok,window_mean,Rolling window mean
2045,41,global_aggregated,0.0007279467532222537,0.011067026674544948,6.976369314688278,0.026980488379980332,1.6161304999986896,ok,window_mean,Rolling window mean
2051,42,global_aggregated,0.0006395533265833137,0.008061023688358012,6.75978259208045,0.025289391581912637,1.8319433000033314,ok,window_mean,Rolling window mean
2057,43,global_aggregated,0.0007704931444261693,0.012429604458015454,6.293735584977908,0.027757758274510737,1.5063026000025275,ok,window_mean,Rolling window mean
2063,44,global_aggregated,0.0007087483842005813,0.0100790881782683,6.321759142695135,0.026622328677269786,1.6722625000002154,ok,window_mean,Rolling window mean
2069,45,global_aggregated,0.0007025591676280687,0.010034024196734126,7.199325054898892,0.026505832709576748,1.6145118000022194,ok,window_mean,Rolling window mean
2075,46,global_aggregated,0.0006972747280652679,0.010403120689510445,8.069851464775272,0.026405960086034894,1.6585446999997657,ok,window_mean,Rolling window mean
2081,47,global_aggregated,0.0007502609667635323,0.011677428783968853,8.935826514096847,0.027390892040302966,1.7119630000015604,ok,window_mean,Rolling window mean
2087,48,global_aggregated,0.0007389056545140751,0.011414231087784174,7.653197116505092,0.027182819105348054,1.907286000001477,ok,window_mean,Rolling window mean
2093,49,global_aggregated,0.0007703007148830234,0.011887396624362601,9.055360084763704,0.027754291828166383,1.5863166000017372,ok,window_mean,Rolling window mean
2099,50,global_aggregated,0.0009198914575434335,0.015708064278251502,6.96799151045102,0.03032971245401831,1.6509645999976783,ok,window_mean,Rolling window mean
2105,51,global_aggregated,0.0006740880418718144,0.009664377166317795,6.935296098448683,0.025963205539220584,1.727741300001071,ok,window_mean,Rolling window mean
2111,52,global_aggregated,0.0008070108973407938,0.01295681011034536,7.787524936947973,0.028407937224318027,1.8588602000018,ok,window_mean,Rolling window mean
2117,53,global_aggregated,0.0007204269241656409,0.01084154086553302,7.0786010101398915,0.026840769813208428,2.138729999998759,ok,window_mean,Rolling window mean
2123,54,global_aggregated,0.0007390192466906702,0.011534911444178309,8.068600628565845,0.027184908436312053,1.8095668999994814,ok,window_mean,Rolling window mean
2129,55,global_aggregated,0.0007873326782514037,0.012377292936159627,6.469864838267824,0.028059449001208197,1.705790200001502,ok,window_mean,Rolling window mean
2135,56,global_aggregated,0.0009361951653759985,0.016961942943317054,7.999972470125496,0.030597306505246478,1.789529900001071,ok,window_mean,Rolling window mean
2141,57,global_aggregated,0.0008061920118967653,0.01314964605600064,6.954772898028508,0.02839352059707928,1.900025499999174,ok,window_mean,Rolling window mean
2147,58,global_aggregated,0.0008760632234550181,0.015277125612563797,8.007172378181904,0.029598365215920592,1.758273100000224,ok,window_mean,Rolling window mean
2153,59,global_aggregated,0.0008163670528570544,0.01285563950382323,7.0541356198727705,0.02857213770191258,1.894387900003494,ok,window_mean,Rolling window mean
2159,60,global_aggregated,0.0010978761249587803,0.01931089870300473,9.11677143345523,0.033134213812293485,1.5299400000003516,ok,window_mean,Rolling window mean
2165,61,global_aggregated,0.0007524550128979977,0.011066879453487078,5.65049502682266,0.027430913453583672,1.5326086999994004,ok,window_mean,Rolling window mean
2171,62,global_aggregated,0.0006991284468638315,0.00971122278283856,7.270809657960899,0.02644103717451022,1.9920139999994717,ok,window_mean,Rolling window mean
2177,63,global_aggregated,0.0006744723650678142,0.009029194836647034,7.044080318334248,0.0259706057893884,1.620883600000525,ok,window_mean,Rolling window mean
2183,64,global_aggregated,0.0009913355498437557,0.017537666948696188,9.664223408675738,0.03148548157236531,1.7257212999975309,ok,window_mean,Rolling window mean
2189,65,global_aggregated,0.0007629783990661018,0.012174954311676967,6.821402862394684,0.02762206362794246,1.5638123999997333,ok,window_mean,Rolling window mean
2195,66,global_aggregated,0.0008528041173257319,0.014851898732901844,7.14600824778286,0.0292028100929642,2.088219699999172,ok,window_mean,Rolling window mean
2201,67,global_aggregated,0.0007574847572114639,0.011517948304877111,6.72487532899029,0.02752244097480207,1.739119900001242,ok,window_mean,Rolling window mean
2207,68,global_aggregated,0.0006139185924620951,0.006522079527497705,5.322146267821166,0.024777380661847512,1.526317799998651,ok,window_mean,Rolling window mean
2213,69,global_aggregated,0.0007429711685039374,0.011793947332401394,5.9319987006089,0.02725749747324463,2.083970700001373,ok,window_mean,Rolling window mean
2219,70,global_aggregated,0.0008724997681575763,0.014636704322614701,7.35696233272962,0.029538107051020997,2.2932502000003296,ok,window_mean,Rolling window mean
2225,71,global_aggregated,0.000922855200389945,0.016403125776331982,7.972497521598844,0.030378531899845736,1.707264499997109,ok,window_mean,Rolling window mean
2231,72,global_aggregated,0.0007747365910610983,0.01270038856920963,6.231684326814663,0.027834090447885994,1.8947718999988865,ok,window_mean,Rolling window mean
2237,73,global_aggregated,0.0007138984037124102,0.011593082054229068,7.1851951075492835,0.02671887729139101,1.566631999998208,ok,window_mean,Rolling window mean
2243,74,global_aggregated,0.0008692765331361623,0.014940763000987968,6.826018113337199,0.029483495944954734,1.5213115000005928,ok,window_mean,Rolling window mean
2249,75,global_aggregated,0.000799854786842052,0.013095090420391947,8.099606692854842,0.028281704100744213,1.6322571000018797,ok,window_mean,Rolling window mean
2255,76,global_aggregated,0.0007249468099641824,0.010559759617850509,6.147713483148117,0.026924836303386924,1.6314654000016162,ok,window_mean,Rolling window mean
2261,77,global_aggregated,0.000792318248555757,0.012818115718366099,7.223211700623826,0.028148148226051335,1.7255742999986978,ok,window_mean,Rolling window mean
2267,78,global_aggregated,0.0008059144429094204,0.012511733858333575,7.105018972341508,0.028388632283176667,1.5053358000004664,ok,window_mean,Rolling window mean
2273,79,global_aggregated,0.0008488618005799151,0.014391280121400243,7.432048375479992,0.02913523297624227,1.5245856000001368,ok,window_mean,Rolling window mean
2279,80,global_aggregated,0.0006349792390399706,0.008463882923592852,8.316234320328235,0.02519879439655736,1.6375982999998087,ok,window_mean,Rolling window mean
2285,81,global_aggregated,0.0008877975741915443,0.015229238402546263,6.986070210139092,0.029795932175240705,1.7976509000000078,ok,window_mean,Rolling window mean
2291,82,global_aggregated,0.000767388523096174,0.012116879866696791,5.969217672229145,0.027701778338153203,1.619685000001482,ok,window_mean,Rolling window mean
2297,83,global_aggregated,0.0008367584054609248,0.014910507938536538,7.7271744937189855,0.028926776617191983,1.7600138999987394,ok,window_mean,Rolling window mean
2303,84,global_aggregated,0.0008784429472415944,0.014668475937480068,6.702653922744728,0.02963853821026932,1.482697300001746,ok,window_mean,Rolling window mean
2309,85,global_aggregated,0.000713087884753676,0.010207935487523237,6.273361989205872,0.026703705449874854,1.803760399998282,ok,window_mean,Rolling window mean
2315,86,global_aggregated,0.000705599876646597,0.010261990143111367,6.766078152636509,0.02656313002352315,1.9558348999998998,ok,window_mean,Rolling window mean
2321,87,global_aggregated,0.0008090078733291287,0.013197957273695469,6.779473980158437,0.02844306371207449,1.6791195000005246,ok,window_mean,Rolling window mean
2327,88,global_aggregated,0.0007406500656580261,0.011146552495758801,7.669653733885089,0.027214886838971535,1.4958624999999302,ok,window_mean,Rolling window mean
2333,89,global_aggregated,0.0007202177684294283,0.010638616239765286,5.415536163734505,0.026836873298307837,1.6558364999982587,ok,window_mean,Rolling window mean
2339,90,global_aggregated,0.0007776758598049769,0.012356479776919279,6.174211199829132,0.027886840262119638,1.5169810999977926,ok,window_mean,Rolling window mean
2345,91,global_aggregated,0.0007123811440683873,0.010780656802502196,6.42769154565931,0.026690469161638718,1.757792199998221,ok,window_mean,Rolling window mean
2351,92,global_aggregated,0.0007444573477213928,0.01125765243103021,6.6787605840731565,0.027284745696476497,2.1655051999987336,ok,window_mean,Rolling window mean
2357,93,global_aggregated,0.0007420425677599972,0.010998648630165501,7.452339783706161,0.02724045828836213,1.5727523000023211,ok,window_mean,Rolling window mean
2363,94,global_aggregated,0.0008199713206559592,0.014169580530230057,7.228208680643696,0.028635141359105585,1.8077228999973158,ok,window_mean,Rolling window mean
2369,95,global_aggregated,0.000804069632222324,0.013158462231705538,8.40970551516766,0.028356121600499672,1.6327869999986433,ok,window_mean,Rolling window mean
2375,96,global_aggregated,0.0008470534932489677,0.014941552448417392,7.163783827840302,0.029104183432093877,1.7160397000006924,ok,window_mean,Rolling window mean
2381,97,global_aggregated,0.0007657263070141669,0.012844650067537738,7.162989680449806,0.02767176009967864,2.0127122000012605,ok,window_mean,Rolling window mean
2387,98,global_aggregated,0.0007141294570238794,0.010862677860881033,5.694782759379616,0.02672320072565933,1.7112489999999525,ok,window_mean,Rolling window mean
2393,99,global_aggregated,0.0007000686385246202,0.00940831243060905,5.9291119746350365,0.026458810225038848,1.8572206999997434,ok,window_mean,Rolling window mean
2399,100,global_aggregated,0.0009376812323991542,0.01618131914555266,7.05773508143338,0.030621581154459582,1.599105299999792,ok,window_mean,Rolling window mean
1800,1,user_0,0.0012767116467301957,0.01617956566857827,3.323442619317706,0.035731101952363516,10.371265999998286,ok,window_mean,Rolling window mean
1806,2,user_0,0.0011971640303274395,0.0165854407562512,3.7156577554968733,0.03460005824167699,10.41940170000089,ok,window_mean,Rolling window mean
1812,3,user_0,0.000987770011976315,0.01235064296697364,2.5051150805119318,0.0314288086311956,10.434062000000267,ok,window_mean,Rolling window mean
1818,4,user_0,0.0009929490227052781,0.007934677463194616,1.4591775910302343,0.03151109364502092,9.896404499999335,ok,window_mean,Rolling window mean
1824,5,user_0,0.0012245932653285121,0.011859611783098072,2.490315649981897,0.03499418902230072,10.174653899997793,ok,window_mean,Rolling window mean
1830,6,user_0,0.0010921448051829535,0.008735211342975701,1.5348029645041619,0.033047614213176625,9.86725739999747,ok,window_mean,Rolling window mean
1836,7,user_0,0.0012574843519273637,0.01392319029070717,2.8601817201379527,0.03546102581606127,9.925614699997823,ok,window_mean,Rolling window mean
1842,8,user_0,0.0011779025032209278,0.012629845126913954,2.692559059526911,0.03432058424941114,10.239314300000842,ok,window_mean,Rolling window mean
1848,9,user_0,0.0012475154261417532,0.013531769712933963,2.7439897732000205,0.03532018440129883,10.212405199999921,ok,window_mean,Rolling window mean
1854,10,user_0,0.0014696451644479,0.01775415595257055,3.652187427731178,0.038335951330936084,10.17830479999975,ok,window_mean,Rolling window mean
1860,11,user_0,0.0012883629565385443,0.01333012189589721,2.6039276027575937,0.03589377322793669,10.43705670000054,ok,window_mean,Rolling window mean
1866,12,user_0,0.0011914698441250558,0.011263850890554922,2.4893106764296977,0.034517674373066555,9.74823330000072,ok,window_mean,Rolling window mean
1872,13,user_0,0.0010854632406317795,0.0108193144861958,2.2645852375114894,0.03294636915703731,10.240544699998281,ok,window_mean,Rolling window mean
1878,14,user_0,0.0012666906755065411,0.014144923949220995,3.1071270900014833,0.03559059813358777,10.18875250000201,ok,window_mean,Rolling window mean
1884,15,user_0,0.0013496092854658748,0.01304310895750989,2.4306002366306796,0.03673702880563254,10.639267099999415,ok,window_mean,Rolling window mean
1890,16,user_0,0.0012510268906141793,0.014331642791448152,2.93174733848035,0.03536985850429966,10.282567399997788,ok,window_mean,Rolling window mean
1896,17,user_0,0.0010983409326764085,0.013104580434996843,3.451523058169745,0.03314122708465105,10.55576260000089,ok,window_mean,Rolling window mean
1902,18,user_0,0.0012969247783721953,0.017610911300173428,4.51161821089941,0.036012841853597106,10.60579620000135,ok,window_mean,Rolling window mean
1908,19,user_0,0.001123712065981257,0.01070903632516035,2.3473857452603433,0.03352181477756323,10.528954099998373,ok,window_mean,Rolling window mean
1914,20,user_0,0.0013480106899295776,0.01665929299248074,3.7102854607673876,0.036715265080475415,10.523054799999954,ok,window_mean,Rolling window mean
1920,21,user_0,0.0011458798966049197,0.01079831827897744,2.2570235558718483,0.033850847797432186,10.829956499997934,ok,window_mean,Rolling window mean
1926,22,user_0,0.001310845993626526,0.012974195781316079,2.5437755287332093,0.03620560721250959,9.860869300002378,ok,window_mean,Rolling window mean
1932,23,user_0,0.0010025299145884012,0.008074039592796938,1.6748970231837486,0.031662752795491446,10.00138700000025,ok,window_mean,Rolling window mean
1938,24,user_0,0.0010283314310351632,0.008134444991831481,1.5225535133159744,0.03206760719223003,10.217059100003098,ok,window_mean,Rolling window mean
1944,25,user_0,0.0010287177553903596,0.010975004910927929,2.4391622435753813,0.03207363021845765,9.978817499999423,ok,window_mean,Rolling window mean
1950,26,user_0,0.0012789829663859603,0.015020479553277549,3.2491091920837425,0.03576287133866575,9.932856799998262,ok,window_mean,Rolling window mean
1956,27,user_0,0.001153646040604783,0.012814042617377229,2.988224734446692,0.03396536530945579,10.114466099999845,ok,window_mean,Rolling window mean
1962,28,user_0,0.0011379417656206697,0.012719665526239163,2.8755760297699453,0.03373339244162481,10.565890199999558,ok,window_mean,Rolling window mean
1968,29,user_0,0.0011372803786488387,0.010215344244536335,2.1619850626095216,0.0337235878673791,10.084220200002164,ok,window_mean,Rolling window mean
1974,30,user_0,0.000951637866577824,0.010552234152623595,2.3703965375769007,0.030848628277085902,10.26358259999688,ok,window_mean,Rolling window mean
1980,31,user_0,0.0016099717824610582,0.01978370845723759,4.297593893577949,0.0401244536718079,10.659164099997724,ok,window_mean,Rolling window mean
1986,32,user_0,0.0012960715841597564,0.016331750736272008,4.015644739513993,0.03600099421071252,10.612703100003273,ok,window_mean,Rolling window mean
1992,33,user_0,0.0017724929591231365,0.01764727841467529,3.4171785004468167,0.04210098525121635,10.482633499999793,ok,window_mean,Rolling window mean
1998,34,user_0,0.0012742972342102716,0.017084511159204358,4.132574613243804,0.0356973000969299,10.783892299998115,ok,window_mean,Rolling window mean
2004,35,user_0,0.0011893491279394883,0.010018013185862686,1.9998031232165063,0.03448694141177916,10.474208599996928,ok,window_mean,Rolling window mean
2010,36,user_0,0.00144129858288668,0.017326043464722916,3.7635455717691535,0.03796443839814676,10.92747899999813,ok,window_mean,Rolling window mean
2016,37,user_0,0.0014447618998782031,0.019940535201531887,4.876220927103943,0.038010023676369936,10.918528900001547,ok,window_mean,Rolling window mean
2022,38,user_0,0.0012087287984218157,0.012662314493603461,2.8244246471356176,0.03476677722225366,10.296835299999657,ok,window_mean,Rolling window mean
2028,39,user_0,0.0011334115820184369,0.01127326338180989,2.4473036880959915,0.03366617860729722,10.5612043000001,ok,window_mean,Rolling window mean
2034,40,user_0,0.0010323423945278458,0.009661248041152015,2.044688652814769,0.03213008550452124,10.47601129999748,ok,window_mean,Rolling window mean
2040,41,user_0,0.0013050320315500588,0.018646387921778904,4.815172261219517,0.03612522707956393,9.96237839999958,ok,window_mean,Rolling window mean
2046,42,user_0,0.0011548068306379642,0.012549387938577098,2.6942613475342814,0.033982448861698655,10.182142399997247,ok,window_mean,Rolling window mean
2052,43,user_0,0.0013680581961394264,0.019107584514377204,5.097716932399827,0.03698727073115055,10.107051099999808,ok,window_mean,Rolling window mean
2058,44,user_0,0.0013728655922293075,0.01899327297837262,4.4673909096557,0.03705220090938334,9.884287199998653,ok,window_mean,Rolling window mean
2064,45,user_0,0.0011548982164889473,0.011247408530341665,2.4044941251988035,0.033983793438769415,9.94357890000174,ok,window_mean,Rolling window mean
2070,46,user_0,0.0014269016864810935,0.018741265095042113,4.507187791233797,0.037774352231124936,10.335485299998254,ok,window_mean,Rolling window mean
2076,47,user_0,0.001266043713638367,0.015933257587050564,3.6392856833806664,0.03558150802928913,10.384830999999394,ok,window_mean,Rolling window mean
2082,48,user_0,0.0010966725247806976,0.010624556868920327,2.318890022051738,0.03311604633377447,10.149445499999274,ok,window_mean,Rolling window mean
2088,49,user_0,0.001414978256073298,0.0184460527115296,4.287137185962443,0.03761619672525783,10.314355099999375,ok,window_mean,Rolling window mean
2094,50,user_0,0.0011597358575270427,0.011820435429847903,2.535450817717878,0.03405489476605445,10.350293700001203,ok,window_mean,Rolling window mean
2100,51,user_0,0.0011424485902952624,0.015172940731721561,3.8921471977387037,0.03380012707513483,10.709906600000977,ok,window_mean,Rolling window mean
2106,52,user_0,0.001198320807103008,0.015029094019398838,3.677497041696478,0.03461677060476624,10.320565800000622,ok,window_mean,Rolling window mean
2112,53,user_0,0.0013053185004649232,0.0154020971334867,3.593211020686354,0.03612919180475704,10.598623400001088,ok,window_mean,Rolling window mean
2118,54,user_0,0.001099203818857199,0.012802265879425824,3.0336804783845928,0.03315424284849827,10.846885299997666,ok,window_mean,Rolling window mean
2124,55,user_0,0.0014118032114350087,0.019264724909044083,5.051090432083361,0.03757396986525391,10.888280499999382,ok,window_mean,Rolling window mean
2130,56,user_0,0.0014152815195202545,0.02091344958738756,5.442684303257329,0.037620227531479054,10.58137600000191,ok,window_mean,Rolling window mean
2136,57,user_0,0.0012390463099029505,0.02000580855888962,5.542701716194763,0.03520008962918916,10.446711499997036,ok,window_mean,Rolling window mean
2142,58,user_0,0.0012366355438007668,0.017179301110129344,4.372352787424003,0.03516582920678491,10.109379400000762,ok,window_mean,Rolling window mean
2148,59,user_0,0.0010732401398940421,0.010753193557802411,2.3533659023325155,0.03276034401367058,10.099044999999023,ok,window_mean,Rolling window mean
2154,60,user_0,0.0015493398759766832,0.020174065754505487,4.907998888743931,0.03936165489377553,9.995567199999641,ok,window_mean,Rolling window mean
2160,61,user_0,0.0014762920727438217,0.018019331063024592,4.166218424427278,0.03842254641149935,9.977218399999401,ok,window_mean,Rolling window mean
2166,62,user_0,0.001185145103054911,0.0130257007116958,2.9892255989927277,0.03442593648769647,10.203953400003229,ok,window_mean,Rolling window mean
2172,63,user_0,0.0012636228356006638,0.015484442836792383,3.703789479755274,0.0355474729847378,10.217492399999173,ok,window_mean,Rolling window mean
2178,64,user_0,0.001269336191725122,0.01599957770881948,3.841189892164334,0.035627744690411176,10.200202599997283,ok,window_mean,Rolling window mean
2184,65,user_0,0.0013387623878506022,0.018430026943828635,4.496172816906559,0.036589102036680296,10.347298999997292,ok,window_mean,Rolling window mean
2190,66,user_0,0.0013565310518691394,0.018227818603574832,4.691835526656861,0.03683111526778872,10.207218600000488,ok,window_mean,Rolling window mean
2196,67,user_0,0.0012924913229380207,0.015055125199620384,3.432070947022494,0.035951235346480384,10.328570900001068,ok,window_mean,Rolling window mean
2202,68,user_0,0.0011971710304448946,0.014226598570614783,3.2876576150181966,0.03460015939912553,10.503154099998937,ok,window_mean,Rolling window mean
2208,69,user_0,0.0013084779166625043,0.01881250576014827,4.8007682728504095,0.036172889249581716,10.250296199999866,ok,window_mean,Rolling window mean
2214,70,user_0,0.0015484772977827595,0.02181567652554345,5.244869947716365,0.0393506962807872,10.313129500002105,ok,window_mean,Rolling window mean
2220,71,user_0,0.0013594421877941249,0.019822187522513385,4.91276936537767,0.036870614149945004,10.3254737999996,ok,window_mean,Rolling window mean
2226,72,user_0,0.001772505078311548,0.026308223927480688,6.988898886580586,0.042101129180956036,11.14389250000022,ok,window_mean,Rolling window mean
2232,73,user_0,0.00105041544464847,0.013377564158892564,3.4680706707158357,0.0324101133081708,10.713016000001517,ok,window_mean,Rolling window mean
2238,74,user_0,0.0013994450450029242,0.01954125053956244,5.054214817850775,0.037409157234598645,11.017811199999414,ok,window_mean,Rolling window mean
2244,75,user_0,0.0012854814795173408,0.018047400536344068,4.752264842732467,0.035853611805748954,10.51395279999997,ok,window_mean,Rolling window mean
2250,76,user_0,0.0013212696738079024,0.020201543447742318,5.348485014135511,0.036349273360108625,10.063263899999583,ok,window_mean,Rolling window mean
2256,77,user_0,0.0015678159990907042,0.023542922889900918,6.325151274029926,0.0395956563159484,9.80107130000033,ok,window_mean,Rolling window mean
2262,78,user_0,0.001241877022558739,0.01348861821660114,2.947222791711808,0.035240275574387026,10.349214499998197,ok,window_mean,Rolling window mean
2268,79,user_0,0.001569357058316686,0.022170131696108833,5.929436966284369,0.039615111489388566,10.280687200000102,ok,window_mean,Rolling window mean
2274,80,user_0,0.0012647904347074025,0.01603026791386568,3.8209636694216265,0.03556389228849118,9.853153599997313,ok,window_mean,Rolling window mean
2280,81,user_0,0.0012658821975116427,0.016905284075495235,4.175340741012711,0.035579238293021995,10.16427240000121,ok,window_mean,Rolling window mean
2286,82,user_0,0.0012643351017171704,0.01781606745319829,4.523271181074078,0.03555749009304749,10.103921099998843,ok,window_mean,Rolling window mean
2292,83,user_0,0.0010309757355143163,0.010436703176531675,2.3636517539169377,0.03210881087044982,10.359115200000815,ok,window_mean,Rolling window mean
2298,84,user_0,0.0014048755780225724,0.019646621750678224,4.960279797618749,0.037481669893730356,10.085381500000949,ok,window_mean,Rolling window mean
2304,85,user_0,0.0010330088787164735,0.013521620041288793,3.3100495454356644,0.03214045548396092,11.165799800000968,ok,window_mean,Rolling window mean
2310,86,user_0,0.0011833443187637504,0.01503192768029956,3.798501625488676,0.03439977207429942,10.189961399999447,ok,window_mean,Rolling window mean
2316,87,user_0,0.0014887192655427017,0.02244372386159335,6.336022126980345,0.03858392496290005,10.270759900002304,ok,window_mean,Rolling window mean
2322,88,user_0,0.0013087724079905011,0.016089802221871518,3.685804160510858,0.03617695962889227,10.733857400002307,ok,window_mean,Rolling window mean
2328,89,user_0,0.0012440863646211856,0.016413954645020972,4.287186352750783,0.03527160847794137,10.482157300000836,ok,window_mean,Rolling window mean
2334,90,user_0,0.0012524453495582006,0.01902840055918317,5.023532475906479,0.035389904627707046,10.408556500002305,ok,window_mean,Rolling window mean
2340,91,user_0,0.0010922787430348658,0.013192658881050132,3.237920563458579,0.033049640588588336,10.798268000002281,ok,window_mean,Rolling window mean
2346,92,user_0,0.0012423220594190846,0.015691687031216962,3.8098196335036247,0.035246589330303786,10.517118499999924,ok,window_mean,Rolling window mean
2352,93,user_0,0.0012227773239797133,0.015780753722501508,3.9324869508666787,0.03496823306916884,10.406024599997181,ok,window_mean,Rolling window mean
2358,94,user_0,0.0012628657746297097,0.016245601203841917,4.04799911967356,0.035536822798749326,10.073819999997795,ok,window_mean,Rolling window mean
2364,95,user_0,0.0016067460614783405,0.018965846711169472,4.18395183981623,0.040084237069929876,10.397794600001362,ok,window_mean,Rolling window mean
2370,96,user_0,0.0013124074027562472,0.020160245251244633,5.426130624233137,0.03622716387955656,10.55046510000102,ok,window_mean,Rolling window mean
2376,97,user_0,0.0019317626526793663,0.028183397361678998,7.236437725044656,0.04395182194948653,10.24219869999797,ok,window_mean,Rolling window mean
2382,98,user_0,0.0011244286844209813,0.013933926885392545,3.511501475052725,0.03353250191114557,10.060111700000562,ok,window_mean,Rolling window mean
2388,99,user_0,0.001194427855929807,0.015336244542251718,3.742539990801767,0.034560495597282845,9.994202800000494,ok,window_mean,Rolling window mean
2394,100,user_0,0.001611232534444943,0.02503679285393428,6.657360902857569,0.04014016111633015,10.311313099999097,ok,window_mean,Rolling window mean
1801,1,user_1,0.0004267540578205736,0.01391121555127129,26.66076326340145,0.02065802647448622,10.652783000001364,ok,window_mean,Rolling window mean
1807,2,user_1,0.0003135420867798326,0.004871789076321676,8.153368303086562,0.01770711966356563,10.577187899998535,ok,window_mean,Rolling window mean
1813,3,user_1,0.0004982156402625628,0.01668622176405301,33.27114423255864,0.022320744617117118,10.798126999998203,ok,window_mean,Rolling window mean
1819,4,user_1,0.00029964668651563545,0.004453070018403925,5.36478480369046,0.017310305789200706,10.150543799998559,ok,window_mean,Rolling window mean
1825,5,user_1,0.00029261998464364064,0.0034199198255337577,6.364485723507123,0.0171061387999642,9.895463200002268,ok,window_mean,Rolling window mean
1831,6,user_1,0.00030139584742229004,0.005467335863308673,12.885925460631622,0.01736075595768485,9.956789100000606,ok,window_mean,Rolling window mean
1837,7,user_1,0.00030508555255464513,0.005504609361875677,7.118951566335102,0.017466698387349714,10.041053799999645,ok,window_mean,Rolling window mean
1843,8,user_1,0.0002995460551934975,0.004073267732650086,6.007102388265492,0.01730739885694836,10.280564100001357,ok,window_mean,Rolling window mean
1849,9,user_1,0.00029851702544962276,0.00426094782832153,3.578826357109113,0.017277645251874536,10.130082499999844,ok,window_mean,Rolling window mean
1855,10,user_1,0.00032644325284504855,0.007428715857268405,11.12072988958042,0.018067740667970872,10.243977099999029,ok,window_mean,Rolling window mean
1861,11,user_1,0.00037914133555451174,0.011493717363393057,23.132926875558535,0.019471551955468566,10.137263399999938,ok,window_mean,Rolling window mean
1867,12,user_1,0.0003028540173625774,0.005095260381862722,9.776998590797856,0.017402701438643867,10.405782399997406,ok,window_mean,Rolling window mean
1873,13,user_1,0.0003224445830128761,0.007171398878658915,10.834158605154075,0.017956741993270273,10.584192900001653,ok,window_mean,Rolling window mean
1879,14,user_1,0.0002953966353037961,0.0024582382687838313,1.4586122180050227,0.017187106658882293,10.330292899998312,ok,window_mean,Rolling window mean
1885,15,user_1,0.00029707170994234497,0.002502142209415195,3.730902749761505,0.017235768330490665,10.585958300001948,ok,window_mean,Rolling window mean
1891,16,user_1,0.00029597021225971214,0.0027531352828520927,7.021096753660781,0.01720378482368668,10.674704899996868,ok,window_mean,Rolling window mean
1897,17,user_1,0.0002959622705099401,0.002590006252719677,2.985534016003947,0.01720355400810949,10.92105299999821,ok,window_mean,Rolling window mean
1903,18,user_1,0.00031875159515989563,0.0074759202144465,13.393732968181446,0.017853615744713888,10.288108900000225,ok,window_mean,Rolling window mean
1909,19,user_1,0.00029734882207843014,0.0026915006605451775,2.9824333174840216,0.017243805324766055,10.387367499999527,ok,window_mean,Rolling window mean
1915,20,user_1,0.000390021211389249,0.009579144725700837,10.951953327725283,0.019748954691052614,10.574662300001364,ok,window_mean,Rolling window mean
1921,21,user_1,0.00029655991239714346,0.0031600871017454513,3.268021366420598,0.01722091496980179,11.03498749999926,ok,window_mean,Rolling window mean
1927,22,user_1,0.0002932938492345906,0.002654174985611508,3.3887112393389334,0.01712582404541722,9.998509099998046,ok,window_mean,Rolling window mean
1933,23,user_1,0.0003455937569942188,0.006817896190670092,6.528870990776431,0.018590152150916323,10.354656200001045,ok,window_mean,Rolling window mean
1939,24,user_1,0.00029565874360183974,0.004265595420629571,9.642877933693951,0.0171947301113405,10.182186400001228,ok,window_mean,Rolling window mean
1945,25,user_1,0.0003014187052140626,0.005359446123412905,6.372168555598151,0.017361414263073808,9.877751500000159,ok,window_mean,Rolling window mean
1951,26,user_1,0.00030085660005925056,0.003417864367981089,7.344830126629817,0.017345218362974004,10.076043000000936,ok,window_mean,Rolling window mean
1957,27,user_1,0.000338245700430609,0.006463770018940368,6.242882465947617,0.018391457267726476,10.088576500002091,ok,window_mean,Rolling window mean
1963,28,user_1,0.00030745835668821616,0.0036364969745684983,3.9276587772290914,0.01753449048841215,10.000951999998506,ok,window_mean,Rolling window mean
1969,29,user_1,0.00031050316092350006,0.006468796601079079,11.864472567084709,0.01762109987837025,10.400708299999678,ok,window_mean,Rolling window mean
1975,30,user_1,0.00029507182905173844,0.004423689719093956,6.142628543005083,0.017177654934586922,10.598395000000892,ok,window_mean,Rolling window mean
1981,31,user_1,0.0003144092086661562,0.007058079003384747,10.63582077243673,0.01773158787774395,10.406263000000763,ok,window_mean,Rolling window mean
1987,32,user_1,0.00036213121530507706,0.007597627198342937,5.508856204002004,0.019029745539682792,10.525264300002164,ok,window_mean,Rolling window mean
1993,33,user_1,0.00029364013082081676,0.0028733399532402757,5.0714829113567825,0.01713593098786339,10.415996300002007,ok,window_mean,Rolling window mean
1999,34,user_1,0.00030540084001031803,0.006106922788553212,12.364135691009864,0.017475721444630492,10.438473800000793,ok,window_mean,Rolling window mean
2005,35,user_1,0.00037822360092275395,0.008294133521676962,6.761601194164616,0.01944797164032162,10.622225899998739,ok,window_mean,Rolling window mean
2011,36,user_1,0.00029768491610661477,0.004596023438064483,8.893011871289293,0.017253547928081772,10.467017199996917,ok,window_mean,Rolling window mean
2017,37,user_1,0.0003282990125043134,0.005192602911305351,3.7436523680206264,0.018119023497537426,10.813607100000809,ok,window_mean,Rolling window mean
2023,38,user_1,0.0003819222694840894,0.008496195038559298,6.584699416182016,0.019542831664937643,10.954539700000169,ok,window_mean,Rolling window mean
2029,39,user_1,0.0003992941808751167,0.009551279790656914,9.125056847190734,0.019982346730930196,10.567320199999813,ok,window_mean,Rolling window mean
2035,40,user_1,0.00031434826464005834,0.006409943726446393,15.145181299451771,0.017729869278707566,9.926063400002022,ok,window_mean,Rolling window mean
2041,41,user_1,0.000343470867575925,0.005999234379142677,3.5895812010332957,0.018532967047289677,10.091944499999954,ok,window_mean,Rolling window mean
2047,42,user_1,0.000303915688961216,0.004377889154627898,8.356895489908208,0.01743317782164847,9.95686139999816,ok,window_mean,Rolling window mean
2053,43,user_1,0.0003183578089570781,0.004595502788465,3.80731808232624,0.01784258414459851,9.924197900003492,ok,window_mean,Rolling window mean
2059,44,user_1,0.00033428788720426297,0.006198945945290108,7.451987671227905,0.01828354142950055,10.138264299999719,ok,window_mean,Rolling window mean
2065,45,user_1,0.00034116466208404647,0.006143204188710149,5.092635654892597,0.018470643250413518,10.318842500000756,ok,window_mean,Rolling window mean
2071,46,user_1,0.0003153507375863851,0.006587868726131643,16.622452632235028,0.01775811751246131,10.385418000001664,ok,window_mean,Rolling window mean
2077,47,user_1,0.000322563332167141,0.00677327911217006,18.028202298657646,0.017960048222851212,9.860196699999506,ok,window_mean,Rolling window mean
2083,48,user_1,0.0003886658002867098,0.00857500343058888,6.843950827880288,0.019714608803795976,10.230257600000186,ok,window_mean,Rolling window mean
2089,49,user_1,0.00033669966038585785,0.007812792237127579,21.947702463468424,0.01834937765663615,10.389626899999712,ok,window_mean,Rolling window mean
2095,50,user_1,0.0003076651460831558,0.004033233877803356,5.007509191345629,0.01754038614407208,10.539209599999595,ok,window_mean,Rolling window mean
2101,51,user_1,0.00031849648702449884,0.006631265172545607,15.54964714543536,0.01784646987570648,10.331973700001981,ok,window_mean,Rolling window mean
2107,52,user_1,0.00031648418833439345,0.006443200434788316,12.953191139901698,0.017790002482697787,10.581088799997815,ok,window_mean,Rolling window mean
2113,53,user_1,0.00030567288661516334,0.005978308162067475,9.340902615926892,0.017483503270659555,10.688818499998888,ok,window_mean,Rolling window mean
2119,54,user_1,0.000311557105529359,0.005085863614005477,8.286876088301502,0.017650980299387314,10.545812799999112,ok,window_mean,Rolling window mean
2125,55,user_1,0.0003120345616397537,0.004435889389421247,4.5606013528409886,0.017664500039337477,10.738147100000788,ok,window_mean,Rolling window mean
2131,56,user_1,0.00030933655495350606,0.005282551990584423,10.34190551591099,0.017587966197190226,10.646864400001505,ok,window_mean,Rolling window mean
2137,57,user_1,0.00030454729601671907,0.004416044302324769,5.533811677210151,0.017451283506284547,10.596754599999258,ok,window_mean,Rolling window mean
2143,58,user_1,0.0004014394429692961,0.00926577815185909,8.088259385479239,0.020035953757415594,10.203350300002057,ok,window_mean,Rolling window mean
2149,59,user_1,0.0003098140909462952,0.004748197755749054,9.164216516314294,0.01760153660753217,9.894481499999529,ok,window_mean,Rolling window mean
2155,60,user_1,0.0003806751281759809,0.008696652539683259,10.458255458228777,0.019510897677348957,9.972743500002252,ok,window_mean,Rolling window mean
2161,61,user_1,0.00029905162749655607,0.00367949890094963,5.569760971240026,0.01729310924896261,10.999347300003137,ok,window_mean,Rolling window mean
2167,62,user_1,0.00037298189579773394,0.008266549531585043,9.289050239989823,0.019312739210110355,10.200139299999137,ok,window_mean,Rolling window mean
2173,63,user_1,0.00032879019391240857,0.008030293021428637,15.015068576766058,0.018132572732858638,10.135293100000126,ok,window_mean,Rolling window mean
2179,64,user_1,0.00032565465042146277,0.00543491972729037,5.95039241595708,0.018045903979060255,10.255114200001117,ok,window_mean,Rolling window mean
2185,65,user_1,0.0003430903369657679,0.006737406360292761,6.843606463114455,0.018522697885723017,10.49626999999964,ok,window_mean,Rolling window mean
2191,66,user_1,0.00044470297145219446,0.01190609202638679,16.151280589166642,0.021087981682754622,9.776757200001157,ok,window_mean,Rolling window mean
2197,67,user_1,0.0003363098972104656,0.00859047880048867,14.800711210629636,0.01833875397104355,10.332561999999598,ok,window_mean,Rolling window mean
2203,68,user_1,0.00035368831725710286,0.007110189740435548,7.206770561900981,0.018806603022797682,10.52231010000105,ok,window_mean,Rolling window mean
2209,69,user_1,0.00037719516887861545,0.007877764463865209,9.318013390524746,0.01942151304297931,10.41398670000126,ok,window_mean,Rolling window mean
2215,70,user_1,0.00032368511882311795,0.00521018667395508,4.70571941651496,0.017991251174476943,10.141860300002008,ok,window_mean,Rolling window mean
2221,71,user_1,0.0003552913279188448,0.006959751808416301,5.54959984609268,0.018849173136210637,10.418437899999844,ok,window_mean,Rolling window mean
2227,72,user_1,0.0003478086130254264,0.00634202798826669,4.7868296105768815,0.01864962769133546,10.473957900001551,ok,window_mean,Rolling window mean
2233,73,user_1,0.00029768779396204816,0.0028853617046400598,3.7649534663999553,0.01725363132682648,10.56474259999959,ok,window_mean,Rolling window mean
2239,74,user_1,0.0003250855296979853,0.0071625233881938465,13.105656643225775,0.018030128388283464,10.7162258999997,ok,window_mean,Rolling window mean
2245,75,user_1,0.0003434484466210774,0.006244970992976178,5.581786722387226,0.018532362143587562,10.40151799999876,ok,window_mean,Rolling window mean
2251,76,user_1,0.0003579063186441979,0.0067837593123879604,5.443029969075953,0.018918412159697702,9.885769100001198,ok,window_mean,Rolling window mean
2257,77,user_1,0.0003156731021238993,0.006416201743417778,11.67081653486797,0.017767191734314663,10.235093700001016,ok,window_mean,Rolling window mean
2263,78,user_1,0.00033631809987274967,0.005754851402662184,3.746391684283635,0.01833897761252654,10.029386499998509,ok,window_mean,Rolling window mean
2269,79,user_1,0.0003840695814685968,0.008676899943651138,10.9738630794321,0.019597693269071154,9.93423040000198,ok,window_mean,Rolling window mean
2275,80,user_1,0.0003095959216529443,0.005881093989082872,10.264868049845642,0.017595338065889622,10.105602399999043,ok,window_mean,Rolling window mean
2281,81,user_1,0.0003240993311096889,0.007863552121077085,12.48129097362132,0.0180027589860468,10.23125649999929,ok,window_mean,Rolling window mean
2287,82,user_1,0.00037597917395618255,0.008366268532923627,8.047553927075597,0.01939018241162735,10.233347400000639,ok,window_mean,Rolling window mean
2293,83,user_1,0.00032601434150807286,0.005571417375281917,6.480630323856934,0.018055867232234315,10.38038299999971,ok,window_mean,Rolling window mean
2299,84,user_1,0.0003231516526105427,0.005347860685892265,6.56599734261798,0.017976419348984456,9.985646999997698,ok,window_mean,Rolling window mean
2305,85,user_1,0.00037599984630180106,0.00799881821134911,5.79590885652901,0.019390715466475212,10.560109800000646,ok,window_mean,Rolling window mean
2311,86,user_1,0.00040654012216496927,0.008853484439069154,5.97922619389457,0.020162840131414256,10.607490900001721,ok,window_mean,Rolling window mean
2317,87,user_1,0.0003433618980113678,0.006162705000968032,6.722309680280255,0.018530026929591003,10.537245699997584,ok,window_mean,Rolling window mean
2323,88,user_1,0.0003414989621794822,0.005463470417531306,7.495607761669472,0.01847969053256797,10.374277300001268,ok,window_mean,Rolling window mean
2329,89,user_1,0.0003650112903116193,0.007888868669998977,10.27151824775489,0.019105268653217607,10.29486370000086,ok,window_mean,Rolling window mean
2335,90,user_1,0.00029703320136373513,0.003581741556181218,4.519545017002136,0.017234651181957095,10.516875000001164,ok,window_mean,Rolling window mean
2341,91,user_1,0.0003023407493685543,0.003723904467835457,2.9878357370674125,0.01738794839446432,10.383836600001814,ok,window_mean,Rolling window mean
2347,92,user_1,0.0003315930694725813,0.005943038289787075,6.693983623372208,0.01820969712742585,10.205899900000077,ok,window_mean,Rolling window mean
2353,93,user_1,0.0007003714286708518,0.014867840382172613,26.94013547370404,0.026464531521847346,10.419082200001867,ok,window_mean,Rolling window mean
2359,94,user_1,0.0002988101015823142,0.003950207887882647,7.76854246207142,0.017286124539130053,10.065915099999984,ok,window_mean,Rolling window mean
2365,95,user_1,0.00032320534558531006,0.005972884678986063,10.208330721326774,0.017977912714920774,10.215252100002544,ok,window_mean,Rolling window mean
2371,96,user_1,0.0003379804377398725,0.006201666310823848,8.37162462871998,0.018384244279813965,10.135680100000172,ok,window_mean,Rolling window mean
2377,97,user_1,0.00033426620250377834,0.0074931768255049255,16.256458205934212,0.01828294840838803,9.972902900000918,ok,window_mean,Rolling window mean
2383,98,user_1,0.0004480411400575525,0.011158631225664321,11.563490505579841,0.02116698230871733,10.010681300002034,ok,window_mean,Rolling window mean
2389,99,user_1,0.000356057779338184,0.006265459057240761,9.622633162300936,0.018869493351390862,10.347950999999739,ok,window_mean,Rolling window mean
2395,100,user_1,0.0003156541833654122,0.005135273112282934,6.70324096046468,0.017766659319225216,10.319541300003038,ok,window_mean,Rolling window mean
1802,1,user_2,0.00040456942903683126,0.006156213068555028,7.276928706953958,0.020113911331136748,10.233860199998162,ok,window_mean,Rolling window mean
1808,2,user_2,0.0003654790880002563,0.004707983944989665,6.823819650046518,0.01911750736890812,10.28487419999874,ok,window_mean,Rolling window mean
1814,3,user_2,0.0004096240529171583,0.009827784956343535,12.923969974763635,0.02023917125074933,10.641407299997809,ok,window_mean,Rolling window mean
1820,4,user_2,0.0003667435164069606,0.004439607201192027,4.108940907237874,0.019150548723390684,10.263346499999898,ok,window_mean,Rolling window mean
1826,5,user_2,0.00038578321626852317,0.007602357345560418,11.34461455036835,0.01964136492885673,9.835626199997932,ok,window_mean,Rolling window mean
1832,6,user_2,0.00037132496494823766,0.004576395829264862,4.626164277953363,0.019269794107572548,9.784377500000119,ok,window_mean,Rolling window mean
1838,7,user_2,0.00038742437467551184,0.005507430060343098,11.038510096987089,0.019683098706136486,10.016123199999129,ok,window_mean,Rolling window mean
1844,8,user_2,0.0003672808049905638,0.004654633300427626,5.377070443704884,0.01916457160988901,10.325309600000764,ok,window_mean,Rolling window mean
1850,9,user_2,0.00037033410203787494,0.00399929264948577,4.881776930274157,0.01924406667099953,10.172757000000274,ok,window_mean,Rolling window mean
1856,10,user_2,0.00037152489279453603,0.003547030904219297,3.6448934018779724,0.01927498100633399,9.882526599998528,ok,window_mean,Rolling window mean
1862,11,user_2,0.0003659690755844146,0.0029646842288482233,3.1360579987068267,0.019130318230087408,9.999852000000828,ok,window_mean,Rolling window mean
1868,12,user_2,0.0003821156947383738,0.004559306212204277,3.5870533504511535,0.019547779790512625,10.613992400001734,ok,window_mean,Rolling window mean
1874,13,user_2,0.0003783126144280205,0.004720685901093982,6.116441053228547,0.019450260009265186,10.449323200002254,ok,window_mean,Rolling window mean
1880,14,user_2,0.0003923088735088585,0.007749124162243224,7.867426869985993,0.01980678857131712,10.46234380000169,ok,window_mean,Rolling window mean
1886,15,user_2,0.00037031123207876437,0.005402766082087527,8.737291951824497,0.019243472453763753,10.592717800001992,ok,window_mean,Rolling window mean
1892,16,user_2,0.0003761302629896271,0.006113002668299644,8.383829033511514,0.01939407803917544,10.3755790000032,ok,window_mean,Rolling window mean
1898,17,user_2,0.0003854960657127684,0.0049743595606611055,5.08356506234511,0.019634053725931595,10.345970499998657,ok,window_mean,Rolling window mean
1904,18,user_2,0.00037710512152130173,0.006237616144441802,9.06649845112251,0.019419194667166344,10.60884040000019,ok,window_mean,Rolling window mean
1910,19,user_2,0.0003928562708939826,0.005359282234424747,4.253110255393199,0.01982060218293033,10.451122599999508,ok,window_mean,Rolling window mean
1916,20,user_2,0.0003765237584212476,0.006222527942033029,6.636817791872304,0.01940422011886197,10.234297700000752,ok,window_mean,Rolling window mean
1922,21,user_2,0.00036486891671463906,0.004805497287831483,5.573757027258941,0.01910154226010662,10.349431099999492,ok,window_mean,Rolling window mean
1928,22,user_2,0.0003728967545829802,0.005591937690481431,6.684204957567401,0.019310534808310728,9.979162800002086,ok,window_mean,Rolling window mean
1934,23,user_2,0.0005370493671208713,0.012122573052859369,9.84646501243494,0.023174325602288222,10.161629700000049,ok,window_mean,Rolling window mean
1940,24,user_2,0.0003875558392150208,0.006634402549227203,9.648553812773732,0.019686437951417744,10.111617700000352,ok,window_mean,Rolling window mean
1946,25,user_2,0.000391479130298402,0.00774098432658457,8.675791814655788,0.019785831554382596,10.297729400001117,ok,window_mean,Rolling window mean
1952,26,user_2,0.00038770840935603427,0.00475639585081431,3.8009135276416695,0.019690312576392338,9.798540899999352,ok,window_mean,Rolling window mean
1958,27,user_2,0.0003907028204520894,0.006693033980141114,9.819836286359324,0.019766203997027082,10.501640100002987,ok,window_mean,Rolling window mean
1964,28,user_2,0.0004798481166556665,0.010173361981381166,7.767102498595689,0.02190543577872092,10.121332599999732,ok,window_mean,Rolling window mean
1970,29,user_2,0.0003768681528151208,0.006224872457617574,7.548776668234955,0.01941309230429611,10.024049200001173,ok,window_mean,Rolling window mean
1976,30,user_2,0.000415374420887703,0.006626800260482921,3.982603133498739,0.02038073651484909,10.196866599999339,ok,window_mean,Rolling window mean
1982,31,user_2,0.00038718403280941783,0.006185916540724127,7.387588569707436,0.019676992473684027,10.56758389999959,ok,window_mean,Rolling window mean
1988,32,user_2,0.00039163393610934223,0.007439978851161964,12.941558682900201,0.019789743204734676,10.476556699999492,ok,window_mean,Rolling window mean
1994,33,user_2,0.00037982250721044046,0.006150954748026866,8.755781882687982,0.019489035563886696,10.535450899998978,ok,window_mean,Rolling window mean
2000,34,user_2,0.00037948124827396327,0.006391277958522384,8.481991010638172,0.01948027844446694,10.72700149999946,ok,window_mean,Rolling window mean
2006,35,user_2,0.00044543602024813445,0.007935694015397472,5.125063043956997,0.021105355250460353,10.603011800001696,ok,window_mean,Rolling window mean
2012,36,user_2,0.0003821650187038558,0.005930967562170857,8.647317964428087,0.019549041375572764,10.40457609999794,ok,window_mean,Rolling window mean
2018,37,user_2,0.0004184465043438951,0.00664578428249919,3.884435915019014,0.020455965006420378,11.059390499998699,ok,window_mean,Rolling window mean
2024,38,user_2,0.0005377965548114948,0.012362775828317242,9.722465937098114,0.02319044102235865,10.409246299997903,ok,window_mean,Rolling window mean
2030,39,user_2,0.0003887302005388549,0.0070380149939844915,12.47755228654669,0.019716242049103955,10.500005300000339,ok,window_mean,Rolling window mean
2036,40,user_2,0.0004443946974950444,0.007925139652859738,5.694488333630243,0.02108067118227132,10.272660099999484,ok,window_mean,Rolling window mean
2042,41,user_2,0.0003779750742696139,0.005807585020357374,7.968125915241641,0.019441581064039364,9.979935999999725,ok,window_mean,Rolling window mean
2048,42,user_2,0.0003895162153925498,0.005690983676316256,5.184870242438436,0.01973616516430053,10.075920100000076,ok,window_mean,Rolling window mean
2054,43,user_2,0.000514053220904815,0.011042730746209716,7.608961041962535,0.02267274180386693,10.220582999998442,ok,window_mean,Rolling window mean
2060,44,user_2,0.0003752375133715806,0.005311340485267103,8.241292573843594,0.019371048329183956,10.3482757999991,ok,window_mean,Rolling window mean
2066,45,user_2,0.00039535925031121904,0.006196188411514293,5.6266554819016905,0.019883642782730207,10.208678599999985,ok,window_mean,Rolling window mean
2072,46,user_2,0.00042395693574229335,0.007290546860430935,6.101408931673185,0.020590214562803695,10.03808410000056,ok,window_mean,Rolling window mean
2078,47,user_2,0.0004398110895519185,0.0073023395130406635,3.7747108756787746,0.02097167350384605,10.301189100002375,ok,window_mean,Rolling window mean
2084,48,user_2,0.0004590549191481092,0.008818991270190894,5.669021361011785,0.021425566950447523,10.114390200000344,ok,window_mean,Rolling window mean
2090,49,user_2,0.00042061092260552,0.00790004489624289,8.14733884710063,0.02050880110112534,10.415295400001924,ok,window_mean,Rolling window mean
2096,50,user_2,0.00046433990314428204,0.008839814904127101,4.8550636532125955,0.02154854758781394,10.140129200000956,ok,window_mean,Rolling window mean
2102,51,user_2,0.0003735064619566955,0.005254156638184657,6.213135811847521,0.019326315271067464,10.386930200002098,ok,window_mean,Rolling window mean
2108,52,user_2,0.0004300969690903934,0.007180592286845998,3.9699606879173768,0.020738779353915538,9.719856200001232,ok,window_mean,Rolling window mean
2114,53,user_2,0.00043216812936019885,0.007721402172842828,4.761577561200689,0.020788653861185887,10.559270199999446,ok,window_mean,Rolling window mean
2120,54,user_2,0.00045133917005822573,0.009447538468614654,8.65860895607285,0.021244744527958572,10.87778199999957,ok,window_mean,Rolling window mean
2126,55,user_2,0.000373820909338574,0.0052692345212590605,4.919201305034787,0.01933444877255553,10.442561699997896,ok,window_mean,Rolling window mean
2132,56,user_2,0.0004509349854507298,0.007995977105640723,4.225694516614045,0.021235229818646412,10.940156600001501,ok,window_mean,Rolling window mean
2138,57,user_2,0.0003840459004034779,0.006228524590481892,6.2750406318215655,0.019597089079847495,10.32305869999982,ok,window_mean,Rolling window mean
2144,58,user_2,0.0005237066198946058,0.011489007864240992,8.127903898987515,0.022884637202599603,9.91072720000011,ok,window_mean,Rolling window mean
2150,59,user_2,0.0004088459808243067,0.007070539767172408,6.249550458207976,0.020219940178554108,9.824739700001373,ok,window_mean,Rolling window mean
2156,60,user_2,0.00047040149828101363,0.008617578218686252,5.318389142006147,0.021688741279313875,10.141055399999459,ok,window_mean,Rolling window mean
2162,61,user_2,0.00037753326632049516,0.006188556321020752,10.369043890698457,0.019430215292695424,9.969198500002676,ok,window_mean,Rolling window mean
2168,62,user_2,0.0003820314013227083,0.006000980164414137,6.991822445177038,0.019545623584902794,10.480080099998304,ok,window_mean,Rolling window mean
2174,63,user_2,0.0005539656445384771,0.012081843941833117,6.859256532469169,0.023536474768717532,10.261980700001004,ok,window_mean,Rolling window mean
2180,64,user_2,0.00046099947105459797,0.008510693063621655,5.37866637242702,0.021470898235858647,10.242563999996491,ok,window_mean,Rolling window mean
2186,65,user_2,0.0005100936947762958,0.010099338153359914,6.606886098645344,0.02258525392321937,9.897042199998396,ok,window_mean,Rolling window mean
2192,66,user_2,0.00041663319301950383,0.007104001722852059,5.908401065419871,0.020411594573171002,10.259165499999654,ok,window_mean,Rolling window mean
2198,67,user_2,0.0004923174537704198,0.01002795701351499,5.818063096511303,0.022188227819508702,10.428259199998138,ok,window_mean,Rolling window mean
2204,68,user_2,0.00038209741021873173,0.005072397589481467,4.55820367569133,0.01954731209703093,10.378464299999905,ok,window_mean,Rolling window mean
2210,69,user_2,0.0005294851778196596,0.011683739665975312,7.215235054266966,0.02301054492661266,10.50387899999987,ok,window_mean,Rolling window mean
2216,70,user_2,0.0004326701644187067,0.007721673878867357,4.606034974761933,0.020800725093580434,10.242908300002455,ok,window_mean,Rolling window mean
2222,71,user_2,0.00037717632258527106,0.004550894904377137,4.176508581432592,0.01942102784574676,10.28460880000057,ok,window_mean,Rolling window mean
2228,72,user_2,0.0005382471591219753,0.011797195665060442,6.706001082222163,0.02320015429090883,10.783824400001322,ok,window_mean,Rolling window mean
2234,73,user_2,0.0004720435303782865,0.009061838565362397,4.897581949769503,0.02172656278333705,10.525603800000681,ok,window_mean,Rolling window mean
2240,74,user_2,0.0005866947790259257,0.014261107349396188,11.828590877248693,0.024221783151244784,10.499426700000186,ok,window_mean,Rolling window mean
2246,75,user_2,0.0003844402869883391,0.006057585932488826,7.238376362128039,0.01960714887453908,10.692455999997037,ok,window_mean,Rolling window mean
2252,76,user_2,0.00040080845362110596,0.006394617625985894,5.54606363177297,0.020020201138377856,10.366420099999232,ok,window_mean,Rolling window mean
2258,77,user_2,0.0004125459171982139,0.006676907983021869,5.249815125112574,0.020311226383412054,9.753209700000298,ok,window_mean,Rolling window mean
2264,78,user_2,0.0004046357079820023,0.007544700148384982,8.871253566342393,0.020115558853335453,10.213070400001016,ok,window_mean,Rolling window mean
2270,79,user_2,0.0003745600363990492,0.006046548505188483,9.612846993982261,0.019353553585815943,9.954018099997484,ok,window_mean,Rolling window mean
2276,80,user_2,0.0004275183637880371,0.0083447315672648,7.6473250668875625,0.020676517206435836,10.237732900000992,ok,window_mean,Rolling window mean
2282,81,user_2,0.00040517751651016455,0.007388758359556211,7.230810816415094,0.020129021747471103,10.118078999999852,ok,window_mean,Rolling window mean
2288,82,user_2,0.0004090546757172066,0.006791708277765226,5.7845347428340155,0.020225100141092172,10.268046299999696,ok,window_mean,Rolling window mean
2294,83,user_2,0.0004204473876520403,0.006708966613135199,3.9140202484932414,0.02050481376779707,10.313128099998721,ok,window_mean,Rolling window mean
2300,84,user_2,0.0004056347270033313,0.00699232691660513,6.835940512755034,0.020140375542758167,9.873933099999704,ok,window_mean,Rolling window mean
2306,85,user_2,0.0004349162765840492,0.007141761623003654,3.6139365227581752,0.020854646402757568,10.502559399999882,ok,window_mean,Rolling window mean
2312,86,user_2,0.00038063751220061365,0.0062113213564672,9.382419394531201,0.019509933680067024,10.47879020000255,ok,window_mean,Rolling window mean
2318,87,user_2,0.00038432581267342154,0.0062116143528214126,7.449082726115333,0.019604229458803565,10.402050199998484,ok,window_mean,Rolling window mean
2324,88,user_2,0.00044834376754794884,0.008506541691813647,7.367953525328278,0.02117412967628065,10.452058400001988,ok,window_mean,Rolling window mean
2330,89,user_2,0.0003936579725382977,0.006764336815751706,7.8098476426710555,0.01984081582340549,10.68903660000069,ok,window_mean,Rolling window mean
2336,90,user_2,0.000432501505896692,0.0077744420216816846,4.696247956508229,0.020796670548352013,10.101788600000873,ok,window_mean,Rolling window mean
2342,91,user_2,0.000425736364822602,0.007573404382936089,6.194270233329618,0.020633379869100507,10.272166300001118,ok,window_mean,Rolling window mean
2348,92,user_2,0.0004165859120588326,0.008037638293407683,9.59534025989905,0.0204104363515049,10.236916999998357,ok,window_mean,Rolling window mean
2354,93,user_2,0.0004042592073995642,0.0061620685732744415,4.179218868854285,0.020106198233369833,10.331182400001126,ok,window_mean,Rolling window mean
2360,94,user_2,0.00042353784873021093,0.007022892630334981,5.037486927072811,0.02058003519749689,10.122314299998834,ok,window_mean,Rolling window mean
2366,95,user_2,0.00040130640618356577,0.008192150992410567,13.338915088305278,0.02003263353090566,10.118166599997494,ok,window_mean,Rolling window mean
2372,96,user_2,0.000418420307622051,0.0072284840033174005,5.258377733385144,0.02045532467652496,10.184681799997634,ok,window_mean,Rolling window mean
2378,97,user_2,0.00040467315787034384,0.006290868643068485,5.106107860754117,0.020116489700500527,9.841436099999555,ok,window_mean,Rolling window mean
2384,98,user_2,0.00042050993780604507,0.007092836650255543,5.580152843419944,0.02050633896642804,10.249623900002916,ok,window_mean,Rolling window mean
2390,99,user_2,0.00041274775586661483,0.007719719064396769,8.34178099724023,0.020316194423823937,10.059338200000639,ok,window_mean,Rolling window mean
2396,100,user_2,0.00046954204755249524,0.008906155726582937,6.117388271944146,0.021668918929021244,9.918479399999342,ok,window_mean,Rolling window mean
1803,1,user_3,0.000318296940741463,0.007414663616837847,6.183970824321196,0.01784087836238628,10.556555099999969,ok,window_mean,Rolling window mean
1809,2,user_3,0.00034009599363741627,0.006223900146643162,6.265366626605163,0.018441691723847253,10.348410100003093,ok,window_mean,Rolling window mean
1815,3,user_3,0.0002983882232144148,0.002659176289880131,2.034844847362655,0.017273917425251712,10.071528299999045,ok,window_mean,Rolling window mean
1821,4,user_3,0.00031312261241490106,0.005565336090811454,3.3200882490490824,0.017695270905383198,9.93275679999715,ok,window_mean,Rolling window mean
1827,5,user_3,0.00029462690528806005,0.004229607874662037,3.1924131923882526,0.017164699394048823,10.01905799999804,ok,window_mean,Rolling window mean
1833,6,user_3,0.00031951929614223523,0.004505183660907807,4.372033967409063,0.017875102688998327,9.99846450000041,ok,window_mean,Rolling window mean
1839,7,user_3,0.0003372238133998516,0.006556294254509868,5.693796692938945,0.018363654685270347,10.019764900000155,ok,window_mean,Rolling window mean
1845,8,user_3,0.00030373869672196453,0.003682494860408174,2.0454320279764464,0.017428100777823283,9.754918200000247,ok,window_mean,Rolling window mean
1851,9,user_3,0.00031502564164575283,0.006379462499111965,4.440199587074819,0.017748961706132358,9.930603599997994,ok,window_mean,Rolling window mean
1857,10,user_3,0.00031792197113482087,0.00502901392245924,3.333073505366187,0.01783036654516168,9.843340399998851,ok,window_mean,Rolling window mean
1863,11,user_3,0.00029640355312399473,0.003955956299883356,2.6134431919779075,0.01721637456388524,10.007377999998425,ok,window_mean,Rolling window mean
1869,12,user_3,0.0002991031908918985,0.0032540907274638407,1.802155385150014,0.017294600050070497,10.691779500000848,ok,window_mean,Rolling window mean
1875,13,user_3,0.00030918165801994865,0.004607753131714038,3.0245256551199295,0.01758356215389671,10.458619999997609,ok,window_mean,Rolling window mean
1881,14,user_3,0.00030737604714392195,0.005985461998112245,4.923131910735055,0.017532143255857852,10.728911999998672,ok,window_mean,Rolling window mean
1887,15,user_3,0.0002971634132104985,0.004734084223312979,3.758247567816639,0.017238428385746147,10.186607499999809,ok,window_mean,Rolling window mean
1893,16,user_3,0.00030679171237375563,0.005674422542204755,4.189117585862245,0.01751547065807127,10.298853399999643,ok,window_mean,Rolling window mean
1899,17,user_3,0.00030068269638649917,0.0029988945587758986,2.087118563776378,0.01734020462354753,10.926956700001028,ok,window_mean,Rolling window mean
1905,18,user_3,0.00030632981458185985,0.004558660613686589,2.7579182471674883,0.017502280268063927,10.217049300001236,ok,window_mean,Rolling window mean
1911,19,user_3,0.00029753701253962803,0.0028894732348856687,1.5955803954953753,0.017249261217212406,10.525176900002407,ok,window_mean,Rolling window mean
1917,20,user_3,0.0002978496537283253,0.0030351578045883566,1.7582416402928804,0.017258321289404868,10.70034189999933,ok,window_mean,Rolling window mean
1923,21,user_3,0.00031261071164901083,0.006894724226748757,6.762488091369281,0.017680800650677866,9.874726699999883,ok,window_mean,Rolling window mean
1929,22,user_3,0.00030402563267999924,0.004325016068569108,2.3435912042292633,0.017436330826180124,10.042783699998836,ok,window_mean,Rolling window mean
1935,23,user_3,0.00031434426566299696,0.004323196941414085,2.1539813873505755,0.017729756503206608,10.2505788999988,ok,window_mean,Rolling window mean
1941,24,user_3,0.00034073909073236287,0.0065759301449272375,4.177241755722331,0.01845911944628895,9.918670099999872,ok,window_mean,Rolling window mean
1947,25,user_3,0.0003032282613650934,0.005514793129910889,4.301306273387033,0.017413450587551376,10.02968189999956,ok,window_mean,Rolling window mean
1953,26,user_3,0.00032693638452248845,0.005755536017532601,4.209359110036388,0.018081382262495543,9.992929600000934,ok,window_mean,Rolling window mean
1959,27,user_3,0.00030524364014007893,0.0035173158953461995,1.8280412342824262,0.01747122320102628,10.659060099998896,ok,window_mean,Rolling window mean
1965,28,user_3,0.0003019326879027406,0.0030098667205289246,1.329280190575929,0.017376210401084023,10.679968199998257,ok,window_mean,Rolling window mean
1971,29,user_3,0.0002982392626556696,0.004532389382648307,4.1533409611712955,0.0172696051679148,10.40324270000201,ok,window_mean,Rolling window mean
1977,30,user_3,0.0003547700370810229,0.009827085968083328,9.670281307711072,0.018835340110574667,10.368146799999522,ok,window_mean,Rolling window mean
1983,31,user_3,0.0003353481643988683,0.005566229429394071,2.8679547094259137,0.018312513874366575,10.362169899999571,ok,window_mean,Rolling window mean
1989,32,user_3,0.0002968647488618152,0.0034885223110307007,2.1883694166487375,0.017229763459253155,10.123083900001802,ok,window_mean,Rolling window mean
1995,33,user_3,0.0003053544551597415,0.0036396425625365905,2.0092048647833542,0.017474394271611866,10.341927800000121,ok,window_mean,Rolling window mean
2001,34,user_3,0.00030366299869285694,0.0034501780570805906,1.760906289408378,0.01742592891908081,10.745653000001766,ok,window_mean,Rolling window mean
2007,35,user_3,0.00030408323500681254,0.005934807796193892,5.430095055029264,0.0174379825383217,10.237334199999168,ok,window_mean,Rolling window mean
2013,36,user_3,0.0003209945100452706,0.004476556014559906,2.644181917502248,0.017916319656817652,10.663424999998824,ok,window_mean,Rolling window mean
2019,37,user_3,0.00030232021983378596,0.0053098825098226,4.621394616232958,0.017387358046402162,10.894826800002193,ok,window_mean,Rolling window mean
2025,38,user_3,0.0003005965573856247,0.005298413842123324,4.826258343196451,0.017337720651389697,10.554939399997238,ok,window_mean,Rolling window mean
2031,39,user_3,0.0003095604082609549,0.006590821756372164,6.419298684739247,0.017594328866454522,10.617063900001085,ok,window_mean,Rolling window mean
2037,40,user_3,0.0003437339211138611,0.006477774274435681,3.7834393477624344,0.01854006259735552,10.059579400000075,ok,window_mean,Rolling window mean
2043,41,user_3,0.0003154626332421334,0.004866247941767655,3.536378449342456,0.017761267782512975,9.77472729999863,ok,window_mean,Rolling window mean
2049,42,user_3,0.0003125037901566416,0.004194724499172679,2.04921407446056,0.017677776731157162,10.14318209999692,ok,window_mean,Rolling window mean
2055,43,user_3,0.0003719663601689402,0.008406760256091201,5.299105049571782,0.01928642943027403,9.936295799998334,ok,window_mean,Rolling window mean
2061,44,user_3,0.000310560911829437,0.0060881191852084435,5.312208870784265,0.017622738488368855,10.074950700000045,ok,window_mean,Rolling window mean
2067,45,user_3,0.00033024511634268186,0.005636632467171313,3.5721042866018764,0.01817264747753287,10.348157899999933,ok,window_mean,Rolling window mean
2073,46,user_3,0.00033223295499172357,0.0052407800521697126,2.3954894210723783,0.018227258570386377,10.935036800001399,ok,window_mean,Rolling window mean
2079,47,user_3,0.0003103168633835971,0.005315024806608105,3.8208693367310724,0.017615812878876667,10.337768400000641,ok,window_mean,Rolling window mean
2085,48,user_3,0.0003258225494195727,0.005457917930377715,3.386583014693615,0.018050555377039586,10.13462040000013,ok,window_mean,Rolling window mean
2091,49,user_3,0.00029653475658924453,0.004213377328885544,3.285671383686395,0.017220184568965704,10.318116099999315,ok,window_mean,Rolling window mean
2097,50,user_3,0.0003197106624886251,0.0053405334027810695,3.1482240068409424,0.017880454761795773,10.520772500000021,ok,window_mean,Rolling window mean
2103,51,user_3,0.00032962973966674963,0.005252961265397812,2.4214863644879663,0.018155708184115254,10.093435200000386,ok,window_mean,Rolling window mean
2109,52,user_3,0.0003709322847232533,0.007400858667583885,3.675150511807753,0.019259602403041795,10.467899500003114,ok,window_mean,Rolling window mean
2115,53,user_3,0.00031157219719568706,0.00543957899647187,3.848986542062223,0.017651407796424823,10.495693200002279,ok,window_mean,Rolling window mean
2121,54,user_3,0.000321958694702194,0.00455611015725377,2.010185207113685,0.01794320748088797,10.423381699998572,ok,window_mean,Rolling window mean
2127,55,user_3,0.0003018509813003001,0.005191368474205687,4.080729700104607,0.017373859136654127,10.641472199997224,ok,window_mean,Rolling window mean
2133,56,user_3,0.00030106204360452743,0.005335997944907685,4.562520287734222,0.017351139547722143,10.447339500002272,ok,window_mean,Rolling window mean
2139,57,user_3,0.00031889124194504236,0.004807080657606676,2.4753189554701236,0.01785752619891799,10.31356120000055,ok,window_mean,Rolling window mean
2145,58,user_3,0.00030437317529209614,0.004430707967482805,2.7816597044525846,0.017446294027445946,10.154978900001879,ok,window_mean,Rolling window mean
2151,59,user_3,0.0003099373289085957,0.006326952063185512,5.426056611882771,0.017605037032298335,9.948416899998847,ok,window_mean,Rolling window mean
2157,60,user_3,0.00031942738178098243,0.005205389287613229,2.9741167947940395,0.017872531487760274,10.088729600000079,ok,window_mean,Rolling window mean
2163,61,user_3,0.0004114659339295583,0.010343319700582087,6.819813915848035,0.02028462309064574,10.037516999997024,ok,window_mean,Rolling window mean
2169,62,user_3,0.0002906702692897552,0.003148219507342672,2.633351116719088,0.01704905479168142,10.167724800001452,ok,window_mean,Rolling window mean
2175,63,user_3,0.00031506715506876716,0.006934491567733047,6.55119431505223,0.01775013112821331,10.109182399999554,ok,window_mean,Rolling window mean
2181,64,user_3,0.0003394032249932674,0.006826930035853895,4.819680267887227,0.018422899473027242,10.33368849999897,ok,window_mean,Rolling window mean
2187,65,user_3,0.0002945351615980069,0.0036347216333415754,2.3994985778525137,0.017162026733402058,10.207377899998392,ok,window_mean,Rolling window mean
2193,66,user_3,0.00031974660832535486,0.004725550218976657,2.2220905305177254,0.017881459904754836,9.980912700000772,ok,window_mean,Rolling window mean
2199,67,user_3,0.0003028794306321194,0.005219387511154271,4.188273637402983,0.017403431576333426,10.517729200000758,ok,window_mean,Rolling window mean
2205,68,user_3,0.00030308659011362647,0.005469020905057334,4.279270694908365,0.017409382243882936,10.563541800001985,ok,window_mean,Rolling window mean
2211,69,user_3,0.0003074499279362489,0.0060953954075869685,5.459154229763079,0.01753425013897797,10.418636500002322,ok,window_mean,Rolling window mean
2217,70,user_3,0.0003100824568528633,0.00645405811110647,6.011288004588696,0.017609158323238033,10.115982899998926,ok,window_mean,Rolling window mean
2223,71,user_3,0.0003009897672364578,0.004460289477294837,3.3047994586927607,0.017349056667048435,10.798274600001605,ok,window_mean,Rolling window mean
2229,72,user_3,0.0003518490701387185,0.0068279298066912155,3.778305501474687,0.01875764031371533,10.82143189999988,ok,window_mean,Rolling window mean
2235,73,user_3,0.00046051949736039294,0.01173624329875982,6.982981986328696,0.021459718016795862,10.63261870000133,ok,window_mean,Rolling window mean
2241,74,user_3,0.0003145627249649756,0.005357602014278985,3.669030504326908,0.017735916242612774,10.297045999999682,ok,window_mean,Rolling window mean
2247,75,user_3,0.00031423940670616046,0.004910960355641968,2.9550001877442393,0.01772679911056027,10.278572999999597,ok,window_mean,Rolling window mean
2253,76,user_3,0.0002965145258868685,0.004440416428448764,3.511551585396232,0.017219597146474377,9.95953599999848,ok,window_mean,Rolling window mean
2259,77,user_3,0.00031699932914954946,0.004640959160358535,2.403026775355239,0.017804474975397323,10.22801679999975,ok,window_mean,Rolling window mean
2265,78,user_3,0.0003518721477476863,0.007261318978679369,4.203158876905709,0.01875825545587026,10.039097600001696,ok,window_mean,Rolling window mean
2271,79,user_3,0.00033684505476711197,0.006175325474733489,3.77163522949836,0.018353339063154474,10.046823500000755,ok,window_mean,Rolling window mean
2277,80,user_3,0.00029256719206640155,0.003959863907503846,3.417643842160661,0.017104595641709908,10.345885099999578,ok,window_mean,Rolling window mean
2283,81,user_3,0.0003945001607541157,0.009190781933860383,5.7281539353032755,0.019862028112811535,10.072133000001486,ok,window_mean,Rolling window mean
2289,82,user_3,0.0003113697565628288,0.005505674061444437,3.9510552714949245,0.017645672459921408,10.440867700002855,ok,window_mean,Rolling window mean
2295,83,user_3,0.0004857780544674441,0.013425065527221322,9.409976783662671,0.022040373283305437,9.955650899999455,ok,window_mean,Rolling window mean
2301,84,user_3,0.00031004928999614484,0.003903342851924923,1.800085952368822,0.017608216547854723,10.377793299998302,ok,window_mean,Rolling window mean
2307,85,user_3,0.0003357003549238458,0.005548784667541912,2.5705668345839694,0.018322127467186932,10.572905699998955,ok,window_mean,Rolling window mean
2313,86,user_3,0.0003464969886554227,0.0066327161317966355,3.4188879703582433,0.018614429581790107,10.305520899997646,ok,window_mean,Rolling window mean
2319,87,user_3,0.0002996987795912581,0.005231260060546976,4.671873742883467,0.01731181040767424,10.48276149999947,ok,window_mean,Rolling window mean
2325,88,user_3,0.0002991035039419345,0.003963702886533857,2.6631123707207163,0.01729460910058202,10.602534400000877,ok,window_mean,Rolling window mean
2331,89,user_3,0.0005047478865624461,0.014005140167677909,9.851196160083202,0.02246659490359957,10.901662599997508,ok,window_mean,Rolling window mean
2337,90,user_3,0.0003483931198395926,0.0069699642805503715,3.8506838423943432,0.018665291849837028,10.4312342000012,ok,window_mean,Rolling window mean
2343,91,user_3,0.0003585263655420776,0.0070046454383408,3.6240664469055996,0.018934792461024693,10.526946800000587,ok,window_mean,Rolling window mean
2349,92,user_3,0.0003590491537835118,0.007341748626755236,3.7738562685891743,0.018948592395835417,10.241418300000078,ok,window_mean,Rolling window mean
2355,93,user_3,0.0003132689322776807,0.0045572031301318585,2.5196653031277423,0.017699404856595623,10.417247800000041,ok,window_mean,Rolling window mean
2361,94,user_3,0.0003633164060463404,0.007351047117050419,3.645379463668516,0.019060860579898812,9.971329899999546,ok,window_mean,Rolling window mean
2367,95,user_3,0.00034197205889831365,0.006043393736332042,2.996652959450928,0.018492486552605998,9.88609390000056,ok,window_mean,Rolling window mean
2373,96,user_3,0.0004102525032788419,0.009657775550450288,5.432237759982495,0.02025469089566271,10.059939800001303,ok,window_mean,Rolling window mean
2379,97,user_3,0.0003470387397377156,0.006073763914183986,3.1774690285044995,0.01862897581021876,9.989786199999799,ok,window_mean,Rolling window mean
2385,98,user_3,0.00030378885948960344,0.005030659744937564,3.731635359119462,0.01742953985306564,10.052719100000104,ok,window_mean,Rolling window mean
2391,99,user_3,0.00037381993976101245,0.00773054504096941,3.941836204255169,0.019334423698704143,10.087636500000372,ok,window_mean,Rolling window mean
2397,100,user_3,0.0003965797439092298,0.009228616374049188,5.493598646961006,0.01991431002845014,10.333956699996634,ok,window_mean,Rolling window mean
1804,1,user_4,0.0008907520384359035,0.012323795988021507,3.7951682452694904,0.02984546931170464,10.322369099998468,ok,window_mean,Rolling window mean
1810,2,user_4,0.000953450409941951,0.020519339706787224,7.466436579672826,0.030877992323691497,10.634173200000077,ok,window_mean,Rolling window mean
1816,3,user_4,0.0007683238027156137,0.006196539658191699,2.0339180299414568,0.02771865441747874,10.001004000001558,ok,window_mean,Rolling window mean
1822,4,user_4,0.0008318577173556729,0.010641532636044636,3.5194345941092253,0.028841943716671956,10.155746000000363,ok,window_mean,Rolling window mean
1828,5,user_4,0.0007515311264672894,0.006046566616818325,1.7157334323370184,0.02741406803937149,10.693672800000058,ok,window_mean,Rolling window mean
1834,6,user_4,0.0007433238918683376,0.008409263753543639,2.868833628685697,0.027263966913645153,10.091151000000536,ok,window_mean,Rolling window mean
1840,7,user_4,0.0007325493423433194,0.006504714403540691,2.1130337501633516,0.0270656487515692,9.975266599998577,ok,window_mean,Rolling window mean
1846,8,user_4,0.0007851674834969347,0.011711054692513483,4.597127377912516,0.028020840164008905,9.839856399998098,ok,window_mean,Rolling window mean
1852,9,user_4,0.000739979939815448,0.006185718323892777,1.841593441418327,0.027202572301446935,10.313847100002022,ok,window_mean,Rolling window mean
1858,10,user_4,0.0007322011865944819,0.007917261858155588,2.8781141478622008,0.027059216296753345,9.95598500000051,ok,window_mean,Rolling window mean
1864,11,user_4,0.0008333252891299979,0.010601701694777118,3.102334302563688,0.028867374129456214,10.012150700000348,ok,window_mean,Rolling window mean
1870,12,user_4,0.0007806435854099823,0.007270095083457857,1.8378923526205793,0.02793999973890448,10.30556859999706,ok,window_mean,Rolling window mean
1876,13,user_4,0.0008040768214402697,0.009006408539929374,2.454253375710526,0.028356248366810968,10.534198299999844,ok,window_mean,Rolling window mean
1882,14,user_4,0.0007341195115088925,0.006594446190735573,2.0324408295878347,0.02709463990365793,10.520929599999363,ok,window_mean,Rolling window mean
1888,15,user_4,0.0007829985377060214,0.008471312907626191,2.438351052080158,0.027982111030192512,10.436875099996541,ok,window_mean,Rolling window mean
1894,16,user_4,0.0008737850647788084,0.01295802380694957,4.0648910782334795,0.029559855628517682,10.557016999999178,ok,window_mean,Rolling window mean
1900,17,user_4,0.0007555580595377795,0.006225696508090628,1.6741406072254625,0.027487416385280364,10.39499970000179,ok,window_mean,Rolling window mean
1906,18,user_4,0.0008329546568613181,0.009915867598553353,2.6377171137716493,0.028860953845313533,10.512208600001031,ok,window_mean,Rolling window mean
1912,19,user_4,0.0007680773461240213,0.00902862420343683,3.1146905186566585,0.027714208379891015,10.416857500000333,ok,window_mean,Rolling window mean
1918,20,user_4,0.0007411659296758769,0.006739294401822737,2.2058397742525298,0.02722436279650778,10.947353899999143,ok,window_mean,Rolling window mean
1924,21,user_4,0.0007864878027165172,0.007405566777492052,1.8662210934372105,0.02804438986172666,9.822180999999546,ok,window_mean,Rolling window mean
1930,22,user_4,0.0007855043362336012,0.009100536361213073,2.792479490301404,0.028026850273150588,10.054789400001027,ok,window_mean,Rolling window mean
1936,23,user_4,0.0008132373529108191,0.009131420222174249,2.6253229561706917,0.02851731672003555,10.06777510000029,ok,window_mean,Rolling window mean
1942,24,user_4,0.0008686447222906609,0.010625789596413238,2.652128094492436,0.029472779344518238,9.94042989999798,ok,window_mean,Rolling window mean
1948,25,user_4,0.0007730078537162574,0.00798668656081319,2.2761735826380676,0.027803018787826934,10.036476400000538,ok,window_mean,Rolling window mean
1954,26,user_4,0.0008860275415592578,0.009057864693563176,2.1439710119653226,0.029766214767068686,10.0216236999986,ok,window_mean,Rolling window mean
1960,27,user_4,0.0012335126402904354,0.016077064609445347,5.865969122810809,0.03512139860954338,10.411841599998297,ok,window_mean,Rolling window mean
1966,28,user_4,0.0007708180530560363,0.007062423961518956,1.8341297207178653,0.027763610230948647,10.76353620000009,ok,window_mean,Rolling window mean
1972,29,user_4,0.0008904439211519014,0.012346892052765162,3.666097462846881,0.029840306988231563,10.52958519999811,ok,window_mean,Rolling window mean
1978,30,user_4,0.0007863645833188706,0.007968335936600934,2.2183338104906065,0.02804219291209,10.321596900001168,ok,window_mean,Rolling window mean
1984,31,user_4,0.0008012776416513964,0.01004040288665326,3.2554198990373497,0.028306847963900827,10.36212489999889,ok,window_mean,Rolling window mean
1990,32,user_4,0.000744031833461179,0.006324516386368118,1.9138551081127615,0.027276946923385306,10.37938000000213,ok,window_mean,Rolling window mean
1996,33,user_4,0.0009988751085928302,0.015798827513522476,4.8163535158346615,0.03160498550217719,10.539090199999919,ok,window_mean,Rolling window mean
2002,34,user_4,0.0008143226610984722,0.009184083234022528,2.5487132066027027,0.02853633930795035,10.538496100001794,ok,window_mean,Rolling window mean
2008,35,user_4,0.0009518537864151933,0.014185997548310174,4.088011586590205,0.030852127745346725,10.602684900000895,ok,window_mean,Rolling window mean
2014,36,user_4,0.0008517177241968736,0.010939759467785488,3.252073457557965,0.029184203333256737,10.26823130000048,ok,window_mean,Rolling window mean
2020,37,user_4,0.0008355385704474867,0.010390238272410946,3.250388738881085,0.028905684050848663,10.911214200001268,ok,window_mean,Rolling window mean
2026,38,user_4,0.000827344424882834,0.00894819257437318,2.189628825239893,0.0287635954790571,10.603517600000487,ok,window_mean,Rolling window mean
2032,39,user_4,0.0010983496669202577,0.01891234838852496,6.1859368090900615,0.03314135885747985,9.83439019999787,ok,window_mean,Rolling window mean
2038,40,user_4,0.0009198100956143429,0.013239518351356656,3.804529340564101,0.0303283711335499,10.276526699999522,ok,window_mean,Rolling window mean
2044,41,user_4,0.000839868823304962,0.01051128956210961,2.915957554911283,0.02898049039103655,10.086332599999878,ok,window_mean,Rolling window mean
2050,42,user_4,0.0007592908161309607,0.007914818698584555,2.553390815385442,0.027555232100836324,10.041689800000313,ok,window_mean,Rolling window mean
2056,43,user_4,0.001023597044257005,0.016240711014404316,4.822292019858313,0.0319937031969887,9.660409199997957,ok,window_mean,Rolling window mean
2062,44,user_4,0.000817101627926338,0.009574962081499966,2.5931732368337697,0.028584989556169824,10.184366099998442,ok,window_mean,Rolling window mean
2068,45,user_4,0.0007893557504995717,0.008473511504225047,2.4901548224521304,0.028095475623302262,10.118537400001514,ok,window_mean,Rolling window mean
2074,46,user_4,0.0007490861659090183,0.006054229333051586,1.6527946611726296,0.02736943853843221,10.306131000001187,ok,window_mean,Rolling window mean
2080,47,user_4,0.0007459452845728854,0.007607482476715943,2.770418128193278,0.027311998912069497,10.180701799999952,ok,window_mean,Rolling window mean
2086,48,user_4,0.0008057449842126237,0.009488119106097254,2.6933927967558864,0.02838564750384644,10.509286900000006,ok,window_mean,Rolling window mean
2092,49,user_4,0.0010511511790517803,0.01692109496591808,4.996644422060294,0.032421461704429375,10.18151030000081,ok,window_mean,Rolling window mean
2098,50,user_4,0.0010218521199995478,0.016115819022787824,4.707465106767533,0.03196642175783126,10.495328299999528,ok,window_mean,Rolling window mean
2104,51,user_4,0.0007421055363050513,0.0073119921817307336,2.623225963374823,0.027241614054696748,10.31838499999867,ok,window_mean,Rolling window mean
2110,52,user_4,0.0009561798208390431,0.01431287961339773,4.055188309522352,0.03092215744153443,10.556201999999757,ok,window_mean,Rolling window mean
2116,53,user_4,0.0007930335313258455,0.008816737388240781,2.519993005586689,0.02816085104051093,10.750988899999356,ok,window_mean,Rolling window mean
2122,54,user_4,0.0007325551079775419,0.006847284049326856,2.481339503284602,0.027065755263386646,10.533782200000132,ok,window_mean,Rolling window mean
2128,55,user_4,0.0008716860558450274,0.011233477083115902,3.0575942860172556,0.029524329896629786,10.462926000000152,ok,window_mean,Rolling window mean
2134,56,user_4,0.000982538900898458,0.014450350638772997,3.8776333041131887,0.03134547656199309,10.521581599998171,ok,window_mean,Rolling window mean
2140,57,user_4,0.000794447371172578,0.00857019668122677,2.6872198609353006,0.02818594279375054,10.084343899998203,ok,window_mean,Rolling window mean
2146,58,user_4,0.0007565828004515826,0.006673591430356823,1.853845289584008,0.027506050251746118,10.177329800000734,ok,window_mean,Rolling window mean
2152,59,user_4,0.0008978143704220106,0.012694673333868922,3.858766844362461,0.02996355069783971,9.818664100002934,ok,window_mean,Rolling window mean
2158,60,user_4,0.0007960364692090305,0.00832409949124812,2.25380486356736,0.02821411826035027,10.169718799999828,ok,window_mean,Rolling window mean
2164,61,user_4,0.0007873744628614896,0.009091120632091783,2.9078126241671116,0.02806019356421993,10.391102800000226,ok,window_mean,Rolling window mean
2170,62,user_4,0.000802409523910091,0.009434160214596555,2.801397360468623,0.02832683399023073,10.084121199997753,ok,window_mean,Rolling window mean
2176,63,user_4,0.0010203093808954582,0.015594024651480926,4.269220151585513,0.031942282023917114,10.103886100001546,ok,window_mean,Rolling window mean
2182,64,user_4,0.0008279470524295984,0.010020944523097286,2.8799195029650404,0.02877406909753291,10.286639000001742,ok,window_mean,Rolling window mean
2188,65,user_4,0.0009643781843922969,0.015141751074631709,5.025366906650806,0.031054439044882084,10.071578200000658,ok,window_mean,Rolling window mean
2194,66,user_4,0.0008215933149196775,0.00988372384860798,3.0239053116743273,0.02866344911066492,10.545922400000563,ok,window_mean,Rolling window mean
2200,67,user_4,0.001200293926256629,0.020751129735989585,6.478101013027239,0.03464525835170852,10.472187600000325,ok,window_mean,Rolling window mean
2206,68,user_4,0.000946327074169644,0.014174979257194414,4.221675985427369,0.03076242958821107,10.154816400001437,ok,window_mean,Rolling window mean
2212,69,user_4,0.0010096479025333929,0.015918913272006525,4.710172973272033,0.031774957160213335,10.528075199999876,ok,window_mean,Rolling window mean
2218,70,user_4,0.0010469718965057818,0.017406048124126165,5.572262066105033,0.03235694510465693,10.363696299998992,ok,window_mean,Rolling window mean
2224,71,user_4,0.00075612948319008,0.009121484447021856,3.664157530461724,0.027497808697968643,10.849566799999593,ok,window_mean,Rolling window mean
2230,72,user_4,0.000780533354909032,0.007924458802894612,2.2215163784843024,0.027938027040380498,10.521966799999063,ok,window_mean,Rolling window mean
2236,73,user_4,0.0008197201978089577,0.009639727255823623,2.652017345685448,0.02863075615154021,10.602817399998457,ok,window_mean,Rolling window mean
2242,74,user_4,0.0008120049729237502,0.00916631852161838,2.6245134157014443,0.028495700955122164,10.514481700000033,ok,window_mean,Rolling window mean
2248,75,user_4,0.0007790122995671197,0.007696876754279689,2.234870004237855,0.02791079181189813,10.24701880000066,ok,window_mean,Rolling window mean
2254,76,user_4,0.0008911936006239374,0.012617920763823278,4.048820946347211,0.029852865869526454,10.253186200003256,ok,window_mean,Rolling window mean
2260,77,user_4,0.0008773429757739845,0.01163938073910074,3.257496772097903,0.029619975958362705,9.987158800002362,ok,window_mean,Rolling window mean
2266,78,user_4,0.0009366360397191725,0.013876014850382916,4.105040300429986,0.030604510120555314,9.979743699997925,ok,window_mean,Rolling window mean
2272,79,user_4,0.000802386363100522,0.008699604860259615,2.458274846203801,0.02832642517333456,10.206891800000449,ok,window_mean,Rolling window mean
2278,80,user_4,0.0008664503502468394,0.011517782451805394,3.506268191367501,0.029435528706765902,10.163905199999135,ok,window_mean,Rolling window mean
2284,81,user_4,0.0008758184558931911,0.011561283477844549,3.2053972082066915,0.02959423011151314,10.11621820000073,ok,window_mean,Rolling window mean
2290,82,user_4,0.0012260553257402655,0.0217142272694339,7.211123767005119,0.03501507283642668,10.089437499998894,ok,window_mean,Rolling window mean
2296,83,user_4,0.0007457541297086541,0.006326936494851463,1.889715691761739,0.027308499221096977,10.103703900000255,ok,window_mean,Rolling window mean
2302,84,user_4,0.0007314034304194557,0.006560309618523321,2.3360764247702277,0.027044471346644134,10.263926399999036,ok,window_mean,Rolling window mean
2308,85,user_4,0.0007498079233223001,0.008047860091990813,2.8995794218421973,0.02738262082639827,10.539997799998673,ok,window_mean,Rolling window mean
2314,86,user_4,0.000754635602403651,0.006437754902640048,1.7342406583278986,0.02747063163459572,10.462764399999287,ok,window_mean,Rolling window mean
2320,87,user_4,0.0010647589848208148,0.01757258348660659,5.542639707229304,0.032630644872892335,10.494714200001908,ok,window_mean,Rolling window mean
2326,88,user_4,0.0010031037874913761,0.016020608174411668,4.981424480339179,0.03167181377015494,10.350947400002042,ok,window_mean,Rolling window mean
2332,89,user_4,0.0008602222317557557,0.0109945541595843,3.0378093714054604,0.029329545372469647,10.778670499999862,ok,window_mean,Rolling window mean
2338,90,user_4,0.0009024815746665165,0.01245546738690251,3.449784266000127,0.03004133110676883,10.398274900002434,ok,window_mean,Rolling window mean
2344,91,user_4,0.0011278777060852176,0.01934789161378859,6.349216080620533,0.033583890573982304,10.473704699998052,ok,window_mean,Rolling window mean
2350,92,user_4,0.0008536181490567104,0.010747551603607379,3.015425648341517,0.029216744326784776,10.644399699998758,ok,window_mean,Rolling window mean
2356,93,user_4,0.0008022906360811597,0.008884705667342388,2.5961190547730513,0.02832473541061169,10.117879299999913,ok,window_mean,Rolling window mean
2362,94,user_4,0.0012652480677217436,0.02284035868270518,7.7431630165037815,0.0355703256622953,9.867494499998429,ok,window_mean,Rolling window mean
2368,95,user_4,0.0009361112482141668,0.01387348881485056,4.2846433685712615,0.03059593515835342,10.189324599999964,ok,window_mean,Rolling window mean
2374,96,user_4,0.0007859202424376857,0.009199197225063111,2.9014172710046484,0.028034269072649026,10.129767400001583,ok,window_mean,Rolling window mean
2380,97,user_4,0.0010455300970839004,0.017347735280899418,5.661779594068163,0.032334657831557465,10.021883199999138,ok,window_mean,Rolling window mean
2386,98,user_4,0.0007738809530755641,0.008878490650848263,2.913602354095149,0.02781871587754482,10.258821200000966,ok,window_mean,Rolling window mean
2392,99,user_4,0.0009517072551028172,0.013913155778108253,3.8001193687744816,0.030849752918018926,10.303891000003205,ok,window_mean,Rolling window mean
2398,100,user_4,0.0008453301949978678,0.010368052521423556,2.875822645317781,0.029074562679391548,10.156956900002115,ok,window_mean,Rolling window mean
